Sequence    		tRNA   	Bounds 	tRNA	Anti	Intron Bounds	Inf	      
Name        	tRNA #	Begin  	End    	Type	Codon	Begin	End	Score	Note
--------    	------	-----  	------ 	----	-----	-----	----	------	------
NC_002971.4 	1	142604 	142676 	Thr	CGT	0	0	77.1	
NC_002971.4 	2	167224 	167300 	Ile	GAT	0	0	88.3	
NC_002971.4 	3	167305 	167380 	Ala	TGC	0	0	88.5	
NC_002971.4 	4	192923 	192995 	Thr	TGT	0	0	79.1	
NC_002971.4 	5	205880 	205961 	Tyr	GTA	0	0	73.2	
NC_002971.4 	6	206092 	206162 	Gly	TCC	0	0	74.2	
NC_002971.4 	7	206165 	206240 	Thr	GGT	0	0	81.1	
NC_002971.4 	8	207635 	207710 	Trp	CCA	0	0	87.0	
NC_002971.4 	9	368913 	368988 	Lys	TTT	0	0	90.3	
NC_002971.4 	10	610365 	610438 	Pro	TGG	0	0	73.2	
NC_002971.4 	11	611966 	612039 	Arg	TCT	0	0	77.9	
NC_002971.4 	12	612144 	612219 	His	GTG	0	0	74.8	
NC_002971.4 	13	654379 	654451 	Lys	CTT	0	0	76.9	
NC_002971.4 	14	679138 	679222 	Leu	TAG	0	0	75.7	
NC_002971.4 	15	711380 	711454 	Val	GAC	0	0	76.7	
NC_002971.4 	16	888992 	889062 	Gly	CCC	0	0	75.2	
NC_002971.4 	17	892880 	892955 	Phe	GAA	0	0	81.5	
NC_002971.4 	18	941002 	941085 	Leu	CAG	0	0	66.5	
NC_002971.4 	19	959657 	959727 	Cys	GCA	0	0	65.1	
NC_002971.4 	20	959771 	959858 	Leu	TAA	0	0	80.7	
NC_002971.4 	21	964310 	964418 	Leu	TAA	0	0	26.5	
NC_002971.4 	22	980127 	980203 	Arg	ACG	0	0	87.0	
NC_002971.4 	23	1043224	1043300	Arg	CCT	0	0	75.8	
NC_002971.4 	24	1110870	1110946	Arg	TCG	0	0	86.8	
NC_002971.4 	25	1759162	1759236	Gln	TTG	0	0	72.8	
NC_002971.4 	26	1772859	1772932	Met	CAT	0	0	75.0	
NC_002971.4 	27	1546196	1546120	Ile2	CAT	0	0	81.9	
NC_002971.4 	28	1418451	1418379	Val	TAC	0	0	83.8	
NC_002971.4 	29	1418276	1418200	Asp	GTC	0	0	90.9	
NC_002971.4 	30	1401999	1401918	Leu	GAG	0	0	61.7	
NC_002971.4 	31	1386998	1386922	fMet	CAT	0	0	74.2	
NC_002971.4 	32	1267183	1267110	Pro	GGG	0	0	66.6	
NC_002971.4 	33	1163395	1163305	Ser	CGA	0	0	72.0	
NC_002971.4 	34	1128491	1128402	Ser	TGA	0	0	92.2	
NC_002971.4 	35	992917 	992826 	Ser	GCT	0	0	91.8	
NC_002971.4 	36	976247 	976172 	Gly	GCC	0	0	88.7	
NC_002971.4 	37	744668 	744582 	Leu	CAA	0	0	85.4	
NC_002971.4 	38	604756 	604666 	Ser	GGA	0	0	81.1	
NC_002971.4 	39	458665 	458590 	Asn	GTT	0	0	81.1	
NC_002971.4 	40	342960 	342887 	Pro	CGG	0	0	76.4	
NC_002971.4 	41	255594 	255519 	Glu	CTC	0	0	61.4	
NC_002971.4 	42	93392  	93320  	Ala	GGC	0	0	68.2	
NC_002971.4 	43	93275  	93200  	Glu	TTC	0	0	61.7	
NC_006055.1 	1	130741 	130816 	His	GTG	0	0	67.4	
NC_006055.1 	2	190972 	191047 	Asn	GTT	0	0	82.3	
NC_006055.1 	3	191056 	191131 	Glu	TTC	0	0	64.1	
NC_006055.1 	4	191141 	191216 	Val	TAC	0	0	77.7	
NC_006055.1 	5	191226 	191301 	Thr	TGT	0	0	87.4	
NC_006055.1 	6	191418 	191493 	Lys	TTT	0	0	76.1	
NC_006055.1 	7	191498 	191581 	Leu	TAG	0	0	73.4	
NC_006055.1 	8	326734 	326807 	Gly	TCC	0	0	75.9	
NC_006055.1 	9	691891 	691816 	Sup	TCA	0	0	83.1	
NC_006055.1 	10	691774 	691699 	Trp	CCA	0	0	78.1	
NC_006055.1 	11	616356 	616280 	Arg	TCT	0	0	77.9	
NC_006055.1 	12	596839 	596765 	Cys	GCA	0	0	71.5	
NC_006055.1 	13	596625 	596549 	Arg	ACG	0	0	81.9	
NC_006055.1 	14	596501 	596425 	Pro	TGG	0	0	83.1	
NC_006055.1 	15	596411 	596336 	Ala	TGC	0	0	82.5	
NC_006055.1 	16	596326 	596250 	Met	CAT	0	0	85.4	
NC_006055.1 	17	596241 	596165 	Ile2	CAT	0	0	85.3	
NC_006055.1 	18	596126 	596034 	Ser	TGA	0	0	85.5	
NC_006055.1 	19	596023 	595948 	fMet	CAT	0	0	83.8	
NC_006055.1 	20	595940 	595864 	Asp	GTC	0	0	79.8	
NC_006055.1 	21	595861 	595786 	Phe	GAA	0	0	75.9	
NC_006055.1 	22	576701 	576625 	Ile	GAT	0	0	79.8	
NC_006055.1 	23	562744 	562655 	Ser	GCT	0	0	76.3	
NC_006055.1 	24	441904 	441829 	Thr	AGT	0	0	86.9	
NC_006055.1 	25	441821 	441738 	Tyr	GTA	0	0	72.5	
NC_006055.1 	26	441732 	441658 	Gln	TTG	0	0	68.9	
NC_006055.1 	27	441652 	441577 	Lys	TTT	0	0	76.1	
NC_006055.1 	28	441569 	441481 	Leu	TAA	0	0	65.9	
NC_006055.1 	29	251135 	251051 	Leu	CAA	0	0	70.3	
NC_007633.1 	1	380276 	380365 	Ser	GCT	0	0	80.4	
NC_007633.1 	2	396221 	396294 	Gly	TCC	0	0	76.6	
NC_007633.1 	3	496721 	496796 	Thr	AGT	0	0	88.0	
NC_007633.1 	4	496803 	496886 	Tyr	GTA	0	0	72.7	
NC_007633.1 	5	496894 	496968 	Gln	TTG	0	0	68.9	
NC_007633.1 	6	496973 	497048 	Lys	TTT	0	0	84.9	
NC_007633.1 	7	497057 	497145 	Leu	TAA	0	0	69.4	
NC_007633.1 	8	863181 	863257 	Arg	ACG	0	0	79.4	
NC_007633.1 	9	863305 	863381 	Pro	TGG	0	0	82.2	
NC_007633.1 	10	863392 	863467 	Ala	TGC	0	0	82.2	
NC_007633.1 	11	863473 	863549 	Met	CAT	0	0	83.5	
NC_007633.1 	12	863562 	863638 	Ile2	CAT	0	0	85.3	
NC_007633.1 	13	863680 	863772 	Ser	TGA	0	0	85.5	
NC_007633.1 	14	863795 	863870 	fMet	CAT	0	0	90.8	
NC_007633.1 	15	863873 	863949 	Asp	GTC	0	0	79.8	
NC_007633.1 	16	863956 	864031 	Phe	GAA	0	0	76.2	
NC_007633.1 	17	959880 	959955 	Lys	TTT	0	0	84.9	
NC_007633.1 	18	959957 	960040 	Leu	TAG	0	0	71.6	
NC_007633.1 	19	885770 	885696 	Cys	GCA	0	0	67.1	
NC_007633.1 	20	876158 	876092 	Undet	NNN	0	0	28.0	
NC_007633.1 	21	817123 	817048 	Asn	GTT	0	0	75.8	
NC_007633.1 	22	817040 	816965 	Glu	TTC	0	0	64.1	
NC_007633.1 	23	816957 	816882 	Val	TAC	0	0	84.0	
NC_007633.1 	24	816869 	816794 	Thr	TGT	0	0	84.2	
NC_007633.1 	25	786845 	786769 	Ile	GAT	0	0	79.8	
NC_007633.1 	26	775292 	775217 	His	GTG	0	0	61.7	
NC_007633.1 	27	772908 	772833 	Sup	TCA	0	0	78.4	
NC_007633.1 	28	772795 	772721 	Trp	CCA	0	0	76.5	
NC_007633.1 	29	642586 	642510 	Arg	TCT	0	0	74.1	
NC_007633.1 	30	580184 	580100 	Leu	CAA	0	0	67.7	
NC_007633.1 	31	74368  	74293  	Lys	CTT	0	0	75.0	
NC_015958.1 	1	31711  	31800  	Ser	TGA	0	0	78.5	
NC_015958.1 	2	31834  	31927  	Ser	GCT	0	0	81.3	
NC_015958.1 	3	36217  	36293  	Arg	ACG	0	0	83.8	
NC_015958.1 	4	57298  	57388  	Ser	CGA	0	0	89.6	
NC_015958.1 	5	57444  	57537  	Ser	GGA	0	0	85.8	
NC_015958.1 	6	70747  	70821  	Asn	GTT	0	0	80.8	
NC_015958.1 	7	70835  	70909  	Gly	CCC	0	0	90.9	
NC_015958.1 	8	576869 	576944 	Pro	TGG	0	0	80.3	
NC_015958.1 	9	576949 	577024 	Val	TAC	0	0	86.3	
NC_015958.1 	10	577047 	577132 	Tyr	GTA	0	0	75.9	
NC_015958.1 	11	686112 	686188 	Arg	CCT	0	0	79.2	
NC_015958.1 	12	736988 	737061 	Gly	TCC	0	0	85.6	
NC_015958.1 	13	737066 	737142 	Arg	TCT	0	0	87.9	
NC_015958.1 	14	737154 	737230 	His	GTG	0	0	74.3	
NC_015958.1 	15	737234 	737308 	Gln	TTG	0	0	79.7	
NC_015958.1 	16	737316 	737391 	Lys	TTT	0	0	75.4	
NC_015958.1 	17	737425 	737511 	Leu	CAG	0	0	60.6	
NC_015958.1 	18	737519 	737594 	Gly	GCC	0	0	89.0	
NC_015958.1 	19	737609 	737685 	Arg	TCG	0	0	76.1	
NC_015958.1 	20	737724 	737799 	Lys	CTT	0	0	89.2	
NC_015958.1 	21	770094 	770178 	Leu	TAG	0	0	77.0	
NC_015958.1 	22	927883 	927957 	Pro	CGG	0	0	77.3	
NC_015958.1 	23	1004472	1004556	Leu	GAG	0	0	56.2	
NC_015958.1 	24	1103366	1103441	Ala	GGC	0	0	80.1	
NC_015958.1 	25	1511017	1511092	Trp	CCA	0	0	88.3	
NC_015958.1 	26	1971280	1971355	Arg	CCG	0	0	81.3	
NC_015958.1 	27	2726197	2726122	Thr	TGT	0	0	79.8	
NC_015958.1 	28	2477513	2477424	Leu	TAA	0	0	79.2	
NC_015958.1 	29	2477419	2477343	fMet	CAT	0	0	78.4	
NC_015958.1 	30	2477335	2477259	Met	CAT	0	0	73.4	
NC_015958.1 	31	2382493	2382419	Glu	TTC	0	0	77.4	
NC_015958.1 	32	2312133	2312058	Thr	GGT	0	0	73.0	
NC_015958.1 	33	2273719	2273644	Ala	TGC	0	0	86.9	
NC_015958.1 	34	2273642	2273566	Ile	GAT	0	0	86.0	
NC_015958.1 	35	2270468	2270394	Asn	GTT	0	0	80.8	
NC_015958.1 	36	2270387	2270313	Glu	TTC	0	0	77.3	
NC_015958.1 	37	2270303	2270228	Ile2	CAT	0	0	83.2	
NC_015958.1 	38	2270204	2270128	Asp	GTC	0	0	86.9	
NC_015958.1 	39	2270118	2270043	Phe	GAA	0	0	78.6	
NC_015958.1 	40	2270014	2269940	Thr	CGT	0	0	86.0	
NC_015958.1 	41	2253423	2253338	Tyr	GTA	0	0	74.1	
NC_015958.1 	42	2253334	2253259	Lys	TTT	0	0	75.4	
NC_015958.1 	43	1680717	1680643	Asn	GTT	0	0	80.9	
NC_015958.1 	44	1680636	1680561	Ile2	CAT	0	0	83.2	
NC_015958.1 	45	1676361	1676285	Val	GAC	0	0	80.8	
NC_015958.1 	46	1676264	1676189	Ala	CGC	0	0	80.9	
NC_015958.1 	47	1672911	1672835	Val	CAC	0	0	81.7	
NC_015958.1 	48	1665469	1665394	Val	TAC	0	0	86.3	
NC_015958.1 	49	1665392	1665316	Asp	GTC	0	0	86.9	
NC_015958.1 	50	1665310	1665235	Phe	GAA	0	0	82.4	
NC_015958.1 	51	1665230	1665155	Gly	GCC	0	0	89.0	
NC_015958.1 	52	1665150	1665076	Cys	GCA	0	0	79.0	
NC_015958.1 	53	1641234	1641159	Ala	TGC	0	0	86.9	
NC_015958.1 	54	1574741	1574666	Pro	GGG	0	0	68.7	
NC_015958.1 	55	1170137	1170049	Leu	CAA	0	0	77.5	
NC_015958.1 	56	1053441	1053368	Gln	CTG	0	0	61.9	
NC_015958.1 	57	1053363	1053288	Glu	CTC	0	0	69.5	
NZ_AAYN02000002.1	1	154170 	154243 	Gly	GCC	0	0	72.5	
NZ_AAYN02000002.1	2	190653 	190729 	Ile	GAT	0	0	78.5	
NZ_AAYN02000002.1	3	190733 	190808 	Ala	TGC	0	0	73.2	
NZ_AAYN02000002.1	4	291779 	291857 	His	GTG	0	0	67.2	
NZ_AAYN02000002.1	5	345967 	346050 	Tyr	GTA	0	0	67.4	
NZ_AAYN02000002.1	6	346056 	346130 	Gln	TTG	0	0	66.5	
NZ_AAYN02000002.1	7	346197 	346271 	Lys	TTT	0	0	75.6	
NZ_AAYN02000002.1	8	346335 	346420 	Leu	TAA	0	0	74.9	
NZ_AAYN02000002.1	9	346426 	346499 	Gly	TCC	0	0	79.9	
NZ_AAYN02000002.1	10	701046 	701120 	Sup	TCA	0	0	73.7	
NZ_AAYN02000002.1	11	859736 	859648 	Ser	GCT	0	0	77.8	
NZ_AAYN02000002.1	12	742099 	742024 	Trp	CCA	0	0	77.3	
NZ_AAYN02000002.1	13	715750 	715676 	Asn	GTT	0	0	83.5	
NZ_AAYN02000002.1	14	715674 	715598 	Glu	TTC	0	0	59.0	
NZ_AAYN02000002.1	15	715551 	715476 	Val	TAC	0	0	85.0	
NZ_AAYN02000002.1	16	715474 	715399 	Thr	TGT	0	0	82.3	
NZ_AAYN02000002.1	17	715328 	715253 	Lys	CTT	0	0	76.4	
NZ_AAYN02000002.1	18	715248 	715165 	Leu	TAG	0	0	65.9	
NZ_AAYN02000002.1	19	698329 	698253 	Arg	TCT	0	0	85.4	
NZ_AAYN02000002.1	20	698171 	698095 	Arg	TCG	0	0	77.8	
NZ_AAYN02000002.1	21	693047 	692973 	Cys	GCA	0	0	62.3	
NZ_AAYN02000002.1	22	692968 	692892 	Arg	ACG	0	0	74.1	
NZ_AAYN02000002.1	23	692845 	692769 	Pro	TGG	0	0	83.2	
NZ_AAYN02000002.1	24	692764 	692688 	Met	CAT	0	0	77.0	
NZ_AAYN02000002.1	25	692685 	692608 	Ile2	CAT	0	0	72.5	
NZ_AAYN02000002.1	26	692539 	692447 	Ser	TGA	0	0	81.0	
NZ_AAYN02000002.1	27	692388 	692312 	fMet	CAT	0	0	71.8	
NZ_AAYN02000002.1	28	692309 	692234 	Asp	GTC	0	0	58.3	
NZ_AAYN02000002.1	29	692232 	692157 	Phe	GAA	0	0	79.0	
NZ_AAYN02000002.1	30	506977 	506896 	Leu	CAA	0	0	66.2	
NZ_ABCS01000184.1	1	5580   	5508   	Glu	TTC	0	0	69.8	
NZ_ABCS01000184.1	2	5498   	5426   	Lys	TTT	0	0	82.0	
NZ_ABCS01000138.1	1	21164  	21237  	Pro	TGG	0	0	73.5	
NZ_ABCS01000138.1	2	21245  	21317  	Arg	TCT	0	0	79.2	
NZ_ABCS01000120.1	1	16616  	16698  	Leu	TAA	0	0	65.2	
NZ_ABCS01000119.1	1	23709  	23636  	His	GTG	0	0	73.0	
NZ_ABCS01000109.1	1	26888  	26815  	Asp	GTC	0	0	82.7	
NZ_ABCS01000108.1	1	13436  	13508  	Ala	GGC	0	0	71.6	
NZ_ABCS01000105.1	1	21895  	21824  	Thr	GGT	0	0	62.7	
NZ_ABCS01000105.1	2	21754  	21684  	Asp	GTC	0	0	48.1	
NZ_ABCS01000099.1	1	936    	863    	Arg	TCG	0	0	73.8	
NZ_ABCS01000098.1	1	8763   	8689   	Gln	TTG	0	0	70.5	
NZ_ABCS01000092.1	1	22175  	22103  	Arg	CCT	0	0	32.7	
NZ_ABCS01000090.1	1	30252  	30325  	Arg	ACG	0	0	77.8	
NZ_ABCS01000090.1	2	29222  	29136  	Ser	GCT	0	0	81.2	
NZ_ABCS01000087.1	1	353    	281    	Gly	GCC	0	0	80.8	
NZ_ABCS01000082.1	1	32661  	32731  	Undet	NNN	0	0	56.1	
NZ_ABCS01000070.1	1	15357  	15285  	Met	CAT	0	0	59.0	
NZ_ABCS01000070.1	2	15252  	15180  	Ala	TGC	0	0	53.1	
NZ_ABCS01000069.1	1	6584   	6657   	Ile	GAT	0	0	85.9	
NZ_ABCS01000069.1	2	6708   	6780   	Ala	TGC	0	0	68.5	
NZ_ABCS01000066.1	1	46260  	46331  	Asn	GTT	0	0	49.1	pseudo
NZ_ABCS01000066.1	2	46363  	46434  	Glu	TTC	0	0	53.6	
NZ_ABCS01000066.1	3	46455  	46526  	Glu	CTC	0	0	48.6	
NZ_ABCS01000066.1	4	46547  	46618  	Glu	CTC	0	0	51.5	
NZ_ABCS01000065.1	1	46494  	46422  	Thr	TGT	0	0	71.8	
NZ_ABCS01000065.1	2	46376  	46293  	Tyr	GTA	0	0	73.5	
NZ_ABCS01000065.1	3	46283  	46208  	Gly	TCC	0	0	88.8	
NZ_ABCS01000065.1	4	46150  	46075  	Thr	GGT	0	0	83.0	
NZ_ABCS01000065.1	5	44346  	44274  	Trp	CCA	0	0	80.7	
NZ_ABCS01000059.1	1	25646  	25574  	Gln	TTG	0	0	63.0	
NZ_ABCS01000051.1	1	48646  	48718  	Phe	GAA	0	0	75.1	
NZ_ABCS01000045.1	1	28597  	28526  	Thr	CGT	0	0	46.2	
NZ_ABCS01000045.1	2	28421  	28350  	His	GTG	0	0	58.7	
NZ_ABCS01000040.1	1	72030  	71958  	Asn	GTT	0	0	74.3	
NZ_ABCS01000038.1	1	49598  	49527  	Val	CAC	0	0	77.7	
NZ_ABCS01000037.1	1	37258  	37322  	Thr	CGT	0	0	54.1	
NZ_ABCS01000034.1	1	63251  	63178  	Pro	CGG	0	0	73.0	
NZ_ABCS01000030.1	1	43825  	43732  	SeC	TCA	0	0	96.5	
NZ_ABCS01000028.1	1	48742  	48669  	Arg	CCG	0	0	80.9	
NZ_ABCS01000026.1	1	24753  	24826  	Val	TAC	0	0	71.5	
NZ_ABCS01000024.1	1	16921  	16993  	Ile	GAT	0	0	61.8	
NZ_ABCS01000024.1	2	17056  	17126  	Val	GAC	0	0	62.7	
NZ_ABCS01000024.1	3	17146  	17218  	Val	CAC	0	0	51.2	
NZ_ABCS01000024.1	4	17242  	17314  	Ile2	CAT	0	0	50.4	
NZ_ABCS01000024.1	5	17459  	17532  	Phe	GAA	0	0	43.3	
NZ_ABCS01000024.1	6	17663  	17736  	Lys	CTT	0	0	68.7	
NZ_ABCS01000024.1	7	17814  	17887  	Lys	TTT	0	0	56.9	
NZ_ABCS01000023.1	1	38220  	38293  	Pro	GGG	0	0	72.2	
NZ_ABCS01000023.1	2	84621  	84538  	Leu	CAA	0	0	65.7	
NZ_ABCS01000023.1	3	76469  	76397  	Arg	CCT	0	0	77.0	
NZ_ABCS01000023.1	4	51488  	51418  	Gln	CTG	0	0	51.8	
NZ_ABCS01000023.1	5	51341  	51270  	Glu	CTC	0	0	66.8	
NZ_ABCS01000023.1	6	29062  	28991  	Val	GAC	0	0	64.3	
NZ_ABCS01000020.1	1	124661 	124734 	Ile2	CAT	0	0	72.3	
NZ_ABCS01000016.1	1	41461  	41545  	Ser	CGA	0	0	70.6	
NZ_ABCS01000016.1	2	41630  	41714  	Ser	GGA	0	0	73.6	
NZ_ABCS01000016.1	3	79551  	79479  	Ala	CGC	0	0	71.7	
NZ_ABCS01000015.1	1	3206   	3293   	Ser	GGA	0	0	38.0	
NZ_ABCS01000015.1	2	3312   	3399   	Ser	GCT	0	0	31.0	
NZ_ABCS01000015.1	3	3430   	3499   	Ser	CGA	0	0	8.5	pseudo
NZ_ABCS01000015.1	4	3627   	3697   	Gly	GCC	0	0	64.5	
NZ_ABCS01000015.1	5	3720   	3792   	Gly	TCC	0	0	58.8	
NZ_ABCS01000015.1	6	3819   	3890   	Ala	TGC	0	0	65.8	
NZ_ABCS01000015.1	7	4137   	4208   	Ala	GGC	0	0	66.7	
NZ_ABCS01000015.1	8	4257   	4324   	Trp	CCA	0	0	20.3	
NZ_ABCS01000015.1	9	4347   	4420   	Cys	GCA	0	0	53.7	
NZ_ABCS01000013.1	1	105200 	105330 	Undet	NNN	0	0	43.0	
NZ_ABCS01000013.1	2	105363 	105494 	Thr	TGT	0	0	37.7	
NZ_ABCS01000013.1	3	105576 	105704 	Asn	GTT	0	0	41.2	
NZ_ABCS01000012.1	1	39198  	39284  	Ser	TGA	0	0	81.5	
NZ_ABCS01000011.1	1	69731  	69804  	fMet	CAT	0	0	68.5	
NZ_ABCS01000011.1	2	118586 	118658 	Thr	CGT	0	0	81.4	
NZ_ABCS01000011.1	3	129924 	129851 	Met	CAT	0	0	66.9	
NZ_ABCS01000010.1	1	34448  	34596  	Leu	GAG	0	0	35.5	
NZ_ABCS01000008.1	1	4676   	4605   	Cys	GCA	0	0	72.1	
NZ_ABCS01000007.1	1	22435  	22360  	Leu	GAG	0	0	38.7	
NZ_ABCS01000007.1	2	22348  	22274  	Arg	ACG	0	0	70.2	
NZ_ABCS01000007.1	3	22270  	22195  	Leu	CAG	0	0	66.7	
NZ_ABCS01000007.1	4	22181  	22110  	Arg	GCG	0	0	70.8	
NZ_ABCS01000007.1	5	22068  	21996  	Arg	CCG	0	0	50.0	
NZ_ABCS01000007.1	6	21990  	21917  	Leu	CAA	0	0	52.6	
NZ_ABCS01000005.1	1	104043 	104124 	Leu	CAG	0	0	58.9	
NZ_ABCS01000005.1	2	156795 	156867 	Lys	CTT	0	0	76.9	
NZ_ABCS01000004.1	1	30560  	30633  	fMet	CAT	0	0	56.4	
NZ_ABCS01000004.1	2	184604 	184685 	Leu	AAG	0	0	70.1	
NZ_ABCS01000002.1	1	29890  	29964  	Trp	CCA	0	0	59.6	
NZ_ABCS01000002.1	2	160445 	160517 	Gly	CCC	0	0	79.6	
NZ_ABCS01000002.1	3	93786  	93711  	Thr	AGT	0	0	37.2	
NZ_ABCS01000001.1	1	283289 	283215 	Pro	CGG	0	0	76.4	
NZ_ABCS01000001.1	2	283196 	283125 	Pro	GGG	0	0	67.6	
NZ_ABCS01000001.1	3	283120 	283036 	Tyr	GTA	0	0	40.4	
NZ_ABCS01000001.1	4	282998 	282927 	Pro	GGG	0	0	70.4	
NZ_ABCS01000001.1	5	282922 	282851 	Pro	CGG	0	0	71.5	
NZ_ABCS01000001.1	6	282837 	282766 	Pro	TGG	0	0	79.3	
NC_014751.1 	1	387725 	387814 	Ser	GCT	0	0	80.4	
NC_014751.1 	2	403726 	403799 	Gly	TCC	0	0	76.6	
NC_014751.1 	3	497466 	497541 	Thr	AGT	0	0	88.0	
NC_014751.1 	4	497548 	497631 	Tyr	GTA	0	0	72.7	
NC_014751.1 	5	497639 	497713 	Gln	TTG	0	0	68.9	
NC_014751.1 	6	497718 	497793 	Lys	TTT	0	0	84.9	
NC_014751.1 	7	497802 	497890 	Leu	TAA	0	0	69.4	
NC_014751.1 	8	848509 	848585 	Arg	ACG	0	0	79.4	
NC_014751.1 	9	848633 	848709 	Pro	TGG	0	0	82.2	
NC_014751.1 	10	848720 	848795 	Ala	TGC	0	0	82.2	
NC_014751.1 	11	848801 	848877 	Met	CAT	0	0	83.5	
NC_014751.1 	12	848889 	848965 	Ile2	CAT	0	0	85.3	
NC_014751.1 	13	849008 	849100 	Ser	TGA	0	0	85.5	
NC_014751.1 	14	849123 	849198 	fMet	CAT	0	0	90.8	
NC_014751.1 	15	849201 	849277 	Asp	GTC	0	0	79.8	
NC_014751.1 	16	849286 	849361 	Phe	GAA	0	0	76.2	
NC_014751.1 	17	953340 	953415 	Lys	TTT	0	0	84.9	
NC_014751.1 	18	953417 	953500 	Leu	TAG	0	0	71.6	
NC_014751.1 	19	876010 	875936 	Cys	GCA	0	0	66.9	
NC_014751.1 	20	859955 	859889 	Undet	NNN	0	0	26.9	
NC_014751.1 	21	803624 	803549 	Asn	GTT	0	0	75.8	
NC_014751.1 	22	803541 	803466 	Glu	TTC	0	0	64.1	
NC_014751.1 	23	803458 	803383 	Val	TAC	0	0	84.0	
NC_014751.1 	24	803370 	803295 	Thr	TGT	0	0	84.2	
NC_014751.1 	25	768875 	768799 	Ile	GAT	0	0	79.8	
NC_014751.1 	26	755831 	755756 	His	GTG	0	0	61.7	
NC_014751.1 	27	753447 	753372 	Sup	TCA	0	0	78.4	
NC_014751.1 	28	753334 	753260 	Trp	CCA	0	0	76.5	
NC_014751.1 	29	644921 	644845 	Arg	TCT	0	0	74.1	
NC_014751.1 	30	582440 	582356 	Leu	CAA	0	0	67.7	
NC_014751.1 	31	115604 	115529 	Lys	CTT	0	0	75.0	
NC_014760.1 	1	2945   	3028   	Tyr	GTA	0	0	70.9	
NC_014760.1 	2	3033   	3107   	Gln	TTG	0	0	61.7	
NC_014760.1 	3	61921  	61996  	Cys	GCA	0	0	63.7	
NC_014760.1 	4	62003  	62079  	Arg	ACG	0	0	72.6	
NC_014760.1 	5	85636  	85712  	Arg	TCT	0	0	71.0	
NC_014760.1 	6	85778  	85853  	Arg	CCT	0	0	68.4	
NC_014760.1 	7	255526 	255599 	Gly	GCC	0	0	77.5	
NC_014760.1 	8	460113 	460197 	Leu	AAG	0	0	73.2	
NC_014760.1 	9	547564 	547637 	Trp	CCA	0	0	64.5	
NC_014760.1 	10	804139 	804225 	Leu	TAA	0	0	67.7	
NC_014760.1 	11	804251 	804326 	Lys	TTT	0	0	80.0	
NC_014760.1 	12	949320 	949395 	Lys	CTT	0	0	83.4	
NC_014760.1 	13	966399 	966474 	Thr	GGT	0	0	74.8	
NC_014760.1 	14	983684 	983767 	Leu	CAA	0	0	69.6	
NC_014760.1 	15	971990 	971916 	Sup	TCA	0	0	73.3	
NC_014760.1 	16	968990 	968917 	Thr	CGT	0	0	69.4	
NC_014760.1 	17	915539 	915450 	Ser	CGA	0	0	71.8	
NC_014760.1 	18	888071 	887996 	His	GTG	0	0	72.5	
NC_014760.1 	19	703057 	702981 	Pro	TGG	0	0	81.9	
NC_014760.1 	20	702979 	702903 	Ala	TGC	0	0	84.8	
NC_014760.1 	21	702895 	702819 	Met	CAT	0	0	77.3	
NC_014760.1 	22	702792 	702717 	Ile2	CAT	0	0	84.6	
NC_014760.1 	23	702715 	702623 	Ser	TGA	0	0	77.0	
NC_014760.1 	24	702592 	702517 	fMet	CAT	0	0	71.5	
NC_014760.1 	25	702512 	702436 	Asp	GTC	0	0	77.5	
NC_014760.1 	26	702431 	702356 	Phe	GAA	0	0	74.3	
NC_014760.1 	27	694780 	694706 	Asn	GTT	0	0	82.7	
NC_014760.1 	28	694700 	694625 	Glu	TTC	0	0	62.9	
NC_014760.1 	29	694621 	694546 	Val	TAC	0	0	79.5	
NC_014760.1 	30	694543 	694468 	Thr	TGT	0	0	93.9	
NC_014760.1 	31	694459 	694375 	Leu	TAG	0	0	56.6	
NC_014760.1 	32	672321 	672248 	Gly	TCC	0	0	77.6	
NC_014760.1 	33	408488 	408412 	Ile	GAT	0	0	82.2	
NC_014760.1 	34	406893 	406801 	Ser	GCT	0	0	72.2	
NC_014831.1 	1	14088  	14175  	Ser	TGA	0	0	84.6	
NC_014831.1 	2	14648  	14739  	Ser	GCT	0	0	80.6	
NC_014831.1 	3	14770  	14844  	Arg	ACG	0	0	73.3	
NC_014831.1 	4	16087  	16163  	Ala	GGC	0	0	70.1	
NC_014831.1 	5	59225  	59340  	Arg	ACG	0	0	32.7	pseudo
NC_014831.1 	6	65183  	65255  	Arg	CCT	0	0	67.1	
NC_014831.1 	7	66117  	66203  	Ser	CGA	0	0	84.2	
NC_014831.1 	8	66339  	66425  	Ser	GGA	0	0	83.2	
NC_014831.1 	9	73447  	73517  	Gln	CTG	0	0	59.6	
NC_014831.1 	10	73522  	73594  	Glu	CTC	0	0	65.3	
NC_014831.1 	11	75624  	75697  	Ile	GAT	0	0	80.8	
NC_014831.1 	12	75722  	75794  	Ala	TGC	0	0	82.5	
NC_014831.1 	13	79276  	79350  	Asn	GTT	0	0	89.1	
NC_014831.1 	14	109262 	109344 	Leu	TAA	0	0	58.5	
NC_014831.1 	15	160499 	160572 	Ile	GAT	0	0	80.8	
NC_014831.1 	16	160596 	160668 	Ala	TGC	0	0	82.5	
NC_014831.1 	17	395728 	395821 	SeC	TCA	0	0	114.8	
NC_014831.1 	18	453367 	453450 	Leu	CAA	0	0	74.7	
NC_014831.1 	19	503910 	503993 	Leu	CAG	0	0	59.4	
NC_014831.1 	20	504136 	504218 	Leu	GAG	0	0	53.9	
NC_014831.1 	21	981658 	981729 	Val	TAC	0	0	81.6	
NC_014831.1 	22	981898 	981973 	Phe	GAA	0	0	79.2	
NC_014831.1 	23	989542 	989613 	Gly	GCC	0	0	81.9	
NC_014831.1 	24	989799 	989870 	Cys	GCA	0	0	78.1	
NC_014831.1 	25	990082 	990157 	Val	GAC	0	0	79.3	
NC_014831.1 	26	1040295	1040370	Ala	CGC	0	0	86.9	
NC_014831.1 	27	1338359	1338433	Pro	GGG	0	0	68.1	
NC_014831.1 	28	1499715	1499789	Pro	CGG	0	0	76.7	
NC_014831.1 	29	2550207	2550279	Ile2	CAT	0	0	80.3	
NC_014831.1 	30	2550506	2550577	Glu	TTC	0	0	75.9	
NC_014831.1 	31	2821553	2821478	Asp	GTC	0	0	83.9	
NC_014831.1 	32	2819590	2819518	Thr	CGT	0	0	78.5	
NC_014831.1 	33	2771313	2771242	Thr	TGT	0	0	73.6	
NC_014831.1 	34	2771134	2771052	Tyr	GTA	0	0	74.2	
NC_014831.1 	35	2771046	2770970	fMet	CAT	0	0	79.3	
NC_014831.1 	36	2770937	2770865	Thr	GGT	0	0	72.5	
NC_014831.1 	37	2768800	2768723	Trp	CCA	0	0	80.1	
NC_014831.1 	38	2718919	2718845	Arg	CCG	0	0	72.8	
NC_014831.1 	39	2692739	2692668	Pro	TGG	0	0	73.8	
NC_014831.1 	40	2692608	2692538	Gly	TCC	0	0	87.0	
NC_014831.1 	41	2692504	2692430	Arg	TCT	0	0	87.7	
NC_014831.1 	42	2692229	2692156	His	GTG	0	0	70.4	
NC_014831.1 	43	2692025	2691955	Gln	TTG	0	0	67.6	
NC_014831.1 	44	2691946	2691874	Lys	TTT	0	0	77.9	
NC_014831.1 	45	2687989	2687908	Leu	TAG	0	0	67.6	
NC_014831.1 	46	2687819	2687748	Gly	GCC	0	0	81.9	
NC_014831.1 	47	2654698	2654626	Ala	GGC	0	0	74.7	
NC_014831.1 	48	2523009	2522937	Val	CAC	0	0	81.9	
NC_014831.1 	49	2503904	2503833	Gly	CCC	0	0	86.7	
NC_014831.1 	50	124818 	124745 	Met	CAT	0	0	75.2	
NC_014831.1 	51	124596 	124524 	Lys	CTT	0	0	80.7	
NC_014921.1 	1	11772  	11845  	Thr	CGT	0	0	71.4	
NC_014921.1 	2	20043  	20126  	Tyr	GTA	0	0	70.9	
NC_014921.1 	3	20130  	20204  	Gln	TTG	0	0	64.1	
NC_014921.1 	4	66877  	66953  	His	GTG	0	0	71.4	
NC_014921.1 	5	175175 	175251 	Ile	GAT	0	0	82.2	
NC_014921.1 	6	275102 	275175 	Gly	TCC	0	0	44.9	pseudo
NC_014921.1 	7	278300 	278373 	Gly	TCC	0	0	79.5	
NC_014921.1 	8	343156 	343230 	Asn	GTT	0	0	80.8	
NC_014921.1 	9	343234 	343309 	Glu	TTC	0	0	66.4	
NC_014921.1 	10	343314 	343389 	Val	TAC	0	0	79.7	
NC_014921.1 	11	343391 	343466 	Thr	TGT	0	0	91.8	
NC_014921.1 	12	343558 	343642 	Leu	TAG	0	0	59.4	
NC_014921.1 	13	684851 	684924 	Trp	CCA	0	0	65.6	
NC_014921.1 	14	1003531	1003605	Sup	TCA	0	0	73.7	
NC_014921.1 	15	1030527	1030600	Gly	GCC	0	0	66.5	
NC_014921.1 	16	1096970	1096895	Lys	CTT	0	0	75.9	
NC_014921.1 	17	1057303	1057214	Ser	CGA	0	0	68.1	
NC_014921.1 	18	936117 	936043 	Cys	GCA	0	0	69.0	
NC_014921.1 	19	936038 	935962 	Arg	ACG	0	0	69.4	
NC_014921.1 	20	919016 	918930 	Leu	TAA	0	0	67.7	
NC_014921.1 	21	918901 	918826 	Lys	TTT	0	0	78.2	
NC_014921.1 	22	694269 	694193 	Pro	TGG	0	0	81.9	
NC_014921.1 	23	694189 	694113 	Ala	TGC	0	0	83.0	
NC_014921.1 	24	694107 	694031 	Met	CAT	0	0	78.8	
NC_014921.1 	25	694003 	693929 	Ile2	CAT	0	0	82.6	
NC_014921.1 	26	693927 	693835 	Ser	TGA	0	0	76.1	
NC_014921.1 	27	693795 	693719 	fMet	CAT	0	0	72.3	
NC_014921.1 	28	693715 	693639 	Asp	GTC	0	0	75.8	
NC_014921.1 	29	693634 	693559 	Phe	GAA	0	0	79.1	
NC_014921.1 	30	692540 	692465 	Arg	TCG	0	0	65.7	
NC_014921.1 	31	688905 	688814 	Ser	GCT	0	0	73.9	
NC_014921.1 	32	615823 	615739 	Leu	AAG	0	0	71.4	
NC_014921.1 	33	176376 	176293 	Leu	CAA	0	0	67.2	
NC_014921.1 	34	131674 	131599 	Thr	GGT	0	0	75.0	
NC_014921.1 	35	22096  	22020  	Arg	TCT	0	0	64.3	
NC_014921.1 	36	21981  	21904  	Arg	CCT	0	0	67.5	
NZ_AFGF01000280.1	1	53777  	53864  	Leu	CAA	0	0	81.0	
NZ_AFGF01000221.1	1	32131  	32055  	Val	GAC	0	0	81.8	
NZ_AFGF01000205.1	1	31323  	31413  	Ser	CGA	0	0	82.5	
NZ_AFGF01000205.1	2	31461  	31550  	Ser	GGA	0	0	82.9	
NZ_AFGF01000176.1	1	56     	132    	Ile	GAT	0	0	83.0	
NZ_AFGF01000176.1	2	218    	290    	Ala	TGC	0	0	74.8	
NZ_AFGF01000138.1	1	92     	167    	Thr	TGT	0	0	80.9	
NZ_AFGF01000138.1	2	177    	261    	Tyr	GTA	0	0	77.1	
NZ_AFGF01000138.1	3	275    	350    	fMet	CAT	0	0	83.3	
NZ_AFGF01000138.1	4	361    	436    	Thr	GGT	0	0	77.6	
NZ_AFGF01000138.1	5	444    	520    	Met	CAT	0	0	79.4	
NZ_AFGF01000121.1	1	5      	79     	Asn	GTT	0	0	82.0	
NZ_AFGF01000121.1	2	51956  	52030  	Asn	GTT	0	0	82.0	
NZ_AFGF01000121.1	3	52081  	52155  	Ile2	CAT	0	0	80.3	
NZ_AFGF01000121.1	4	52166  	52240  	Glu	TTC	0	0	76.5	
NZ_AFGF01000115.1	1	18640  	18565  	His	GTG	0	0	63.5	
NZ_AFGF01000115.1	2	18546  	18471  	Gln	TTG	0	0	71.8	
NZ_AFGF01000115.1	3	18459  	18384  	Lys	TTT	0	0	77.4	
NZ_AFGF01000115.1	4	18347  	18265  	Leu	TAG	0	0	74.4	
NZ_AFGF01000115.1	5	16720  	16645  	Arg	TCT	0	0	78.9	
NZ_AFGF01000115.1	6	12137  	12061  	Pro	TGG	0	0	83.7	
NZ_AFGF01000115.1	7	12037  	11964  	Gly	TCC	0	0	79.5	
NZ_AFGF01000107.1	1	99145  	99071  	Gly	CCC	0	0	86.9	
NZ_AFGF01000107.1	2	96100  	96025  	Thr	CGT	0	0	86.1	
NZ_AFGF01000107.1	3	13518  	13452  	Undet	NNN	0	0	27.6	pseudo
NZ_AFGF01000081.1	1	67338  	67264  	Val	CAC	0	0	78.9	
NZ_AFGF01000081.1	2	32371  	32283  	Ser	TGA	0	0	80.0	
NZ_AFGF01000081.1	3	32240  	32150  	Ser	GCT	0	0	75.8	
NZ_AFGF01000081.1	4	11480  	11404  	Arg	ACG	0	0	82.1	
NZ_AFGF01000081.1	5	11371  	11295  	Arg	CCT	0	0	75.6	
NZ_AFGF01000071.1	1	15567  	15492  	Trp	CCA	0	0	78.8	
NZ_AFGF01000066.1	1	13739  	13814  	Ala	GGC	0	0	70.1	
NZ_AFGF01000056.1	1	1139   	1213   	Gly	GCC	0	0	88.6	
NZ_AFGF01000049.1	1	74503  	74428  	fMet	CAT	0	0	84.0	
NZ_AFGF01000049.1	2	74418  	74345  	Gly	TCC	0	0	78.9	
NZ_AFGF01000049.1	3	74327  	74242  	Leu	CAG	0	0	74.5	
NZ_AFGF01000049.1	4	74162  	74075  	Undet	NNN	0	0	22.6	
NZ_AFGF01000049.1	5	2214   	2138   	Arg	ACG	0	0	85.3	
NZ_AFGF01000041.1	1	473    	397    	Pro	GGG	0	0	69.1	
NZ_AFGF01000040.1	1	48931  	49028  	SeC	TCA	0	0	93.1	
NZ_AFGF01000030.1	1	121    	45     	Pro	CGG	0	0	82.1	
NZ_AFGF01000018.1	1	1603   	1678   	Lys	TTT	0	0	77.4	
NZ_AFGF01000018.1	2	1684   	1758   	Glu	TTC	0	0	76.1	
NZ_AFGF01000018.1	3	1762   	1837   	Val	TAC	0	0	80.4	
NZ_AFGF01000018.1	4	1857   	1933   	Asp	GTC	0	0	74.9	
NZ_AFGF01000018.1	5	1962   	2037   	Phe	GAA	0	0	79.9	
NZ_AFGF01000018.1	6	3459   	3549   	Ser	GCT	0	0	76.2	
NZ_AFGF01000017.1	1	29533  	29607  	Asn	GTT	0	0	82.0	
NZ_AFGF01000017.1	2	29612  	29686  	Glu	TTC	0	0	76.5	
NZ_AFGF01000017.1	3	29690  	29765  	Val	TAC	0	0	80.4	
NZ_AFGF01000017.1	4	31199  	31273  	Arg	CCG	0	0	83.5	
NZ_AFGF01000017.1	5	47455  	47520  	Undet	NNN	0	0	24.3	pseudo
NZ_AFGF01000016.1	1	344    	443    	Ser	CGA	0	0	27.3	
NZ_AFGF01000016.1	2	20570  	20645  	Ala	CGC	0	0	70.7	
NZ_AFGF01000014.1	1	1734   	1810   	Gln	CTG	0	0	73.4	
NZ_AFGF01000014.1	2	1960   	2035   	Lys	CTT	0	0	77.9	
NZ_AFGF01000013.1	1	34491  	34566  	Gln	TTG	0	0	71.8	
NZ_AFGF01000013.1	2	21987  	21902  	Leu	CAG	0	0	74.5	
NZ_AFGF01000013.1	3	21882  	21799  	Leu	GAG	0	0	61.2	
NZ_AFGF01000013.1	4	11293  	11219  	Gly	GCC	0	0	88.6	
NZ_AFGF01000013.1	5	11210  	11135  	Trp	CCA	0	0	78.8	
NZ_AFGF01000013.1	6	6270   	6194   	Asp	GTC	0	0	72.8	
NZ_AFGF01000013.1	7	6187   	6112   	Phe	GAA	0	0	79.7	
NZ_AFGF01000013.1	8	6107   	6033   	Gly	GCC	0	0	89.6	
NZ_AFGF01000013.1	9	6024   	5951   	Cys	GCA	0	0	73.9	
NZ_AFGF01000013.1	10	5881   	5793   	Leu	TAA	0	0	74.3	
NC_015722.1 	1	46930  	47015  	Leu	TAA	0	0	68.8	
NC_015722.1 	2	68168  	68244  	Met	CAT	0	0	83.1	
NC_015722.1 	3	79309  	79385  	His	GTG	0	0	64.7	
NC_015722.1 	4	163069 	163144 	Arg	CCG	0	0	83.5	
NC_015722.1 	5	213620 	213694 	Gln	TTG	0	0	68.4	
NC_015722.1 	6	260947 	261023 	Arg	TCT	0	0	85.2	
NC_015722.1 	7	379992 	380063 	Cys	GCA	0	0	60.2	
NC_015722.1 	8	393044 	393135 	Ser	GGA	0	0	82.4	
NC_015722.1 	9	486724 	486811 	Leu	CAA	0	0	74.2	
NC_015722.1 	10	522463 	522548 	Tyr	GTA	0	0	77.1	
NC_015722.1 	11	522635 	522709 	Gly	TCC	0	0	84.7	
NC_015722.1 	12	523934 	524009 	Trp	CCA	0	0	80.2	
NC_015722.1 	13	563061 	563137 	Met	CAT	0	0	77.7	
NC_015722.1 	14	590044 	590118 	Gly	GCC	0	0	84.9	
NC_015722.1 	15	590139 	590214 	Ala	TGC	0	0	80.3	
NC_015722.1 	16	660565 	660639 	Asn	GTT	0	0	82.8	
NC_015722.1 	17	691952 	692027 	Ala	GGC	0	0	79.8	
NC_015722.1 	18	814075 	814159 	Leu	TAG	0	0	73.0	
NC_015722.1 	19	948857 	948947 	Ser	GCT	0	0	87.3	
NC_015722.1 	20	1077488	1077577	Ser	TGA	0	0	87.2	
NC_015722.1 	21	1151210	1151134	Val	GAC	0	0	73.5	
NC_015722.1 	22	870029 	869953 	Pro	TGG	0	0	78.8	
NC_015722.1 	23	837020 	836944 	Lys	TTT	0	0	76.9	
NC_015722.1 	24	836282 	836206 	fMet	CAT	0	0	80.7	
NC_015722.1 	25	813180 	813105 	Thr	CGT	0	0	75.6	
NC_015722.1 	26	675568 	675494 	Glu	TTC	0	0	66.2	
NC_015722.1 	27	675451 	675376 	Phe	GAA	0	0	79.7	
NC_015722.1 	28	518091 	518015 	Arg	ACG	0	0	80.8	
NC_015722.1 	29	386446 	386372 	Thr	TGT	0	0	78.8	
NC_015722.1 	30	274416 	274341 	Val	TAC	0	0	72.4	
NC_015722.1 	31	274319 	274243 	Asp	GTC	0	0	81.1	
NC_015722.1 	32	240052 	239976 	Ile	GAT	0	0	86.0	
NC_015722.1 	33	156523 	156440 	Leu	GAG	0	0	58.2	
NC_015722.1 	34	121960 	121884 	Arg	CCT	0	0	72.1	
NC_015722.1 	35	57057  	56983  	Thr	GGT	0	0	85.3	
NZ_AGBZ02000004.1	1	51287  	51363  	Ile	GAT	0	0	81.9	
NZ_AGBZ02000004.1	2	51382  	51457  	Ala	TGC	0	0	83.8	
NZ_AGBZ02000004.1	3	237945 	238021 	Arg	TCT	0	0	78.4	
NZ_AGBZ02000004.1	4	274159 	274234 	Val	TAC	0	0	83.4	
NZ_AGBZ02000004.1	5	274247 	274322 	Thr	TGT	0	0	79.6	
NZ_AGBZ02000004.1	6	274329 	274412 	Tyr	GTA	0	0	70.7	
NZ_AGBZ02000004.1	7	274428 	274502 	Gln	TTG	0	0	74.2	
NZ_AGBZ02000004.1	8	274507 	274582 	Lys	TTT	0	0	76.8	
NZ_AGBZ02000004.1	9	274598 	274684 	Leu	TAA	0	0	71.0	
NZ_AGBZ02000004.1	10	274771 	274844 	Gly	TCC	0	0	75.9	
NZ_AGBZ02000001.1	1	186130 	186214 	Leu	CAA	0	0	66.2	
NZ_AGBZ02000001.1	2	400762 	400696 	Undet	NNN	0	0	22.3	pseudo
NZ_AGBZ02000001.1	3	344046 	343956 	Ser	GCT	0	0	87.2	
NZ_AGBZ02000001.1	4	337465 	337390 	Sup	TCA	0	0	78.3	
NZ_AGBZ02000001.1	5	337308 	337234 	Trp	CCA	0	0	69.0	
NZ_AGBZ02000001.1	6	337222 	337130 	Ser	CGA	0	0	77.8	
NZ_AGBZ02000001.1	7	243074 	242999 	Asn	GTT	0	0	82.6	
NZ_AGBZ02000001.1	8	242964 	242889 	Glu	TTC	0	0	69.2	
NZ_AGBZ02000001.1	9	242884 	242809 	Val	TAC	0	0	80.0	
NZ_AGBZ02000001.1	10	242792 	242717 	Thr	TGT	0	0	77.8	
NZ_AGBZ02000001.1	11	242708 	242633 	Lys	TTT	0	0	76.8	
NZ_AGBZ02000001.1	12	242615 	242531 	Leu	TAG	0	0	70.4	
NZ_AGBZ02000001.1	13	182185 	182110 	Cys	GCA	0	0	68.5	
NZ_AGBZ02000001.1	14	182068 	181992 	Arg	ACG	0	0	79.0	
NZ_AGBZ02000001.1	15	181968 	181892 	Pro	TGG	0	0	81.1	
NZ_AGBZ02000001.1	16	181875 	181800 	Ala	TGC	0	0	83.8	
NZ_AGBZ02000001.1	17	181767 	181691 	Met	CAT	0	0	73.2	
NZ_AGBZ02000001.1	18	181689 	181613 	Ile2	CAT	0	0	87.9	
NZ_AGBZ02000001.1	19	181577 	181485 	Ser	TGA	0	0	83.7	
NZ_AGBZ02000001.1	20	181432 	181358 	fMet	CAT	0	0	78.6	
NZ_AGBZ02000001.1	21	181355 	181280 	Asp	GTC	0	0	71.3	
NZ_AGBZ02000001.1	22	181274 	181199 	Phe	GAA	0	0	75.1	
NC_015713.1 	1	70672  	70746  	Pro	GGG	0	0	63.8	
NC_015713.1 	2	252523 	252593 	Gly	TCC	0	0	68.3	
NC_015713.1 	3	255674 	255748 	Glu	TTC	0	0	59.3	
NC_015713.1 	4	255754 	255826 	Lys	TTT	0	0	81.1	
NC_015713.1 	5	349634 	349721 	Ser	GGA	0	0	71.6	
NC_015713.1 	6	641712 	641784 	Thr	TGT	0	0	73.4	
NC_015713.1 	7	641802 	641883 	Tyr	GTA	0	0	64.8	
NC_015713.1 	8	717555 	717627 	Ala	TGC	0	0	76.7	
NC_015713.1 	9	717646 	717719 	Ile	GAT	0	0	76.2	
NC_015713.1 	10	805952 	806023 	Asn	GTT	0	0	80.7	
NC_015713.1 	11	1320659	1320733	Pro	TGG	0	0	76.0	
NC_015713.1 	12	1324075	1324156	Leu	TAG	0	0	65.9	
NC_015713.1 	13	1609594	1609666	Ile2	CAT	0	0	76.0	
NC_015713.1 	14	1809687	1809757	Cys	GCA	0	0	65.3	
NC_015713.1 	15	1973748	1973830	Leu	CAA	0	0	63.3	
NC_015713.1 	16	2037063	2037134	Gly	GCC	0	0	79.1	
NC_015713.1 	17	2341796	2341723	Arg	ACG	0	0	75.3	
NC_015713.1 	18	2193549	2193467	Leu	TAA	0	0	71.7	
NC_015713.1 	19	2020412	2020336	Arg	TCT	0	0	89.4	
NC_015713.1 	20	1991198	1991115	Leu	GAG	0	0	58.6	
NC_015713.1 	21	1988646	1988573	Arg	TCG	0	0	75.6	
NC_015713.1 	22	1890802	1890731	Gln	TTG	0	0	59.2	
NC_015713.1 	23	1586453	1586382	Thr	GGT	0	0	73.5	
NC_015713.1 	24	1585077	1585005	Trp	CCA	0	0	71.0	
NC_015713.1 	25	1441087	1441014	Val	GAC	0	0	65.4	
NC_015713.1 	26	1437396	1437312	Ser	TGA	0	0	78.3	
NC_015713.1 	27	1297365	1297293	fMet	CAT	0	0	74.7	
NC_015713.1 	28	1297283	1297211	Met	CAT	0	0	69.7	
NC_015713.1 	29	637596 	637524 	Val	TAC	0	0	79.7	
NC_015713.1 	30	637506 	637433 	Asp	GTC	0	0	75.8	
NC_015713.1 	31	592249 	592173 	His	GTG	0	0	74.5	
NC_015713.1 	32	518444 	518371 	Arg	CCT	0	0	69.0	
NC_015713.1 	33	335599 	335527 	Phe	GAA	0	0	76.4	
NC_015713.1 	34	174390 	174304 	Ser	GCT	0	0	78.9	
NC_015713.1 	35	96888  	96816  	Ala	GGC	0	0	70.8	
NZ_AGVX02000696.1	1	509    	582    	Ile	GAT	0	0	78.1	
NZ_AGVX02000696.1	2	922    	994    	Ala	TGC	0	0	81.2	
NZ_AGVX02000687.1	1	4578   	4503   	His	GTG	0	0	73.0	
NZ_AGVX02000636.1	1	947    	874    	Pro	GGG	0	0	71.4	
NZ_AGVX02000563.1	1	1639   	1712   	Pro	CGG	0	0	67.3	
NZ_AGVX02000416.1	1	1705   	1629   	fMet	CAT	0	0	84.8	
NZ_AGVX02000409.1	1	8771   	8686   	Leu	CAG	0	0	73.6	
NZ_AGVX02000406.1	1	4737   	4826   	Ser	CGA	0	0	80.7	
NZ_AGVX02000406.1	2	9610   	9524   	Ser	GGA	0	0	68.3	
NZ_AGVX02000395.1	1	2643   	2570   	Leu	TAG	0	0	61.5	
NZ_AGVX02000387.1	1	3738   	3662   	Ile2	CAT	0	0	91.1	
NZ_AGVX02000378.1	1	10553  	10481  	Glu	TTC	0	0	71.0	
NZ_AGVX02000378.1	2	10458  	10382  	Asp	GTC	0	0	87.9	
NZ_AGVX02000378.1	3	10350  	10277  	Phe	GAA	0	0	79.7	
NZ_AGVX02000377.1	1	359    	287    	Arg	CCG	0	0	75.0	
NZ_AGVX02000343.1	1	8722   	8650   	Arg	CCT	0	0	73.8	
NZ_AGVX02000335.1	1	2294   	2380   	Ser	TGA	0	0	74.3	
NZ_AGVX02000335.1	2	7176   	7266   	Ser	GCT	0	0	73.5	
NZ_AGVX02000335.1	3	7304   	7376   	Arg	ACG	0	0	75.3	
NZ_AGVX02000326.1	1	4150   	4223   	Thr	CGT	0	0	82.1	
NZ_AGVX02000317.1	1	8096   	8167   	Val	TAC	0	0	81.2	
NZ_AGVX02000298.1	1	15873  	15944  	Val	CAC	0	0	69.5	
NZ_AGVX02000298.1	2	14679  	14607  	Gly	GCC	0	0	84.9	
NZ_AGVX02000298.1	3	14560  	14489  	Cys	GCA	0	0	73.5	
NZ_AGVX02000298.1	4	14487  	14413  	Val	GAC	0	0	78.6	
NZ_AGVX02000295.1	1	6273   	6348   	Thr	TGT	0	0	86.8	
NZ_AGVX02000276.1	1	134    	209    	Lys	CTT	0	0	84.6	
NZ_AGVX02000252.1	1	24388  	24315  	Leu	CAA	0	0	61.3	
NZ_AGVX02000235.1	1	3145   	3217   	Asn	GTT	0	0	72.9	
NZ_AGVX02000216.1	1	29569  	29467  	Ile2	CAT	0	0	42.5	
NZ_AGVX02000203.1	1	4164   	4239   	Ala	GGC	0	0	81.5	
NZ_AGVX02000194.1	1	11131  	11201  	Gln	TTG	0	0	57.4	
NZ_AGVX02000165.1	1	4173   	4243   	Gly	CCC	0	0	78.9	
NZ_AGVX02000136.1	1	27702  	27622  	Tyr	GTA	0	0	70.8	
NZ_AGVX02000136.1	2	21851  	21776  	Thr	GGT	0	0	77.1	
NZ_AGVX02000136.1	3	21713  	21638  	Met	CAT	0	0	80.9	
NZ_AGVX02000136.1	4	18670  	18598  	Trp	CCA	0	0	79.5	
NZ_AGVX02000134.1	1	15849  	15922  	Pro	TGG	0	0	71.9	
NZ_AGVX02000134.1	2	15648  	15575  	Gly	TCC	0	0	85.4	
NZ_AGVX02000131.1	1	17981  	17899  	Leu	GAG	0	0	59.3	
NZ_AGVX02000130.1	1	13686  	13613  	Leu	TAA	0	0	52.4	
NZ_AGVX02000120.1	1	21845  	21916  	Gln	CTG	0	0	56.0	
NZ_AGVX02000120.1	2	21959  	22031  	Glu	CTC	0	0	69.3	
NZ_AGVX02000090.1	1	4854   	4926   	Lys	TTT	0	0	70.9	
NZ_AGVX02000069.1	1	6202   	6127   	Arg	TCT	0	0	78.9	
NZ_AGVX02000029.1	1	16716  	16644  	Ala	CGC	0	0	78.0	
NZ_CM001486.1	1	596609 	596684 	Arg	CCG	0	0	81.3	
NZ_CM001486.1	2	1278893	1278982	Ser	TGA	0	0	78.5	
NZ_CM001486.1	3	1279016	1279109	Ser	GCT	0	0	81.3	
NZ_CM001486.1	4	1283394	1283470	Arg	ACG	0	0	83.8	
NZ_CM001486.1	5	1300892	1300982	Ser	CGA	0	0	89.6	
NZ_CM001486.1	6	1301038	1301131	Ser	GGA	0	0	85.8	
NZ_CM001486.1	7	1314331	1314405	Asn	GTT	0	0	80.8	
NZ_CM001486.1	8	1314419	1314493	Gly	CCC	0	0	90.9	
NZ_CM001486.1	9	1343498	1343573	Ala	TGC	0	0	86.9	
NZ_CM001486.1	10	1343575	1343651	Ile	GAT	0	0	86.0	
NZ_CM001486.1	11	1508623	1508697	Asn	GTT	0	0	80.9	
NZ_CM001486.1	12	1508704	1508779	Ile2	CAT	0	0	83.2	
NZ_CM001486.1	13	1512980	1513056	Val	GAC	0	0	80.8	
NZ_CM001486.1	14	1513077	1513152	Ala	CGC	0	0	80.9	
NZ_CM001486.1	15	1516430	1516506	Val	CAC	0	0	81.7	
NZ_CM001486.1	16	1523872	1523947	Val	TAC	0	0	86.3	
NZ_CM001486.1	17	1523949	1524025	Asp	GTC	0	0	86.9	
NZ_CM001486.1	18	1524031	1524106	Phe	GAA	0	0	82.4	
NZ_CM001486.1	19	1524111	1524186	Gly	GCC	0	0	89.0	
NZ_CM001486.1	20	1524191	1524265	Cys	GCA	0	0	79.0	
NZ_CM001486.1	21	1545085	1545160	Ala	TGC	0	0	86.9	
NZ_CM001486.1	22	1606535	1606611	Arg	CCT	0	0	79.2	
NZ_CM001486.1	23	1658778	1658851	Gly	TCC	0	0	85.6	
NZ_CM001486.1	24	1658856	1658932	Arg	TCT	0	0	87.9	
NZ_CM001486.1	25	1658944	1659020	His	GTG	0	0	74.3	
NZ_CM001486.1	26	1659024	1659098	Gln	TTG	0	0	79.7	
NZ_CM001486.1	27	1659106	1659181	Lys	TTT	0	0	75.4	
NZ_CM001486.1	28	1659215	1659301	Leu	CAG	0	0	60.5	
NZ_CM001486.1	29	1659309	1659384	Gly	GCC	0	0	89.0	
NZ_CM001486.1	30	1659399	1659475	Arg	TCG	0	0	76.1	
NZ_CM001486.1	31	1659514	1659589	Lys	CTT	0	0	89.2	
NZ_CM001486.1	32	1698194	1698278	Leu	TAG	0	0	77.0	
NZ_CM001486.1	33	1863961	1864035	Pro	CGG	0	0	77.3	
NZ_CM001486.1	34	1932360	1932447	Leu	GAG	0	0	60.4	
NZ_CM001486.1	35	1984254	1984329	Pro	GGG	0	0	68.7	
NZ_CM001486.1	36	2411237	2411325	Leu	CAA	0	0	76.7	
NZ_CM001486.1	37	2526103	2526176	Gln	CTG	0	0	61.9	
NZ_CM001486.1	38	2526181	2526256	Glu	CTC	0	0	69.5	
NZ_CM001486.1	39	2477485	2477410	Ala	GGC	0	0	80.1	
NZ_CM001486.1	40	2065841	2065766	Trp	CCA	0	0	88.3	
NZ_CM001486.1	41	1193423	1193348	Thr	TGT	0	0	79.8	
NZ_CM001486.1	42	968505 	968416 	Leu	TAA	0	0	79.2	
NZ_CM001486.1	43	968411 	968335 	fMet	CAT	0	0	78.4	
NZ_CM001486.1	44	968327 	968251 	Met	CAT	0	0	74.3	
NZ_CM001486.1	45	845688 	845614 	Glu	TTC	0	0	77.4	
NZ_CM001486.1	46	775206 	775131 	Thr	GGT	0	0	73.0	
NZ_CM001486.1	47	737583 	737509 	Asn	GTT	0	0	80.8	
NZ_CM001486.1	48	737502 	737428 	Glu	TTC	0	0	77.3	
NZ_CM001486.1	49	737422 	737347 	Ile2	CAT	0	0	83.2	
NZ_CM001486.1	50	737323 	737247 	Asp	GTC	0	0	86.9	
NZ_CM001486.1	51	737237 	737162 	Phe	GAA	0	0	78.6	
NZ_CM001486.1	52	737133 	737059 	Thr	CGT	0	0	86.0	
NZ_CM001486.1	53	731397 	731312 	Tyr	GTA	0	0	74.1	
NZ_CM001486.1	54	731308 	731233 	Lys	TTT	0	0	75.4	
NZ_CM001486.1	55	48745  	48670  	Pro	TGG	0	0	80.3	
NZ_CM001486.1	56	48665  	48590  	Val	TAC	0	0	86.3	
NZ_CM001486.1	57	48567  	48482  	Tyr	GTA	0	0	75.9	
NZ_AOHO01000019.1	1	2824   	2899   	His	GTG	0	0	73.6	
NZ_AOHO01000019.1	2	4569   	4641   	Lys	CTT	0	0	77.4	
NZ_AOHO01000019.1	3	68092  	68165  	Leu	TAG	0	0	58.0	
NZ_AOHO01000019.1	4	172149 	172221 	Arg	CCG	0	0	74.5	
NZ_AOHO01000020.1	1	58441  	58514  	Thr	CGT	0	0	77.8	
NZ_AOHO01000020.1	2	164378 	164450 	Thr	TGT	0	0	78.3	
NZ_AOHO01000026.1	1	221096 	221172 	Leu	TAA	0	0	69.7	
NZ_AOHO01000026.1	2	174353 	174282 	Gln	TTG	0	0	51.4	
NZ_AOHO01000026.1	3	115094 	115022 	Ala	CGC	0	0	78.0	
NZ_AOHO01000026.1	4	83458  	83386  	Arg	CCT	0	0	75.2	
NZ_AOHO01000028.1	1	33104  	33177  	Pro	GGG	0	0	74.8	
NZ_AOHO01000032.1	1	17737  	17666  	Glu	TTC	0	0	65.2	
NZ_AOHO01000038.1	1	155171 	155242 	Arg	TCG	0	0	71.1	
NZ_AOHO01000038.1	2	155247 	155318 	Ser	CGA	0	0	74.5	
NZ_AOHO01000045.1	1	233337 	233410 	Leu	CAA	0	0	61.6	
NZ_AOHO01000048.1	1	22156  	22238  	Leu	CAG	0	0	65.7	
NZ_AOHO01000048.1	2	295417 	295506 	Ser	GCT	0	0	67.1	
NZ_AOHO01000048.1	3	295549 	295622 	Arg	ACG	0	0	80.4	
NZ_AOHO01000048.1	4	338996 	339068 	Lys	TTT	0	0	69.8	
NZ_AOHO01000048.1	5	385886 	385958 	Glu	TTC	0	0	63.6	
NZ_AOHO01000048.1	6	385987 	386060 	Asp	GTC	0	0	80.7	
NZ_AOHO01000048.1	7	386092 	386165 	Phe	GAA	0	0	79.7	
NZ_AOHO01000048.1	8	582217 	582298 	Tyr	GTA	0	0	68.9	
NZ_AOHO01000048.1	9	602357 	602429 	Thr	GGT	0	0	68.5	
NZ_AOHO01000048.1	10	602479 	602551 	Met	CAT	0	0	67.7	
NZ_AOHO01000048.1	11	607104 	607176 	Trp	CCA	0	0	79.5	
NZ_AOHO01000048.1	12	297391 	297318 	Arg	ACG	0	0	70.3	
NZ_AOHO01000048.1	13	297282 	297206 	Pro	TGG	0	0	41.8	
NZ_AOHO01000048.1	14	297192 	297104 	Ser	CGA	0	0	69.4	
NZ_AOHO01000048.1	15	297100 	297029 	Arg	CCG	0	0	46.6	
NZ_AOHO01000048.1	16	246137 	246049 	Ser	TGA	0	0	75.9	
NZ_AOHO01000048.1	17	107761 	107689 	Gly	GCC	0	0	84.6	
NZ_AOHO01000052.1	1	9804   	9876   	Asn	GTT	0	0	64.9	
NZ_AOHO01000055.1	1	313992 	313921 	Gln	CTG	0	0	55.4	
NZ_AOHO01000055.1	2	313789 	313717 	Glu	CTC	0	0	68.2	
NZ_AOHO01000061.1	1	48500  	48573  	Ile2	CAT	0	0	81.5	
NZ_AOHO01000063.1	1	238271 	238201 	Gly	CCC	0	0	78.6	
NZ_AOHO01000063.1	2	13715  	13642  	Ile	GAT	0	0	76.7	
NZ_AOHO01000063.1	3	13100  	13028  	Ala	TGC	0	0	83.5	
NZ_AOHO01000067.1	1	22726  	22655  	Val	TAC	0	0	73.7	
NZ_AOHO01000068.1	1	110148 	110212 	Undet	NNN	0	0	25.0	
NZ_AOHO01000068.1	2	298513 	298439 	Val	GAC	0	0	72.3	
NZ_AOHO01000068.1	3	298403 	298332 	Val	CAC	0	0	69.5	
NZ_AOHO01000073.1	1	2490   	2401   	Met	CAT	0	0	23.2	
NZ_AOHO01000073.1	2	71     	1      	fMet	CAT	0	0	63.0	
NZ_AOHO01000074.1	1	241271 	241343 	Ala	GGC	0	0	75.1	
NZ_AOHO01000075.1	1	73723  	73649  	Leu	CAG	0	0	39.8	
NZ_AOHO01000076.1	1	63998  	64081  	Leu	GAG	0	0	61.9	
NZ_AOHO01000077.1	1	107629 	107702 	Gly	TCC	0	0	83.9	
NZ_AOHO01000077.1	2	107544 	107468 	Pro	TGG	0	0	82.9	
NZ_AOHO01000077.1	3	69213  	69140  	Arg	TCT	0	0	68.0	
NZ_AOHO01000078.1	1	77737  	77809  	Gly	GCC	0	0	84.6	
NZ_AOHO01000078.1	2	77835  	77905  	Cys	GCA	0	0	71.0	
NZ_AOHO01000078.1	3	77907  	77981  	Val	GAC	0	0	78.7	
NZ_AOHO01000078.1	4	76777  	76706  	Val	CAC	0	0	72.0	
NZ_AOHO01000079.1	1	18886  	18959  	Pro	CGG	0	0	69.4	
NZ_AOHO01000079.1	2	89745  	89829  	Ser	GGA	0	0	71.5	
NZ_AOHO01000079.1	3	98797  	98884  	Ser	CGA	0	0	67.0	
NZ_APML01000002.1	1	24247  	24339  	Ser	TGA	0	0	80.1	
NZ_APML01000002.1	2	25704  	25776  	Arg	CCT	0	0	67.2	
NZ_APML01000008.1	1	2130   	2202   	Ala	GGC	0	0	66.5	
NZ_APML01000018.1	1	20567  	20494  	Met	CAT	0	0	65.7	
NZ_APML01000019.1	1	188659 	188585 	Asn	GTT	0	0	85.2	
NZ_APML01000019.1	2	188581 	188505 	Met	CAT	0	0	76.3	
NZ_APML01000019.1	3	188493 	188418 	His	GTG	0	0	67.2	
NZ_APML01000019.1	4	188400 	188324 	Ile2	CAT	0	0	88.6	
NZ_APML01000019.1	5	188312 	188220 	Ser	TGA	0	0	80.0	
NZ_APML01000019.1	6	188190 	188115 	Phe	GAA	0	0	87.7	
NZ_APML01000020.1	1	15355  	15261  	Ser	CGA	0	0	81.9	
NZ_APML01000027.1	1	30964  	30893  	Arg	CCG	0	0	48.7	
NZ_APML01000027.1	2	9943   	9829   	Arg	GCG	9911	9867	29.0	pseudo
NZ_APML01000034.1	1	10945  	10872  	Gly	TCC	0	0	83.3	
NZ_APML01000045.1	1	11428  	11352  	fMet	CAT	0	0	80.9	
NZ_APML01000045.1	2	11280  	11204  	Asp	GTC	0	0	84.8	
NZ_APML01000046.1	1	41899  	41973  	Asn	GTT	0	0	85.2	
NZ_APML01000046.1	2	41977  	42067  	Ser	GCT	0	0	81.0	
NZ_APML01000046.1	3	42073  	42144  	Glu	TTC	0	0	73.4	
NZ_APML01000046.1	4	42165  	42241  	Asp	GTC	0	0	89.1	
NZ_APML01000046.1	5	42245  	42319  	Gln	TTG	0	0	73.4	
NZ_APML01000046.1	6	42495  	42567  	Lys	TTT	0	0	81.6	
NZ_APML01000046.1	7	42616  	42699  	Leu	GAG	0	0	58.6	
NZ_APML01000046.1	8	42769  	42845  	Arg	ACG	0	0	79.3	
NZ_APML01000046.1	9	42850  	42926  	Pro	TGG	0	0	82.4	
NZ_APML01000046.1	10	42946  	43019  	Gly	TCC	0	0	83.3	
NZ_APML01000046.1	11	43028  	43104  	Ile	GAT	0	0	86.9	
NZ_APML01000069.1	1	10905  	10834  	Val	GAC	0	0	68.7	
NZ_APML01000075.1	1	289    	216    	Gly	TCC	0	0	83.3	
NZ_APML01000075.1	2	214    	141    	Arg	TCT	0	0	75.9	
NC_021280.1 	1	89393  	89468  	His	GTG	0	0	66.6	
NC_021280.1 	2	212732 	212808 	Ile	GAT	0	0	81.9	
NC_021280.1 	3	212821 	212896 	Ala	TGC	0	0	83.8	
NC_021280.1 	4	407625 	407701 	Arg	TCT	0	0	74.7	
NC_021280.1 	5	428702 	428777 	Val	TAC	0	0	83.4	
NC_021280.1 	6	428783 	428858 	Thr	TGT	0	0	80.8	
NC_021280.1 	7	428863 	428946 	Tyr	GTA	0	0	68.4	
NC_021280.1 	8	428956 	429030 	Gln	TTG	0	0	72.3	
NC_021280.1 	9	429047 	429122 	Lys	TTT	0	0	75.3	
NC_021280.1 	10	429130 	429216 	Leu	TAA	0	0	70.6	
NC_021280.1 	11	429287 	429360 	Gly	TCC	0	0	76.2	
NC_021280.1 	12	846320 	846404 	Leu	CAA	0	0	63.8	
NC_021280.1 	13	965474 	965384 	Ser	GCT	0	0	85.5	
NC_021280.1 	14	957783 	957708 	Sup	TCA	0	0	79.6	
NC_021280.1 	15	957646 	957572 	Trp	CCA	0	0	79.3	
NC_021280.1 	16	957555 	957463 	Ser	CGA	0	0	77.4	
NC_021280.1 	17	895101 	895026 	Asn	GTT	0	0	80.2	
NC_021280.1 	18	894998 	894923 	Glu	TTC	0	0	69.2	
NC_021280.1 	19	894918 	894843 	Val	TAC	0	0	78.7	
NC_021280.1 	20	894827 	894752 	Thr	TGT	0	0	81.8	
NC_021280.1 	21	894713 	894638 	Lys	TTT	0	0	73.4	
NC_021280.1 	22	894618 	894534 	Leu	TAG	0	0	69.8	
NC_021280.1 	23	843020 	842945 	Cys	GCA	0	0	70.4	
NC_021280.1 	24	842917 	842841 	Arg	ACG	0	0	79.0	
NC_021280.1 	25	842828 	842752 	Pro	TGG	0	0	81.1	
NC_021280.1 	26	842733 	842658 	Ala	TGC	0	0	83.8	
NC_021280.1 	27	842613 	842537 	Met	CAT	0	0	72.2	
NC_021280.1 	28	842533 	842457 	Ile2	CAT	0	0	87.9	
NC_021280.1 	29	842420 	842328 	Ser	TGA	0	0	82.8	
NC_021280.1 	30	842265 	842190 	fMet	CAT	0	0	77.8	
NC_021280.1 	31	842186 	842111 	Asp	GTC	0	0	71.3	
NC_021280.1 	32	842105 	842030 	Phe	GAA	0	0	77.3	
NC_021280.1 	33	636855 	636774 	Gly	ACC	0	0	61.0	
NC_021284.1 	1	110102 	110177 	His	GTG	0	0	66.6	
NC_021284.1 	2	235577 	235653 	Ile	GAT	0	0	81.9	
NC_021284.1 	3	235666 	235741 	Ala	TGC	0	0	83.8	
NC_021284.1 	4	412305 	412381 	Arg	TCT	0	0	74.7	
NC_021284.1 	5	428165 	428240 	Val	TAC	0	0	83.4	
NC_021284.1 	6	428246 	428321 	Thr	TGT	0	0	80.8	
NC_021284.1 	7	428326 	428409 	Tyr	GTA	0	0	68.4	
NC_021284.1 	8	428419 	428493 	Gln	TTG	0	0	72.3	
NC_021284.1 	9	428510 	428585 	Lys	TTT	0	0	73.4	
NC_021284.1 	10	428593 	428679 	Leu	TAA	0	0	70.6	
NC_021284.1 	11	428749 	428822 	Gly	TCC	0	0	76.2	
NC_021284.1 	12	863139 	863223 	Leu	CAA	0	0	63.8	
NC_021284.1 	13	987677 	987587 	Ser	GCT	0	0	85.5	
NC_021284.1 	14	979985 	979910 	Sup	TCA	0	0	79.6	
NC_021284.1 	15	979847 	979773 	Trp	CCA	0	0	79.3	
NC_021284.1 	16	979756 	979664 	Ser	CGA	0	0	78.6	
NC_021284.1 	17	916585 	916510 	Asn	GTT	0	0	80.2	
NC_021284.1 	18	916482 	916407 	Glu	TTC	0	0	69.2	
NC_021284.1 	19	916402 	916327 	Val	TAC	0	0	78.7	
NC_021284.1 	20	916311 	916236 	Thr	TGT	0	0	81.8	
NC_021284.1 	21	916198 	916123 	Lys	TTT	0	0	73.4	
NC_021284.1 	22	916103 	916019 	Leu	TAG	0	0	69.8	
NC_021284.1 	23	859839 	859764 	Cys	GCA	0	0	70.4	
NC_021284.1 	24	859736 	859660 	Arg	ACG	0	0	79.0	
NC_021284.1 	25	859647 	859571 	Pro	TGG	0	0	81.1	
NC_021284.1 	26	859552 	859477 	Ala	TGC	0	0	83.8	
NC_021284.1 	27	859432 	859356 	Met	CAT	0	0	72.2	
NC_021284.1 	28	859352 	859276 	Ile2	CAT	0	0	87.9	
NC_021284.1 	29	859241 	859149 	Ser	TGA	0	0	82.8	
NC_021284.1 	30	859086 	859011 	fMet	CAT	0	0	77.8	
NC_021284.1 	31	859007 	858932 	Asp	GTC	0	0	71.3	
NC_021284.1 	32	858926 	858851 	Phe	GAA	0	0	77.3	
NC_021846.1 	1	84467  	84565  	Ile	AAT	0	0	22.6	pseudo
NC_021846.1 	2	157869 	157944 	Asn	GTT	0	0	89.6	
NC_021846.1 	3	157952 	158027 	Glu	TTC	0	0	64.5	
NC_021846.1 	4	158045 	158120 	Val	TAC	0	0	83.9	
NC_021846.1 	5	158129 	158204 	Thr	TGT	0	0	84.5	
NC_021846.1 	6	158707 	158782 	Lys	TTT	0	0	81.7	
NC_021846.1 	7	158787 	158871 	Leu	TAG	0	0	74.3	
NC_021846.1 	8	170301 	170375 	Cys	GCA	0	0	66.1	
NC_021846.1 	9	170558 	170634 	Arg	ACG	0	0	73.1	
NC_021846.1 	10	170687 	170763 	Pro	TGG	0	0	83.1	
NC_021846.1 	11	170786 	170861 	Ala	TGC	0	0	83.8	
NC_021846.1 	12	170867 	170943 	Met	CAT	0	0	78.9	
NC_021846.1 	13	170962 	171038 	Ile2	CAT	0	0	87.8	
NC_021846.1 	14	171086 	171178 	Ser	TGA	0	0	85.5	
NC_021846.1 	15	171188 	171263 	fMet	CAT	0	0	82.8	
NC_021846.1 	16	171268 	171344 	Asp	GTC	0	0	79.8	
NC_021846.1 	17	171352 	171427 	Phe	GAA	0	0	72.6	
NC_021846.1 	18	171577 	171653 	Ile	GAT	0	0	75.5	
NC_021846.1 	19	205675 	205765 	Ser	GCT	0	0	82.4	
NC_021846.1 	20	315828 	315904 	Arg	TCT	0	0	76.4	
NC_021846.1 	21	386636 	386709 	Gly	TCC	0	0	76.9	
NC_021846.1 	22	909442 	909524 	Leu	CAA	0	0	67.7	
NC_021846.1 	23	959328 	959253 	His	GTG	0	0	63.8	
NC_021846.1 	24	956731 	956656 	Sup	TCA	0	0	81.5	
NC_021846.1 	25	956606 	956531 	Trp	CCA	0	0	78.3	
NC_021846.1 	26	800278 	800203 	Thr	AGT	0	0	88.8	
NC_021846.1 	27	800189 	800106 	Tyr	GTA	0	0	67.5	
NC_021846.1 	28	800100 	800026 	Gln	TTG	0	0	70.3	
NC_021846.1 	29	800005 	799930 	Lys	TTT	0	0	76.8	
NC_021846.1 	30	799912 	799824 	Leu	TAA	0	0	74.2	
NC_021833.1 	1	84794  	84895  	Tyr	GTA	0	0	29.5	pseudo
NC_021833.1 	2	139953 	140028 	Asn	GTT	0	0	89.6	
NC_021833.1 	3	140036 	140111 	Glu	TTC	0	0	63.5	
NC_021833.1 	4	140131 	140206 	Val	TAC	0	0	82.8	
NC_021833.1 	5	140215 	140290 	Thr	TGT	0	0	84.5	
NC_021833.1 	6	140812 	140887 	Lys	TTT	0	0	76.8	
NC_021833.1 	7	140893 	140977 	Leu	TAG	0	0	73.7	
NC_021833.1 	8	152892 	152966 	Cys	GCA	0	0	64.7	
NC_021833.1 	9	153130 	153206 	Arg	ACG	0	0	77.4	
NC_021833.1 	10	153248 	153324 	Pro	TGG	0	0	83.1	
NC_021833.1 	11	153352 	153427 	Ala	TGC	0	0	83.8	
NC_021833.1 	12	153433 	153509 	Met	CAT	0	0	78.9	
NC_021833.1 	13	153536 	153612 	Ile2	CAT	0	0	87.8	
NC_021833.1 	14	153654 	153746 	Ser	TGA	0	0	84.5	
NC_021833.1 	15	153754 	153829 	fMet	CAT	0	0	82.8	
NC_021833.1 	16	153833 	153909 	Asp	GTC	0	0	79.8	
NC_021833.1 	17	153915 	153990 	Phe	GAA	0	0	73.2	
NC_021833.1 	18	154102 	154178 	Ile	GAT	0	0	76.5	
NC_021833.1 	19	191980 	192070 	Ser	GCT	0	0	85.6	
NC_021833.1 	20	306848 	306924 	Arg	TCT	0	0	76.4	
NC_021833.1 	21	381433 	381506 	Gly	TCC	0	0	76.2	
NC_021833.1 	22	762747 	762829 	Leu	CAA	0	0	68.3	
NC_021833.1 	23	812165 	812090 	His	GTG	0	0	67.9	
NC_021833.1 	24	809615 	809540 	Sup	TCA	0	0	81.5	
NC_021833.1 	25	809495 	809420 	Trp	CCA	0	0	78.3	
NC_021833.1 	26	669609 	669534 	Thr	AGT	0	0	88.8	
NC_021833.1 	27	669521 	669438 	Tyr	GTA	0	0	67.6	
NC_021833.1 	28	669432 	669358 	Gln	TTG	0	0	68.2	
NC_021833.1 	29	669339 	669264 	Lys	TTT	0	0	76.8	
NC_021833.1 	30	669245 	669157 	Leu	TAA	0	0	74.2	
NZ_HG005284.1	1	231081 	231156 	Glu	CTC	0	0	67.9	
NZ_HG005284.1	2	234579 	234504 	Gln	CTG	0	0	71.2	
NZ_HG005284.1	3	68917  	68842  	Asn	GTT	0	0	85.3	
NZ_HG005284.1	4	68834  	68759  	Glu	TTC	0	0	71.5	
NZ_HG005284.1	5	68752  	68677  	Val	TAC	0	0	84.7	
NZ_HG005284.1	6	68662  	68587  	Thr	TGT	0	0	85.6	
NZ_HG005284.1	7	68581  	68506  	Lys	TTT	0	0	78.7	
NZ_HG005284.1	8	68491  	68409  	Leu	TAG	0	0	69.3	
NZ_HG005285.1	1	337813 	337888 	Val	TAC	0	0	84.7	
NZ_HG005285.1	2	337892 	337967 	Thr	TGT	0	0	85.6	
NZ_HG005285.1	3	337976 	338059 	Tyr	GTA	0	0	70.2	
NZ_HG005285.1	4	338069 	338144 	Gln	TTG	0	0	68.6	
NZ_HG005285.1	5	338155 	338230 	Lys	TTT	0	0	78.7	
NZ_HG005285.1	6	338240 	338313 	Gly	TCC	0	0	80.2	
NZ_HG005285.1	7	338337 	338410 	Gly	TCC	0	0	80.2	
NZ_HG005285.1	8	343461 	343534 	Gly	TCC	0	0	80.2	
NZ_HG005285.1	9	183060 	182986 	Cys	GCA	0	0	70.5	
NZ_HG005285.1	10	182978 	182890 	Leu	TAA	0	0	77.8	
NZ_HG005285.1	11	182799 	182723 	Arg	ACG	0	0	76.4	
NZ_HG005285.1	12	182699 	182623 	Pro	TGG	0	0	82.6	
NZ_HG005285.1	13	182614 	182539 	Ala	TGC	0	0	79.0	
NZ_HG005285.1	14	182531 	182439 	Ser	TGA	0	0	80.5	
NZ_HG005285.1	15	182416 	182340 	fMet	CAT	0	0	67.3	
NZ_HG005285.1	16	182335 	182259 	Asp	GTC	0	0	86.1	
NZ_HG005285.1	17	182252 	182177 	Phe	GAA	0	0	80.0	
NZ_HG005285.1	18	182148 	182072 	Met	CAT	0	0	79.9	
NZ_HG005285.1	19	182031 	181955 	Ile2	CAT	0	0	85.6	
NZ_HG005286.1	1	112039 	111942 	Undet	NNN	0	0	24.6	pseudo
NZ_HG005287.1	1	166000 	165924 	Thr	CGT	0	0	68.7	
NZ_HG005288.1	1	117644 	117719 	Glu	TTC	0	0	71.5	
NZ_HG005288.1	2	117721 	117794 	Trp	CCA	0	0	77.3	
NZ_HG005288.1	3	323610 	323535 	His	GTG	0	0	73.7	
NZ_HG005288.1	4	23747  	23663  	Leu	CAA	0	0	72.0	
NZ_HG005290.1	1	28488  	28564  	Arg	TCT	0	0	78.9	
NZ_HG005290.1	2	275715 	275630 	Leu	GAG	0	0	64.2	
NZ_HG005290.1	3	275619 	275534 	Leu	CAG	0	0	63.6	
NZ_HG005291.1	1	114058 	113983 	Lys	CTT	0	0	72.9	
NZ_HG005291.1	2	111011 	110921 	Ser	GCT	0	0	76.0	
NZ_HG005291.1	3	110891 	110815 	Asp	GTC	0	0	86.1	
NZ_HG005293.1	1	12467  	12542  	Gln	TTG	0	0	68.6	
NZ_HG005293.1	2	12548  	12623  	Val	TAC	0	0	84.7	
NZ_HG005293.1	3	12627  	12702  	Thr	TGT	0	0	85.6	
NZ_HG005293.1	4	12711  	12794  	Tyr	GTA	0	0	70.2	
NZ_HG005293.1	5	12801  	12876  	Lys	TTT	0	0	78.7	
NZ_HG005293.1	6	12891  	12979  	Leu	TAA	0	0	77.8	
NZ_HG005293.1	7	12987  	13060  	Gly	TCC	0	0	80.2	
NZ_HG005293.1	8	13068  	13143  	Asn	GTT	0	0	85.3	
NZ_HG005293.1	9	13151  	13226  	Glu	TTC	0	0	71.5	
NZ_HG005296.1	1	8548   	8471   	Arg	CCT	0	0	75.8	
NZ_HG005297.1	1	54394  	54318  	Ile	GAT	0	0	88.5	
NZ_HG005297.1	2	54299  	54223  	Ile	GAT	0	0	88.5	
NZ_HG005297.1	3	54204  	54129  	Ala	TGC	0	0	79.0	
NC_022998.1 	1	84133  	84190  	Ser	CGA	0	0	21.9	
NC_022998.1 	2	132739 	132814 	Asn	GTT	0	0	89.6	
NC_022998.1 	3	132823 	132898 	Glu	TTC	0	0	64.2	
NC_022998.1 	4	132912 	132987 	Val	TAC	0	0	79.9	
NC_022998.1 	5	132997 	133072 	Thr	TGT	0	0	84.5	
NC_022998.1 	6	133695 	133770 	Lys	TTT	0	0	76.8	
NC_022998.1 	7	133776 	133860 	Leu	TAG	0	0	71.6	
NC_022998.1 	8	144381 	144455 	Cys	GCA	0	0	64.7	
NC_022998.1 	9	144658 	144734 	Arg	ACG	0	0	77.4	
NC_022998.1 	10	144780 	144856 	Pro	TGG	0	0	83.1	
NC_022998.1 	11	144882 	144957 	Ala	TGC	0	0	83.8	
NC_022998.1 	12	144965 	145041 	Met	CAT	0	0	78.9	
NC_022998.1 	13	145065 	145141 	Ile2	CAT	0	0	87.8	
NC_022998.1 	14	145191 	145283 	Ser	TGA	0	0	85.5	
NC_022998.1 	15	145292 	145367 	fMet	CAT	0	0	82.8	
NC_022998.1 	16	145372 	145448 	Asp	GTC	0	0	79.8	
NC_022998.1 	17	145457 	145532 	Phe	GAA	0	0	74.4	
NC_022998.1 	18	145664 	145740 	Ile	GAT	0	0	75.9	
NC_022998.1 	19	189452 	189542 	Ser	GCT	0	0	82.4	
NC_022998.1 	20	376796 	376872 	Arg	TCT	0	0	76.4	
NC_022998.1 	21	466140 	466213 	Gly	TCC	0	0	76.2	
NC_022998.1 	22	1041948	1041873	His	GTG	0	0	69.2	
NC_022998.1 	23	1039373	1039298	Sup	TCA	0	0	81.5	
NC_022998.1 	24	1039260	1039185	Trp	CCA	0	0	81.4	
NC_022998.1 	25	996360 	996276 	Leu	CAA	0	0	71.3	
NC_022998.1 	26	853229 	853154 	Thr	AGT	0	0	87.6	
NC_022998.1 	27	853142 	853059 	Tyr	GTA	0	0	67.6	
NC_022998.1 	28	853046 	852972 	Gln	TTG	0	0	68.3	
NC_022998.1 	29	852959 	852884 	Lys	TTT	0	0	76.8	
NC_022998.1 	30	852869 	852781 	Leu	TAA	0	0	69.4	
NC_022998.1 	31	615023 	614926 	Undet	NNN	0	0	65.9	
NZ_KI866530.1	1	267464 	267536 	Thr	TGT	0	0	77.5	
NZ_KI866530.1	2	267584 	267666 	Tyr	GTA	0	0	69.4	
NZ_KI866530.1	3	267706 	267781 	Gly	TCC	0	0	86.3	
NZ_KI866530.1	4	267795 	267866 	Thr	GGT	0	0	73.7	
NZ_KI866530.1	5	267881 	267942 	Undet	NNN	0	0	38.1	
NZ_KI866530.1	6	267960 	268021 	Undet	NNN	0	0	36.3	
NZ_KI866530.1	7	269477 	269547 	Trp	CCA	0	0	54.5	
NZ_KI866530.1	8	319007 	319080 	Asp	GTC	0	0	80.0	
NZ_KI866530.1	9	2214164	2214237	Asn	GTT	0	0	71.4	
NZ_KI866530.1	10	2233658	2233743	Undet	NNN	0	0	25.3	
NZ_KI866530.1	11	2369932	2370004	Phe	GAA	0	0	66.8	
NZ_KI866530.1	12	3150350	3150423	Met	CAT	0	0	72.0	
NZ_KI866530.1	13	3022832	3022751	Leu	TAG	0	0	61.8	
NZ_KI866530.1	14	2755727	2755656	Arg	CCT	0	0	51.3	
NZ_KI866530.1	15	2201376	2201303	Ile2	CAT	0	0	64.3	
NZ_KI866530.1	16	2020974	2020903	Arg	CCG	0	0	48.2	
NZ_KI866530.1	17	1753653	1753567	Ser	GGA	0	0	74.1	
NZ_KI866530.1	18	1533299	1533211	Ser	GCT	0	0	73.9	
NZ_KI866530.1	19	1533138	1533065	Pro	TGG	0	0	75.5	
NZ_KI866530.1	20	1484661	1484588	Ile	GAT	0	0	76.7	
NZ_KI866530.1	21	1484498	1484422	Ala	TGC	0	0	80.0	
NZ_KI866530.1	22	1350258	1350187	fMet	CAT	0	0	71.0	
NZ_KI866530.1	23	1173587	1173513	Val	TAC	0	0	77.0	
NZ_KI866530.1	24	1153482	1153412	Cys	GCA	0	0	59.3	
NZ_KI866530.1	25	1135150	1135075	Gly	GCC	0	0	79.1	
NZ_KI866530.1	26	1135037	1134952	Leu	TAA	0	0	65.5	
NZ_KI866530.1	27	1014199	1014126	Arg	ACG	0	0	55.3	
NZ_KI866530.1	28	970024 	969951 	Pro	GGG	0	0	60.8	
NZ_KI866530.1	29	895827 	895740 	Ser	TGA	0	0	70.5	
NZ_KI866530.1	30	831009 	830936 	Arg	TCT	0	0	75.9	
NZ_KI866530.1	31	789115 	789032 	Leu	GAG	0	0	57.3	
NZ_KI866530.1	32	702619 	702546 	His	GTG	0	0	65.0	
NZ_KI866530.1	33	558202 	558119 	Leu	CAA	0	0	68.2	
NZ_KI866530.1	34	516041 	515969 	Lys	TTT	0	0	71.7	
NZ_KI866530.1	35	260429 	260359 	Gln	TTG	0	0	45.5	
NZ_KI866530.1	36	121272 	121201 	Glu	TTC	0	0	54.1	
NZ_KI912485.1	1	71746  	71822  	Arg	TCT	0	0	77.9	
NZ_KI912485.1	2	325473 	325398 	Thr	AGT	0	0	85.9	
NZ_KI912485.1	3	325387 	325304 	Tyr	GTA	0	0	66.9	
NZ_KI912485.1	4	325294 	325220 	Gln	TTG	0	0	69.0	
NZ_KI912485.1	5	325210 	325135 	Lys	TTT	0	0	84.9	
NZ_KI912485.1	6	325113 	325025 	Leu	TAA	0	0	66.7	
NZ_KI912485.1	7	295911 	295838 	Gly	TCC	0	0	75.9	
NZ_KI912486.1	1	284462 	284537 	Asn	GTT	0	0	82.3	
NZ_KI912486.1	2	284548 	284623 	Glu	TTC	0	0	66.1	
NZ_KI912486.1	3	284651 	284726 	Val	TAC	0	0	76.1	
NZ_KI912486.1	4	284742 	284817 	Thr	TGT	0	0	85.3	
NZ_KI912486.1	5	285872 	285947 	Lys	TTT	0	0	84.9	
NZ_KI912486.1	6	285954 	286037 	Leu	TAG	0	0	73.4	
NZ_KI912486.1	7	248171 	248087 	Leu	TAG	248139	248124	24.7	pseudo
NZ_JAED01000007.1	1	32075  	32149  	Cys	GCA	0	0	71.2	
NZ_JAED01000007.1	2	32319  	32395  	Arg	ACG	0	0	79.6	
NZ_JAED01000007.1	3	32463  	32539  	Pro	TGG	0	0	83.1	
NZ_JAED01000007.1	4	32547  	32622  	Ala	TGC	0	0	82.2	
NZ_JAED01000007.1	5	32640  	32716  	Met	CAT	0	0	79.0	
NZ_JAED01000007.1	6	32728  	32804  	Ile2	CAT	0	0	85.3	
NZ_JAED01000007.1	7	32855  	32947  	Ser	TGA	0	0	85.5	
NZ_JAED01000007.1	8	32970  	33045  	fMet	CAT	0	0	85.0	
NZ_JAED01000007.1	9	33049  	33125  	Asp	GTC	0	0	77.5	
NZ_JAED01000007.1	10	33131  	33206  	Phe	GAA	0	0	76.0	
NZ_JAED01000007.1	11	50508  	50597  	Ser	GCT	0	0	78.7	
NZ_JAED01000009.1	1	28360  	28436  	Ile	GAT	0	0	79.8	
NZ_JAED01000009.1	2	43882  	43957  	His	GTG	0	0	65.9	
NZ_JAED01000010.1	1	2566   	2641   	Sup	TCA	0	0	83.1	
NZ_JAED01000010.1	2	2684   	2758   	Trp	CCA	0	0	77.6	
NZ_JAED01000012.1	1	26895  	26811  	Leu	CAA	0	0	69.6	
NZ_JAHB01000001.1	1	24505  	24579  	Asn	GTT	0	0	80.4	
NZ_JAHB01000001.1	2	24585  	24660  	Glu	TTC	0	0	62.1	
NZ_JAHB01000001.1	3	24665  	24740  	Val	TAC	0	0	82.9	
NZ_JAHB01000001.1	4	24743  	24818  	Thr	TGT	0	0	91.8	
NZ_JAHB01000001.1	5	24866  	24949  	Leu	TAG	0	0	62.8	
NZ_JAHB01000001.1	6	37663  	37738  	Lys	CTT	0	0	83.6	
NZ_JAHB01000001.1	7	65185  	65261  	Arg	TCT	0	0	76.8	
NZ_JAHB01000001.1	8	117960 	118033 	Gly	TCC	0	0	74.3	
NZ_JAHB01000001.1	9	159015 	158942 	Trp	CCA	0	0	65.7	
NZ_JAHB01000001.1	10	122095 	122020 	Thr	GGT	0	0	70.7	
NZ_JAHB01000001.1	11	77693  	77618  	His	GTG	0	0	69.0	
NZ_JAHB01000003.1	1	31008  	30932  	Pro	TGG	0	0	81.9	
NZ_JAHB01000003.1	2	30924  	30848  	Ala	TGC	0	0	81.0	
NZ_JAHB01000003.1	3	30843  	30767  	Met	CAT	0	0	81.1	
NZ_JAHB01000003.1	4	30746  	30671  	Ile2	CAT	0	0	85.2	
NZ_JAHB01000003.1	5	30667  	30575  	Ser	TGA	0	0	75.2	
NZ_JAHB01000003.1	6	30545  	30470  	fMet	CAT	0	0	77.0	
NZ_JAHB01000003.1	7	30467  	30391  	Asp	GTC	0	0	75.8	
NZ_JAHB01000003.1	8	30386  	30311  	Phe	GAA	0	0	78.1	
NZ_JAHB01000003.1	9	11461  	11385  	Ile	GAT	0	0	82.2	
NZ_JAHB01000007.1	1	6036   	5946   	Ser	GCT	0	0	70.5	
NZ_JAHB01000007.1	2	5891   	5801   	Ser	GGA	0	0	73.8	
NZ_JAHB01000010.1	1	30741  	30667  	Sup	TCA	0	0	73.8	
NZ_JAHB01000010.1	2	21363  	21280  	Leu	CAA	0	0	71.3	
NZ_JAHB01000013.1	1	9496   	9411   	Leu	TAA	0	0	77.0	
NZ_JAHB01000013.1	2	9405   	9330   	Lys	TTT	0	0	78.9	
NZ_JAHB01000014.1	1	544    	470    	Cys	GCA	0	0	66.1	
NZ_JAHB01000014.1	2	464    	388    	Arg	ACG	0	0	70.4	
NZ_JAHB01000017.1	1	8650   	8733   	Tyr	GTA	0	0	70.6	
NZ_JAHB01000017.1	2	8737   	8811   	Gln	TTG	0	0	61.3	
NZ_JAHB01000017.1	3	12538  	12612  	Sup	TCA	0	0	73.8	
NZ_JAHB01000023.1	1	4790   	4874   	Leu	AAG	0	0	72.8	
NZ_CBTK010000022.1	1	905    	830    	Asn	GTT	0	0	79.7	
NZ_CBTK010000024.1	1	59545  	59620  	Lys	TTT	0	0	82.9	
NZ_CBTK010000026.1	1	18491  	18406  	Leu	CAA	0	0	76.5	
NZ_CBTK010000028.1	1	1895   	1982   	Leu	TAA	0	0	67.0	
NZ_CBTK010000028.1	2	8723   	8807   	Leu	GAG	0	0	67.2	
NZ_CBTK010000031.1	1	30700  	30625  	Ala	GGC	0	0	78.4	
NZ_CBTK010000031.1	2	30577  	30502  	Glu	TTC	0	0	66.4	
NZ_CBTK010000035.1	1	30173  	30087  	Leu	CAG	0	0	64.3	
NZ_CBTK010000038.1	1	10205  	10269  	Met	CAT	0	0	27.9	
NZ_CBTK010000041.1	1	6600   	6525   	Ile2	CAT	0	0	88.0	
NZ_CBTK010000059.1	1	30628  	30720  	Ser	CGA	0	0	77.0	
NZ_CBTK010000065.1	1	3592   	3516   	Ile	GAT	0	0	85.8	
NZ_CBTK010000065.1	2	3511   	3436   	Ala	TGC	0	0	83.2	
NZ_CBTK010000071.1	1	29825  	29901  	Pro	TGG	0	0	79.5	
NZ_CBTK010000071.1	2	29945  	30021  	Arg	TCT	0	0	79.8	
NZ_CBTK010000071.1	3	30051  	30126  	His	GTG	0	0	73.2	
NZ_CBTK010000071.1	4	30180  	30256  	Lys	CTT	0	0	88.0	
NZ_CBTK010000071.1	5	30422  	30506  	Leu	TAG	0	0	74.2	
NZ_CBTK010000071.1	6	37069  	37144  	Val	TAC	0	0	84.5	
NZ_CBTK010000071.1	7	37158  	37234  	Asp	GTC	0	0	89.5	
NZ_CBTK010000071.1	8	37292  	37368  	Asp	GTC	0	0	89.5	
NZ_CBTK010000079.1	1	22616  	22691  	Gly	GCC	0	0	88.6	
NZ_CBTK010000079.1	2	22763  	22836  	Cys	GCA	0	0	66.6	
NZ_CBTK010000103.1	1	16448  	16523  	Phe	GAA	0	0	86.3	
NZ_CBTK010000113.1	1	28916  	28991  	Glu	CTC	0	0	65.8	
NZ_CBTK010000113.1	2	57628  	57541  	Ser	TGA	0	0	82.9	
NZ_CBTK010000126.1	1	10841  	10916  	Thr	CGT	0	0	81.6	
NZ_CBTK010000145.1	1	663    	738    	Thr	TGT	0	0	78.0	
NZ_CBTK010000145.1	2	551    	467    	Tyr	GTA	0	0	80.0	
NZ_CBTK010000145.1	3	376    	303    	Gly	TCC	0	0	83.6	
NZ_CBTK010000145.1	4	274    	199    	Thr	GGT	0	0	76.5	
NZ_CBTK010000178.1	1	5116   	5192   	Arg	CCG	0	0	88.8	
NZ_CBTK010000255.1	1	33100  	33027  	Gly	CCC	0	0	82.1	
NZ_CBTK010000255.1	2	26173  	26099  	Val	CAC	0	0	86.0	
NZ_CBTK010000267.1	1	21482  	21555  	Gln	CTG	0	0	64.5	
NZ_CBTK010000270.1	1	131    	206    	Trp	CCA	0	0	87.0	
NZ_CBTK010000270.1	2	34864  	34938  	Gln	TTG	0	0	76.6	
NZ_CBTK010000278.1	1	46623  	46547  	Val	GAC	0	0	84.1	
NZ_CBTK010000278.1	2	39366  	39290  	Pro	GGG	0	0	75.5	
NZ_CBTK010000286.1	1	32310  	32225  	Leu	CAA	0	0	76.5	
NZ_CBTK010000302.1	1	54685  	54610  	Ala	CGC	0	0	81.3	
NZ_CBTK010000304.1	1	37375  	37451  	fMet	CAT	0	0	73.4	
NZ_CBTK010000304.1	2	46499  	46588  	Ser	GGA	0	0	89.3	
NZ_CBTK010000306.1	1	10561  	10488  	Arg	CCT	0	0	77.0	
NZ_CBTK010000306.1	2	473    	381    	Ser	GCT	0	0	90.5	
NZ_CBTK010000306.1	3	312    	236    	Arg	ACG	0	0	84.0	
NZ_CBTK010000314.1	1	6470   	6394   	Pro	CGG	0	0	82.2	
NZ_CP006681.1	1	95882  	95983  	Undet	NNN	0	0	26.8	pseudo
NZ_CP006681.1	2	161362 	161437 	Asn	GTT	0	0	89.6	
NZ_CP006681.1	3	161446 	161521 	Glu	TTC	0	0	64.2	
NZ_CP006681.1	4	161539 	161614 	Val	TAC	0	0	79.9	
NZ_CP006681.1	5	161625 	161700 	Thr	TGT	0	0	84.5	
NZ_CP006681.1	6	162196 	162271 	Lys	TTT	0	0	78.6	
NZ_CP006681.1	7	162277 	162361 	Leu	TAG	0	0	73.7	
NZ_CP006681.1	8	170509 	170583 	Cys	GCA	0	0	64.7	
NZ_CP006681.1	9	171417 	171493 	Arg	ACG	0	0	73.1	
NZ_CP006681.1	10	171545 	171621 	Pro	TGG	0	0	83.1	
NZ_CP006681.1	11	171649 	171724 	Ala	TGC	0	0	83.8	
NZ_CP006681.1	12	171732 	171808 	Met	CAT	0	0	79.8	
NZ_CP006681.1	13	171825 	171901 	Ile2	CAT	0	0	87.8	
NZ_CP006681.1	14	171963 	172055 	Ser	TGA	0	0	85.5	
NZ_CP006681.1	15	172063 	172138 	fMet	CAT	0	0	82.8	
NZ_CP006681.1	16	172143 	172219 	Asp	GTC	0	0	79.7	
NZ_CP006681.1	17	172228 	172303 	Phe	GAA	0	0	74.4	
NZ_CP006681.1	18	180931 	181007 	Ile	GAT	0	0	76.5	
NZ_CP006681.1	19	238359 	238449 	Ser	GCT	0	0	82.1	
NZ_CP006681.1	20	386728 	386804 	Arg	TCT	0	0	76.4	
NZ_CP006681.1	21	943073 	943157 	Leu	CAA	0	0	70.7	
NZ_CP006681.1	22	997308 	997233 	His	GTG	0	0	68.2	
NZ_CP006681.1	23	994724 	994649 	Sup	TCA	0	0	81.5	
NZ_CP006681.1	24	994605 	994530 	Trp	CCA	0	0	81.4	
NZ_CP006681.1	25	831392 	831317 	Thr	AGT	0	0	88.8	
NZ_CP006681.1	26	831305 	831222 	Tyr	GTA	0	0	68.4	
NZ_CP006681.1	27	831214 	831140 	Gln	TTG	0	0	68.2	
NZ_CP006681.1	28	831130 	831055 	Lys	TTT	0	0	78.6	
NZ_CP006681.1	29	831041 	830953 	Leu	TAA	0	0	69.7	
NZ_CP006681.1	30	768272 	768199 	Gly	TCC	0	0	76.2	
NZ_CP006934.1	1	133842 	133917 	Asn	GTT	0	0	84.1	
NZ_CP006934.1	2	133938 	134013 	Glu	TTC	0	0	64.0	
NZ_CP006934.1	3	134029 	134104 	Val	TAC	0	0	79.9	
NZ_CP006934.1	4	134123 	134198 	Thr	TGT	0	0	84.5	
NZ_CP006934.1	5	135444 	135519 	Lys	TTT	0	0	82.5	
NZ_CP006934.1	6	135524 	135608 	Leu	TAG	0	0	73.7	
NZ_CP006934.1	7	146280 	146354 	Cys	GCA	0	0	67.3	
NZ_CP006934.1	8	146592 	146668 	Arg	ACG	0	0	76.8	
NZ_CP006934.1	9	146712 	146788 	Pro	TGG	0	0	82.2	
NZ_CP006934.1	10	146801 	146876 	Ala	TGC	0	0	82.2	
NZ_CP006934.1	11	146892 	146968 	Met	CAT	0	0	81.0	
NZ_CP006934.1	12	146980 	147056 	Ile2	CAT	0	0	85.3	
NZ_CP006934.1	13	147107 	147199 	Ser	TGA	0	0	84.5	
NZ_CP006934.1	14	147220 	147295 	fMet	CAT	0	0	84.1	
NZ_CP006934.1	15	147298 	147374 	Asp	GTC	0	0	77.5	
NZ_CP006934.1	16	147382 	147457 	Phe	GAA	0	0	72.4	
NZ_CP006934.1	17	154902 	154992 	Ser	GCT	0	0	84.7	
NZ_CP006934.1	18	308187 	308263 	Arg	TCT	0	0	76.4	
NZ_CP006934.1	19	360087 	360174 	Ser	CGA	0	0	66.7	
NZ_CP006934.1	20	756143 	756227 	Leu	CAA	0	0	72.8	
NZ_CP006934.1	21	825506 	825430 	Ile	GAT	0	0	77.2	
NZ_CP006934.1	22	809225 	809150 	His	GTG	0	0	63.0	
NZ_CP006934.1	23	806420 	806345 	Sup	TCA	0	0	85.4	
NZ_CP006934.1	24	806301 	806226 	Trp	CCA	0	0	85.3	
NZ_CP006934.1	25	666309 	666234 	Thr	AGT	0	0	86.1	
NZ_CP006934.1	26	666228 	666145 	Tyr	GTA	0	0	74.8	
NZ_CP006934.1	27	666137 	666063 	Gln	TTG	0	0	68.3	
NZ_CP006934.1	28	666058 	665983 	Lys	TTT	0	0	82.5	
NZ_CP006934.1	29	665955 	665867 	Leu	TAA	0	0	75.0	
NZ_CP006934.1	30	635857 	635784 	Gly	TCC	0	0	76.2	
NZ_CP006932.1	1	42080  	42171  	Ser	GCT	0	0	78.2	
NZ_CP006932.1	2	43772  	43846  	Gly	TCC	0	0	69.8	
NZ_CP006932.1	3	59011  	59087  	His	GTG	0	0	69.2	
NZ_CP006932.1	4	72652  	72728  	Sup	TCA	0	0	72.0	
NZ_CP006932.1	5	72777  	72853  	Trp	CCA	0	0	75.5	
NZ_CP006932.1	6	72907  	72984  	Undet	NNN	0	0	38.9	
NZ_CP006932.1	7	83249  	83325  	Arg	TCT	0	0	77.8	
NZ_CP006932.1	8	167090 	167166 	Ile	GAT	0	0	85.0	
NZ_CP006932.1	9	521783 	521869 	Tyr	GTA	0	0	68.4	
NZ_CP006932.1	10	521875 	521949 	Gln	TTG	0	0	70.5	
NZ_CP006932.1	11	521955 	522030 	Lys	TTT	0	0	79.5	
NZ_CP006932.1	12	522032 	522119 	Leu	TAA	0	0	71.7	
NZ_CP006932.1	13	601078 	601004 	Asn	GTT	0	0	85.0	
NZ_CP006932.1	14	601000 	600925 	Glu	TTC	0	0	72.3	
NZ_CP006932.1	15	600917 	600842 	Val	TAC	0	0	83.5	
NZ_CP006932.1	16	600831 	600756 	Thr	TGT	0	0	86.0	
NZ_CP006932.1	17	600752 	600668 	Leu	TAG	0	0	70.1	
NZ_CP006932.1	18	600659 	600583 	Arg	ACG	0	0	75.4	
NZ_CP006932.1	19	600578 	600502 	Pro	TGG	0	0	79.8	
NZ_CP006932.1	20	600496 	600421 	Ala	TGC	0	0	84.9	
NZ_CP006932.1	21	600413 	600337 	Met	CAT	0	0	75.5	
NZ_CP006932.1	22	600331 	600255 	Ile2	CAT	0	0	84.8	
NZ_CP006932.1	23	600245 	600153 	Ser	TGA	0	0	87.4	
NZ_CP006932.1	24	600143 	600067 	fMet	CAT	0	0	78.2	
NZ_CP006932.1	25	600066 	599991 	Asp	GTC	0	0	74.5	
NZ_CP006932.1	26	599911 	599836 	Phe	GAA	0	0	75.8	
NZ_CP006932.1	27	544206 	544132 	Cys	GCA	0	0	77.8	
NZ_CP006932.1	28	423665 	423583 	Leu	CAA	0	0	64.7	
NZ_CP004372.1	1	112609 	112695 	Leu	TAA	0	0	71.4	
NZ_CP004372.1	2	119502 	119575 	Cys	GCA	0	0	77.7	
NZ_CP004372.1	3	313536 	313612 	Arg	TCT	0	0	80.3	
NZ_CP004372.1	4	441543 	441618 	Ala	CGC	0	0	81.4	
NZ_CP004372.1	5	497474 	497548 	Gln	TTG	0	0	73.6	
NZ_CP004372.1	6	738510 	738584 	Val	GAC	0	0	79.2	
NZ_CP004372.1	7	1016920	1017006	Leu	CAG	0	0	79.6	
NZ_CP004372.1	8	1507264	1507339	Trp	CCA	0	0	90.0	
NZ_CP004372.1	9	1572135	1572211	Arg	ACG	0	0	86.4	
NZ_CP004372.1	10	1683364	1683439	Ala	GGC	0	0	80.8	
NZ_CP004372.1	11	1773432	1773508	His	GTG	0	0	71.1	
NZ_CP004372.1	12	2005972	2006058	Leu	GAG	0	0	68.9	
NZ_CP004372.1	13	2021707	2021796	Ser	TGA	0	0	93.6	
NZ_CP004372.1	14	2533123	2533197	Val	CAC	0	0	79.1	
NZ_CP004372.1	15	2533313	2533388	Val	TAC	0	0	85.1	
NZ_CP004372.1	16	2535749	2535825	Asp	GTC	0	0	87.8	
NZ_CP004372.1	17	2536013	2536089	Asp	GTC	0	0	87.8	
NZ_CP004372.1	18	2558343	2558427	Leu	CAA	0	0	72.2	
NZ_CP004372.1	19	2576527	2576603	Pro	TGG	0	0	77.1	
NZ_CP004372.1	20	2656245	2656334	Ser	GGA	0	0	85.6	
NZ_CP004372.1	21	2913636	2913709	Gly	CCC	0	0	64.7	
NZ_CP004372.1	22	3024215	3024288	Ile2	CAT	0	0	72.2	
NZ_CP004372.1	23	3028376	3028450	Asn	GTT	0	0	82.8	
NZ_CP004372.1	24	3425690	3425764	Thr	GGT	0	0	84.2	
NZ_CP004372.1	25	3486576	3486650	Gly	TCC	0	0	66.3	
NZ_CP004372.1	26	3531166	3531240	Glu	TTC	0	0	64.9	
NZ_CP004372.1	27	3415090	3415016	Phe	GAA	0	0	73.6	
NZ_CP004372.1	28	3387212	3387135	Phe	GAA	0	0	21.4	pseudo
NZ_CP004372.1	29	3324992	3324908	Leu	TAG	0	0	73.2	
NZ_CP004372.1	30	3133465	3133390	Thr	TGT	0	0	87.3	
NZ_CP004372.1	31	3122226	3122147	Thr	TGT	0	0	39.8	
NZ_CP004372.1	32	2881605	2881529	Arg	CCG	0	0	89.8	
NZ_CP004372.1	33	2785137	2785048	Ser	CGA	0	0	84.3	
NZ_CP004372.1	34	2442269	2442193	Pro	GGG	0	0	74.1	
NZ_CP004372.1	35	2226251	2226177	Gly	GCC	0	0	84.3	
NZ_CP004372.1	36	2215249	2215166	Tyr	GTA	0	0	50.8	
NZ_CP004372.1	37	1363858	1363783	Thr	CGT	0	0	86.4	
NZ_CP004372.1	38	1223116	1223040	Pro	CGG	0	0	75.7	
NZ_CP004372.1	39	862384 	862309 	Lys	TTT	0	0	92.0	
NZ_CP004372.1	40	855341 	855265 	Arg	CCT	0	0	82.7	
NZ_CP004372.1	41	722786 	722710 	Ile	GAT	0	0	85.8	
NZ_CP004372.1	42	722546 	722471 	Ala	TGC	0	0	82.0	
NZ_CP004372.1	43	718850 	718774 	fMet	CAT	0	0	79.3	
NZ_CP004372.1	44	592639 	592563 	Met	CAT	0	0	80.7	
NZ_CP004372.1	45	419107 	419018 	Ser	GCT	0	0	91.9	
NZ_CP004372.1	46	5519   	5443   	Ile	GAT	0	0	85.8	
NZ_CP004372.1	47	5279   	5204   	Ala	TGC	0	0	82.0	
NZ_CP004372.1	48	1583   	1507   	fMet	CAT	0	0	79.3	
NZ_JHXS01000001.1	1	36768  	36851  	Tyr	GTA	0	0	70.9	
NZ_JHXS01000001.1	2	36855  	36929  	Gln	TTG	0	0	63.4	
NZ_JHXS01000001.1	3	53526  	53450  	His	GTG	0	0	68.1	
NZ_JHXS01000001.1	4	38001  	37925  	Arg	TCT	0	0	71.9	
NZ_JHXS01000001.1	5	37877  	37802  	Arg	CCT	0	0	70.3	
NZ_JHXS01000002.1	1	26675  	26600  	Cys	GCA	0	0	67.6	
NZ_JHXS01000002.1	2	26593  	26517  	Arg	ACG	0	0	73.6	
NZ_JHXS01000003.1	1	42146  	42220  	Asn	GTT	0	0	83.0	
NZ_JHXS01000003.1	2	42227  	42302  	Glu	TTC	0	0	64.7	
NZ_JHXS01000003.1	3	42311  	42386  	Val	TAC	0	0	80.0	
NZ_JHXS01000003.1	4	42388  	42463  	Thr	TGT	0	0	91.8	
NZ_JHXS01000003.1	5	42492  	42574  	Leu	TAG	0	0	65.1	
NZ_JHXS01000003.1	6	15179  	15106  	Gly	TCC	0	0	77.6	
NZ_JHXS01000003.1	7	2416   	2333   	Leu	CAA	0	0	62.4	
NZ_JHXS01000004.1	1	12982  	13057  	Thr	GGT	0	0	76.8	
NZ_JHXS01000005.1	1	48673  	48597  	Pro	TGG	0	0	81.9	
NZ_JHXS01000005.1	2	48591  	48515  	Ala	TGC	0	0	84.8	
NZ_JHXS01000005.1	3	48509  	48433  	Met	CAT	0	0	77.3	
NZ_JHXS01000005.1	4	48406  	48331  	Ile2	CAT	0	0	84.6	
NZ_JHXS01000005.1	5	48329  	48237  	Ser	TGA	0	0	77.0	
NZ_JHXS01000005.1	6	48205  	48130  	fMet	CAT	0	0	71.4	
NZ_JHXS01000005.1	7	48125  	48049  	Asp	GTC	0	0	77.5	
NZ_JHXS01000005.1	8	48047  	47972  	Phe	GAA	0	0	76.6	
NZ_JHXS01000006.1	1	44704  	44778  	Sup	TCA	0	0	73.2	
NZ_JHXS01000006.1	2	46912  	46985  	Gly	GCC	0	0	74.6	
NZ_JHXS01000006.1	3	29451  	29361  	Ser	CGA	0	0	72.2	
NZ_JHXS01000007.1	1	41313  	41386  	Thr	CGT	0	0	76.1	
NZ_JHXS01000009.1	1	27100  	27184  	Leu	AAG	0	0	72.7	
NZ_JHXS01000009.1	2	37144  	37220  	Ile	GAT	0	0	82.2	
NZ_JHXS01000013.1	1	16163  	16236  	Trp	CCA	0	0	59.1	
NZ_JHXS01000015.1	1	15817  	15742  	Lys	CTT	0	0	74.7	
NZ_JHXS01000018.1	1	401    	488    	Leu	TAA	0	0	68.7	
NZ_JHXS01000018.1	2	515    	590    	Lys	TTT	0	0	72.4	
NZ_JHXS01000027.1	1	3264   	3174   	Ser	GCT	0	0	73.4	
NZ_JHXU01000002.1	1	95028  	95101  	Trp	CCA	0	0	62.3	
NZ_JHXU01000002.1	2	34263  	34192  	Asn	ATT	0	0	20.1	
NZ_JHXU01000003.1	1	34572  	34647  	Sup	TCA	0	0	75.1	
NZ_JHXU01000003.1	2	38249  	38323  	Cys	GCA	0	0	67.6	
NZ_JHXU01000003.1	3	38328  	38404  	Arg	ACG	0	0	73.5	
NZ_JHXU01000003.1	4	60523  	60448  	Thr	CGT	0	0	75.2	
NZ_JHXU01000003.1	5	57693  	57617  	Ile	GAT	0	0	79.6	
NZ_JHXU01000003.1	6	48452  	48360  	Ser	CGA	0	0	79.9	
NZ_JHXU01000003.1	7	30178  	30105  	Gly	TCC	0	0	76.4	
NZ_JHXU01000003.1	8	21652  	21567  	Leu	TAA	0	0	76.4	
NZ_JHXU01000003.1	9	21561  	21486  	Lys	TTT	0	0	76.1	
NZ_JHXU01000004.1	1	35282  	35357  	His	GTG	0	0	62.8	
NZ_JHXU01000004.1	2	45242  	45318  	Pro	TGG	0	0	82.9	
NZ_JHXU01000004.1	3	45325  	45401  	Ala	TGC	0	0	78.5	
NZ_JHXU01000004.1	4	45405  	45481  	Met	CAT	0	0	74.1	
NZ_JHXU01000004.1	5	45504  	45579  	Ile2	CAT	0	0	83.0	
NZ_JHXU01000004.1	6	45581  	45673  	Ser	TGA	0	0	77.9	
NZ_JHXU01000004.1	7	45710  	45786  	fMet	CAT	0	0	76.9	
NZ_JHXU01000004.1	8	45788  	45864  	Asp	GTC	0	0	77.5	
NZ_JHXU01000004.1	9	45866  	45941  	Phe	GAA	0	0	79.1	
NZ_JHXU01000006.1	1	30301  	30374  	Gly	GCC	0	0	74.3	
NZ_JHXU01000006.1	2	29204  	29121  	Tyr	GTA	0	0	70.5	
NZ_JHXU01000006.1	3	29115  	29041  	Gln	TTG	0	0	67.0	
NZ_JHXU01000007.1	1	32115  	32205  	Ser	GCT	0	0	68.5	
NZ_JHXU01000008.1	1	25280  	25355  	Lys	CTT	0	0	82.5	
NZ_JHXU01000009.1	1	31179  	31254  	Thr	GGT	0	0	70.7	
NZ_JHXU01000009.1	2	23282  	23206  	Arg	TCT	0	0	74.7	
NZ_JHXU01000009.1	3	22341  	22265  	Arg	CCT	0	0	71.6	
NZ_JHXU01000012.1	1	20182  	20264  	Leu	CAA	0	0	66.6	
NZ_JHXU01000012.1	2	20266  	20350  	Leu	AAG	0	0	70.2	
NZ_JHXU01000024.1	1	1697   	1623   	Asn	GTT	0	0	80.8	
NZ_JHXU01000024.1	2	1617   	1542   	Glu	TTC	0	0	67.1	
NZ_JHXU01000024.1	3	1538   	1463   	Val	TAC	0	0	75.4	
NZ_JHXU01000024.1	4	1461   	1386   	Thr	TGT	0	0	86.8	
NZ_JHXU01000024.1	5	1353   	1269   	Leu	TAG	0	0	61.0	
NZ_JNJC01000001.1	1	182928 	182853 	Sup	TCA	0	0	83.1	
NZ_JNJC01000001.1	2	182812 	182737 	Trp	CCA	0	0	81.4	
NZ_JNJC01000001.1	3	107514 	107438 	Arg	TCT	0	0	77.9	
NZ_JNJC01000001.1	4	86413  	86339  	Cys	GCA	0	0	71.5	
NZ_JNJC01000001.1	5	86199  	86123  	Arg	ACG	0	0	81.9	
NZ_JNJC01000001.1	6	86075  	85999  	Pro	TGG	0	0	83.1	
NZ_JNJC01000001.1	7	85983  	85908  	Ala	TGC	0	0	82.5	
NZ_JNJC01000001.1	8	85898  	85822  	Met	CAT	0	0	85.4	
NZ_JNJC01000001.1	9	85813  	85737  	Ile2	CAT	0	0	85.3	
NZ_JNJC01000001.1	10	85698  	85606  	Ser	TGA	0	0	85.5	
NZ_JNJC01000001.1	11	85596  	85521  	fMet	CAT	0	0	83.8	
NZ_JNJC01000001.1	12	85512  	85436  	Asp	GTC	0	0	79.8	
NZ_JNJC01000001.1	13	85433  	85358  	Phe	GAA	0	0	75.9	
NZ_JNJC01000001.1	14	68103  	68027  	Ile	GAT	0	0	79.8	
NZ_JNJC01000001.1	15	55108  	55019  	Ser	GCT	0	0	76.3	
NZ_KL370789.1	1	85031  	85104  	Gly	TCC	0	0	75.9	
NZ_KL370789.1	2	213007 	212932 	Thr	AGT	0	0	86.9	
NZ_KL370789.1	3	212924 	212841 	Tyr	GTA	0	0	72.5	
NZ_KL370789.1	4	212835 	212761 	Gln	TTG	0	0	68.9	
NZ_KL370789.1	5	212755 	212680 	Lys	TTT	0	0	76.1	
NZ_KL370789.1	6	212672 	212584 	Leu	TAA	0	0	65.9	
NZ_KL370789.1	7	11179  	11095  	Leu	CAA	0	0	70.3	
NZ_JNJC01000004.1	1	59523  	59448  	His	GTG	0	0	65.5	
NZ_JNJC01000004.1	2	1107   	1032   	Asn	GTT	0	0	82.3	
NZ_JNJC01000004.1	3	1023   	948    	Glu	TTC	0	0	64.1	
NZ_JNJC01000004.1	4	938    	863    	Val	TAC	0	0	77.7	
NZ_JNJC01000004.1	5	854    	779    	Thr	TGT	0	0	87.4	
NZ_JNJC01000004.1	6	662    	587    	Lys	TTT	0	0	76.1	
NZ_JNJC01000004.1	7	582    	499    	Leu	TAG	0	0	73.4	
NZ_JNJU01000001.1	1	70325  	70401  	Ile	GAT	0	0	84.3	
NZ_JNJU01000001.1	2	70407  	70482  	Ala	TGC	0	0	73.9	
NZ_JNJU01000001.1	3	85573  	85647  	Asn	GTT	0	0	86.8	
NZ_JNJU01000001.1	4	85651  	85727  	Glu	TTC	0	0	62.2	
NZ_JNJU01000001.1	5	85787  	85862  	Val	TAC	0	0	83.0	
NZ_JNJU01000001.1	6	85868  	85943  	Thr	TGT	0	0	84.8	
NZ_JNJU01000001.1	7	85950  	86025  	Lys	CTT	0	0	86.1	
NZ_JNJU01000001.1	8	86028  	86111  	Leu	TAG	0	0	65.8	
NZ_JNJU01000001.1	9	141842 	141927 	Leu	CAA	0	0	65.0	
NZ_JNJU01000001.1	10	150617 	150692 	Arg	TCT	0	0	76.5	
NZ_JNJU01000001.1	11	248201 	248128 	Thr	GGT	0	0	63.8	
NZ_JNJU01000001.1	12	101020 	100945 	His	GTG	0	0	71.9	
NZ_JNJU01000002.1	1	15970  	16060  	Ser	GGA	0	0	71.5	
NZ_KL370824.1	1	4492   	4566   	Arg	CCT	0	0	60.2	
NZ_KL370824.1	2	4568   	4641   	Trp	CCA	0	0	69.6	
NZ_KL370824.1	3	120073 	119999 	Cys	GCA	0	0	63.5	
NZ_KL370824.1	4	119921 	119845 	Pro	TGG	0	0	82.1	
NZ_KL370824.1	5	119840 	119763 	Met	CAT	0	0	79.3	
NZ_KL370824.1	6	119753 	119678 	Ile2	CAT	0	0	84.5	
NZ_KL370824.1	7	119616 	119526 	Ser	TGA	0	0	76.2	
NZ_KL370824.1	8	119483 	119406 	fMet	CAT	0	0	70.5	
NZ_KL370824.1	9	119404 	119331 	Asp	GTC	0	0	52.9	
NZ_KL370824.1	10	119325 	119250 	Phe	GAA	0	0	77.8	
NZ_KL370824.1	11	90383  	90308  	Arg	TCG	0	0	75.6	
NZ_KL370825.1	1	46508  	46582  	Sup	TCA	0	0	77.5	
NZ_KL370825.1	2	103519 	103609 	Ser	GCT	0	0	77.5	
NZ_KL370825.1	3	126608 	126693 	Tyr	GTA	0	0	73.8	
NZ_KL370825.1	4	126695 	126769 	Gln	TTG	0	0	70.6	
NZ_KL370825.1	5	126826 	126900 	Lys	TTT	0	0	77.0	
NZ_KL370825.1	6	126905 	126990 	Leu	TAA	0	0	75.4	
NZ_KL370825.1	7	126996 	127069 	Gly	TCC	0	0	76.1	
NZ_JNJU01000007.1	1	36069  	36152  	Leu	GAG	0	0	53.0	
NZ_JNJU01000007.1	2	47215  	47139  	Arg	GCG	0	0	72.6	
NZ_JNJU01000007.1	3	32710  	32637  	Gly	GCC	0	0	70.8	
NZ_JNJG01000004.1	1	76180  	76256  	Ile	GAT	0	0	82.2	
NZ_JNJG01000004.1	2	78926  	79016  	Ser	GCT	0	0	71.1	
NZ_JNJG01000004.1	3	149857 	149931 	Sup	TCA	0	0	71.1	
NZ_JNJG01000004.1	4	146235 	146160 	Thr	GGT	0	0	77.0	
NZ_JNJG01000004.1	5	51364  	51277  	Leu	TAA	0	0	67.4	
NZ_JNJG01000004.1	6	51254  	51179  	Lys	TTT	0	0	80.1	
NZ_JNJG01000005.1	1	34330  	34403  	Thr	CGT	0	0	80.1	
NZ_JNJG01000005.1	2	120459 	120542 	Tyr	GTA	0	0	70.9	
NZ_JNJG01000005.1	3	120547 	120621 	Gln	TTG	0	0	63.9	
NZ_JNJG01000005.1	4	126144 	126068 	His	GTG	0	0	62.0	
NZ_JNJG01000005.1	5	121521 	121445 	Arg	TCT	0	0	71.0	
NZ_JNJG01000006.1	1	33045  	33118  	Trp	CCA	0	0	66.3	
NZ_JNJG01000006.1	2	106107 	106176 	Asn	GTT	0	0	26.8	
NZ_JNJG01000008.1	1	8763   	8836   	Gly	TCC	0	0	77.7	
NZ_JNJG01000008.1	2	14319  	14393  	Cys	GCA	0	0	67.8	
NZ_JNJG01000008.1	3	14399  	14475  	Arg	ACG	0	0	73.5	
NZ_JNJG01000008.1	4	14570  	14643  	Gly	GCC	0	0	65.3	
NZ_JNJG01000008.1	5	14757  	14831  	Asn	GTT	0	0	80.8	
NZ_JNJG01000008.1	6	14837  	14912  	Glu	TTC	0	0	62.1	
NZ_JNJG01000008.1	7	14916  	14991  	Val	TAC	0	0	81.8	
NZ_JNJG01000008.1	8	15087  	15162  	Thr	TGT	0	0	93.6	
NZ_JNJG01000008.1	9	15164  	15248  	Leu	TAG	0	0	64.5	
NZ_JNJG01000009.1	1	67257  	67168  	Ser	CGA	0	0	74.5	
NZ_JNJG01000009.1	2	38796  	38720  	Pro	TGG	0	0	85.4	
NZ_JNJG01000009.1	3	38717  	38641  	Ala	TGC	0	0	84.3	
NZ_JNJG01000009.1	4	38636  	38560  	Met	CAT	0	0	78.4	
NZ_JNJG01000009.1	5	38538  	38463  	Ile2	CAT	0	0	74.4	
NZ_JNJG01000009.1	6	38461  	38369  	Ser	TGA	0	0	76.9	
NZ_JNJG01000009.1	7	38334  	38258  	fMet	CAT	0	0	69.3	
NZ_JNJG01000009.1	8	38254  	38179  	Asp	GTC	0	0	74.5	
NZ_JNJG01000009.1	9	38177  	38102  	Phe	GAA	0	0	74.3	
NZ_JNJG01000011.1	1	15958  	15875  	Leu	CAA	0	0	70.6	
NZ_KL544010.1	1	19860  	19936  	His	GTG	0	0	72.7	
NZ_KL544010.1	2	139241 	139322 	Leu	CAA	0	0	63.3	
NZ_KL544010.1	3	382357 	382273 	Tyr	GTA	0	0	69.3	
NZ_KL544010.1	4	382268 	382194 	Gln	TTG	0	0	68.1	
NZ_KL544010.1	5	382157 	382083 	Lys	TTT	0	0	80.4	
NZ_KL544010.1	6	382034 	381949 	Leu	TAA	0	0	66.2	
NZ_KL544010.1	7	381943 	381870 	Gly	TCC	0	0	81.6	
NZ_JONZ01000004.1	1	111062 	111150 	Ser	GCT	0	0	78.5	
NZ_JONZ01000005.1	1	13445  	13519  	Sup	TCA	0	0	73.7	
NZ_JONZ01000005.1	2	116831 	116907 	Ile	GAT	0	0	81.1	
NZ_JONZ01000005.1	3	116909 	116984 	Ala	TGC	0	0	73.2	
NZ_JONZ01000005.1	4	63111  	63037  	Trp	CCA	0	0	74.3	
NZ_JONZ01000005.1	5	10235  	10159  	Arg	TCT	0	0	81.6	
NZ_JONZ01000005.1	6	10124  	10048  	Arg	TCG	0	0	77.0	
NZ_JONZ01000005.1	7	5071   	4997   	Cys	GCA	0	0	62.3	
NZ_JONZ01000005.1	8	4993   	4917   	Arg	ACG	0	0	69.2	
NZ_JONZ01000005.1	9	4883   	4807   	Pro	TGG	0	0	84.5	
NZ_JONZ01000005.1	10	4802   	4726   	Met	CAT	0	0	80.9	
NZ_JONZ01000005.1	11	4721   	4644   	Ile2	CAT	0	0	71.8	
NZ_JONZ01000005.1	12	4571   	4479   	Ser	TGA	0	0	82.5	
NZ_JONZ01000005.1	13	4448   	4372   	fMet	CAT	0	0	71.0	
NZ_JONZ01000005.1	14	4369   	4294   	Asp	GTC	0	0	59.3	
NZ_JONZ01000005.1	15	4292   	4217   	Phe	GAA	0	0	79.0	
NZ_JONZ01000006.1	1	3022   	3096   	Asn	GTT	0	0	81.6	
NZ_JONZ01000006.1	2	3098   	3174   	Glu	TTC	0	0	61.2	
NZ_JONZ01000006.1	3	3207   	3282   	Val	TAC	0	0	87.3	
NZ_JONZ01000006.1	4	3284   	3359   	Thr	TGT	0	0	84.2	
NZ_JONZ01000006.1	5	3401   	3476   	Lys	CTT	0	0	81.5	
NZ_JONZ01000006.1	6	3480   	3563   	Leu	TAG	0	0	65.3	
NZ_JONZ01000007.1	1	7830   	7757   	Gly	GCC	0	0	70.4	
NZ_JNWZ01000001.1	1	38857  	38928  	Val	CAC	0	0	71.4	
NZ_JNWZ01000001.1	2	39114  	39185  	Val	CAC	0	0	71.4	
NZ_JNWZ01000001.1	3	33399  	33327  	Gly	GCC	0	0	83.9	
NZ_JNWZ01000001.1	4	33279  	33206  	Cys	GCA	0	0	76.0	
NZ_JNWZ01000001.1	5	33169  	33098  	Val	GAC	0	0	69.8	
NZ_JNWZ01000001.1	6	33063  	32992  	Val	GAC	0	0	69.8	
NZ_JNWZ01000001.1	7	32955  	32881  	Val	GAC	0	0	76.7	
NZ_JNWZ01000002.1	1	98891  	98964  	fMet	CAT	0	0	74.7	
NZ_JNWZ01000004.1	1	149168 	149240 	Arg	TCT	0	0	77.9	
NZ_JNWZ01000006.1	1	107721 	107794 	Leu	CAA	0	0	66.9	
NZ_JNWZ01000011.1	1	14444  	14371  	Thr	TGT	0	0	75.8	
NZ_JNWZ01000014.1	1	97512  	97432  	Tyr	GTA	0	0	67.9	
NZ_JNWZ01000014.1	2	95778  	95706  	Thr	GGT	0	0	69.6	
NZ_JNWZ01000014.1	3	95663  	95591  	Met	CAT	0	0	68.5	
NZ_JNWZ01000014.1	4	87542  	87470  	Trp	CCA	0	0	79.7	
NZ_JNWZ01000015.1	1	169201 	169271 	Gly	CCC	0	0	70.0	
NZ_JNWZ01000015.1	2	205107 	205192 	Ser	TGA	0	0	66.6	
NZ_JNWZ01000015.1	3	221608 	221698 	Ser	GCT	0	0	69.1	
NZ_JNWZ01000015.1	4	221915 	221990 	Arg	ACG	0	0	83.9	
NZ_JNWZ01000015.1	5	222025 	222100 	Arg	ACG	0	0	83.9	
NZ_JNWZ01000015.1	6	241118 	241043 	Ser	CGA	0	0	16.6	pseudo
NZ_JNWZ01000015.1	7	125808 	125736 	Gly	GCC	0	0	83.9	
NZ_JNWZ01000015.1	8	125691 	125616 	Gly	GCC	0	0	90.8	
NZ_JNWZ01000015.1	9	34496  	34423  	Ile	GAT	0	0	79.1	
NZ_JNWZ01000015.1	10	32397  	32325  	Ala	TGC	0	0	70.4	
NZ_JNWZ01000015.1	11	16676  	16593  	Leu	CAG	0	0	61.3	
NZ_JNWZ01000017.1	1	1667   	1596   	Arg	CCG	0	0	75.4	
NZ_JNWZ01000019.1	1	8113   	8184   	Gln	CTG	0	0	56.0	
NZ_JNWZ01000019.1	2	8206   	8278   	Glu	CTC	0	0	70.2	
NZ_JNWZ01000019.1	3	8314   	8386   	Glu	CTC	0	0	70.2	
NZ_JNWZ01000019.1	4	8400   	8472   	Glu	CTC	0	0	70.2	
NZ_JNWZ01000019.1	5	8477   	8551   	Gln	CTG	0	0	57.2	
NZ_JNWZ01000020.1	1	93464  	93536  	Arg	CCT	0	0	72.5	
NZ_JNWZ01000022.1	1	9807   	9880   	Lys	CTT	0	0	79.1	
NZ_JNWZ01000022.1	2	17375  	17448  	Lys	CTT	0	0	79.1	
NZ_JNWZ01000022.1	3	31481  	31554  	Lys	CTT	0	0	79.1	
NZ_JNWZ01000022.1	4	31688  	31761  	Lys	CTT	0	0	79.1	
NZ_JNWZ01000022.1	5	71169  	71252  	Leu	TAG	0	0	56.2	
NZ_JNWZ01000023.1	1	2709   	2637   	Asn	GTT	0	0	70.3	
NZ_JNWZ01000023.1	2	2631   	2559   	Asn	GTT	0	0	71.5	
NZ_JNWZ01000023.1	3	765    	692    	Ile2	CAT	0	0	80.9	
NZ_JNWZ01000026.1	1	21595  	21532  	Arg	CCG	0	0	36.3	
NZ_JNWZ01000026.1	2	21517  	21433  	Gly	GCC	0	0	55.4	
NZ_JNWZ01000030.1	1	48159  	48232  	Pro	TGG	0	0	70.8	
NZ_JNWZ01000030.1	2	90645  	90717  	Ala	GGC	0	0	72.8	
NZ_JNWZ01000030.1	3	90756  	90828  	Ala	GGC	0	0	72.8	
NZ_JNWZ01000030.1	4	91014  	91086  	Ala	GGC	0	0	72.8	
NZ_JNWZ01000030.1	5	48007  	47934  	Gly	TCC	0	0	81.6	
NZ_JNWZ01000032.1	1	69892  	69819  	Asp	GTC	0	0	76.6	
NZ_JNWZ01000033.1	1	108409 	108483 	Ala	GGC	0	0	46.3	
NZ_JNWZ01000033.1	2	130930 	130843 	Leu	GAG	0	0	61.6	
NZ_JNWZ01000038.1	1	96124  	96053  	Val	TAC	0	0	76.3	
NZ_JNWZ01000040.1	1	17145  	17072  	Thr	CGT	0	0	83.4	
NZ_JNWZ01000042.1	1	43850  	43771  	Ser	CGA	0	0	23.6	
NZ_JNWZ01000043.1	1	9688   	9769   	Leu	TAA	0	0	50.3	
NZ_JNWZ01000043.1	2	51782  	51712  	Gln	TTG	0	0	56.8	
NZ_JNWZ01000044.1	1	82900  	82830  	Cys	GCA	0	0	47.4	
NZ_JNWZ01000045.1	1	43352  	43428  	Ala	CGC	0	0	81.7	
NZ_JNWZ01000045.1	2	76887  	76959  	Thr	GGT	0	0	69.6	
NZ_JNWZ01000047.1	1	50515  	50453  	Leu	CAA	0	0	30.2	
NZ_JNWZ01000047.1	2	50193  	50113  	fMet	CAT	0	0	29.1	pseudo
NZ_JNWZ01000054.1	1	19699  	19773  	Cys	GCA	0	0	70.2	
NZ_JNWZ01000056.1	1	17047  	16974  	Pro	CGG	0	0	72.6	
NZ_JNWZ01000066.1	1	41013  	40940  	Pro	GGG	0	0	71.4	
NZ_JNWZ01000069.1	1	22911  	22995  	Ser	GGA	0	0	68.9	
NZ_JNWZ01000070.1	1	35692  	35779  	Leu	GAG	0	0	61.6	
NZ_JNWZ01000071.1	1	8470   	8395   	His	GTG	0	0	78.4	
NZ_JNWZ01000086.1	1	49360  	49449  	Ser	CGA	0	0	83.9	
NZ_JNWZ01000095.1	1	18404  	18467  	Undet	NNN	0	0	23.1	pseudo
NZ_JNWZ01000100.1	1	13486  	13414  	Glu	TTC	0	0	65.0	
NZ_JNWZ01000100.1	2	13371  	13298  	Asp	GTC	0	0	76.6	
NZ_JNWZ01000100.1	3	13270  	13197  	Phe	GAA	0	0	79.7	
NZ_JNWZ01000138.1	1	3276   	3204   	Lys	TTT	0	0	72.2	
NZ_HG937516.1	1	14409  	14485  	His	GTG	0	0	68.8	
NZ_HG937516.1	2	14953  	15029  	Arg	GCG	0	0	69.8	
NZ_HG937516.1	3	30977  	31062  	Tyr	GTA	0	0	75.8	
NZ_HG937516.1	4	31069  	31143  	Gln	TTG	0	0	69.2	
NZ_HG937516.1	5	31181  	31255  	Lys	TTT	0	0	76.7	
NZ_HG937516.1	6	31257  	31342  	Leu	TAA	0	0	76.4	
NZ_HG937516.1	7	31347  	31420  	Gly	TCC	0	0	77.1	
NZ_HG937516.1	8	213467 	213557 	Ser	GGA	0	0	69.3	
NZ_HG937516.1	9	213598 	213688 	Ser	CGA	0	0	72.2	
NZ_HG937516.1	10	396913 	397001 	Ser	GCT	0	0	77.9	
NZ_HG937516.1	11	416398 	416471 	Thr	GGT	0	0	60.5	
NZ_HG937516.1	12	423586 	423659 	Gly	GCC	0	0	78.1	
NZ_HG937516.1	13	563568 	563644 	Ile	GAT	0	0	86.2	
NZ_HG937516.1	14	563652 	563727 	Ala	TGC	0	0	76.3	
NZ_HG937516.1	15	719407 	719481 	Sup	TCA	0	0	78.8	
NZ_HG937516.1	16	978109 	978034 	Arg	TCT	0	0	73.9	
NZ_HG937516.1	17	950401 	950326 	Cys	GCA	0	0	60.3	
NZ_HG937516.1	18	950257 	950181 	Pro	TGG	0	0	79.9	
NZ_HG937516.1	19	950176 	950100 	Met	CAT	0	0	75.9	
NZ_HG937516.1	20	950097 	950022 	Ile2	CAT	0	0	74.7	
NZ_HG937516.1	21	949967 	949877 	Ser	TGA	0	0	75.9	
NZ_HG937516.1	22	949831 	949754 	fMet	CAT	0	0	72.4	
NZ_HG937516.1	23	949752 	949679 	Asp	GTC	0	0	54.3	
NZ_HG937516.1	24	949675 	949600 	Phe	GAA	0	0	78.4	
NZ_HG937516.1	25	837723 	837649 	Asn	GTT	0	0	86.8	
NZ_HG937516.1	26	837643 	837567 	Glu	TTC	0	0	62.2	
NZ_HG937516.1	27	837511 	837436 	Val	TAC	0	0	92.5	
NZ_HG937516.1	28	837428 	837352 	Thr	TGT	0	0	84.2	
NZ_HG937516.1	29	837348 	837273 	Lys	CTT	0	0	81.8	
NZ_HG937516.1	30	837271 	837188 	Leu	TAG	0	0	63.1	
NZ_HG937516.1	31	540720 	540646 	Arg	CCT	0	0	45.3	
NZ_HG937516.1	32	540640 	540567 	Trp	CCA	0	0	72.7	
NZ_HG937516.1	33	540561 	540478 	Leu	GAG	0	0	58.1	
NZ_HG937516.1	34	479469 	479393 	Arg	TCG	0	0	77.7	
NZ_HG937516.1	35	444097 	444012 	Leu	CAA	0	0	69.2	
NZ_CP008802.1	1	73538  	73608  	Gly	TCC	0	0	70.4	
NZ_CP008802.1	2	257160 	257233 	Ile2	CAT	0	0	78.6	
NZ_CP008802.1	3	274376 	274447 	Asn	GTT	0	0	72.1	
NZ_CP008802.1	4	286400 	286473 	Val	TAC	0	0	79.0	
NZ_CP008802.1	5	355885 	355957 	Gly	GCC	0	0	81.5	
NZ_CP008802.1	6	356016 	356086 	Cys	GCA	0	0	69.7	
NZ_CP008802.1	7	356091 	356165 	Val	GAC	0	0	78.8	
NZ_CP008802.1	8	356235 	356312 	Gly	GCC	0	0	49.3	pseudo
NZ_CP008802.1	9	433608 	433692 	Leu	GAG	0	0	58.1	
NZ_CP008802.1	10	450145 	450226 	Leu	CAA	0	0	72.2	
NZ_CP008802.1	11	1160177	1160261	Ser	GGA	0	0	69.3	
NZ_CP008802.1	12	1324941	1325017	Lys	TTT	0	0	72.9	
NZ_CP008802.1	13	1333754	1333826	Glu	TTC	0	0	63.0	
NZ_CP008802.1	14	1333852	1333925	Asp	GTC	0	0	81.7	
NZ_CP008802.1	15	1333965	1334040	Phe	GAA	0	0	71.8	
NZ_CP008802.1	16	1430599	1430686	Ser	TGA	0	0	68.5	
NZ_CP008802.1	17	1432155	1432227	Arg	ACG	0	0	78.0	
NZ_CP008802.1	18	1543304	1543377	Ile	GAT	0	0	78.1	
NZ_CP008802.1	19	1543520	1543595	Ala	TGC	0	0	86.9	
NZ_CP008802.1	20	1582334	1582420	Leu	CAG	0	0	63.6	
NZ_CP008802.1	21	1652889	1652975	Ser	GCT	0	0	74.9	
NZ_CP008802.1	22	1669297	1669385	Ser	CGA	0	0	71.4	
NZ_CP008802.1	23	2152916	2152988	Lys	CTT	0	0	73.0	
NZ_CP008802.1	24	2158099	2158174	His	GTG	0	0	75.3	
NZ_CP008802.1	25	2034030	2033957	fMet	CAT	0	0	72.5	
NZ_CP008802.1	26	1963902	1963830	Arg	CCG	0	0	76.0	
NZ_CP008802.1	27	1786576	1786503	Gly	CCC	0	0	77.7	
NZ_CP008802.1	28	1225642	1225566	Pro	CGG	0	0	78.5	
NZ_CP008802.1	29	1200999	1200924	Thr	CGT	0	0	85.2	
NZ_CP008802.1	30	1146559	1146487	Thr	TGT	0	0	73.3	
NZ_CP008802.1	31	1112001	1111930	Arg	CCT	0	0	75.5	
NZ_CP008802.1	32	1097487	1097412	Ala	CGC	0	0	82.0	
NZ_CP008802.1	33	1054671	1054601	Gln	TTG	0	0	59.8	
NZ_CP008802.1	34	1035379	1035306	Leu	TAA	0	0	53.4	
NZ_CP008802.1	35	930448 	930367 	Tyr	GTA	0	0	68.9	
NZ_CP008802.1	36	930268 	930196 	Thr	GGT	0	0	73.2	
NZ_CP008802.1	37	930168 	930095 	Met	CAT	0	0	76.7	
NZ_CP008802.1	38	920340 	920268 	Trp	CCA	0	0	75.2	
NZ_CP008802.1	39	685483 	685402 	Leu	TAG	0	0	62.6	
NZ_CP008802.1	40	677498 	677427 	Gln	CTG	0	0	47.2	
NZ_CP008802.1	41	677401 	677329 	Glu	CTC	0	0	56.5	
NZ_CP008802.1	42	633473 	633398 	Ala	GGC	0	0	81.3	
NZ_CP008802.1	43	518198 	518125 	Pro	GGG	0	0	69.8	
NZ_CP008802.1	44	355671 	355600 	Val	CAC	0	0	76.5	
NZ_CP008802.1	45	73339  	73266  	Pro	TGG	0	0	79.0	
NZ_CP008802.1	46	31616  	31544  	Arg	TCT	0	0	75.6	
NZ_JPKR02000001.1	1	53240  	53324  	Leu	CAA	0	0	79.3	
NZ_JPKR02000002.1	1	202    	277    	Lys	TTT	0	0	92.2	
NZ_JPKR02000002.1	2	175137 	175224 	Ser	TGA	0	0	80.5	
NZ_JPKR02000002.1	3	175284 	175371 	Ser	TGA	0	0	80.5	
NZ_JPKR02000002.1	4	182931 	183006 	Gly	GCC	0	0	88.4	
NZ_JPKR02000002.1	5	183758 	183831 	Cys	GCA	0	0	66.3	
NZ_JPKR02000002.1	6	183837 	183923 	Leu	TAA	0	0	76.4	
NZ_JPKR02000003.1	1	432279 	432363 	Tyr	GTA	0	0	71.3	
NZ_JPKR02000003.1	2	535013 	535100 	Ser	GGA	0	0	77.1	
NZ_JPKR02000003.1	3	591277 	591352 	Asn	GTT	0	0	79.7	
NZ_JPKR02000003.1	4	675869 	675944 	Asn	GTT	0	0	79.7	
NZ_JPKR02000003.1	5	760256 	760331 	Asn	GTT	0	0	79.7	
NZ_JPKR02000003.1	6	830827 	830902 	Asn	GTT	0	0	79.7	
NZ_JPKR02000003.1	7	1008190	1008266	Pro	GGG	0	0	66.1	
NZ_JPKR02000003.1	8	1191508	1191583	Val	TAC	0	0	89.1	
NZ_JPKR02000003.1	9	1191624	1191699	Val	TAC	0	0	89.1	
NZ_JPKR02000003.1	10	1191732	1191807	Val	TAC	0	0	89.1	
NZ_JPKR02000003.1	11	1191811	1191886	Lys	TTT	0	0	94.9	
NZ_JPKR02000003.1	12	1757853	1757939	Leu	CAG	0	0	66.0	
NZ_JPKR02000003.1	13	1757971	1758057	Leu	CAG	0	0	66.0	
NZ_JPKR02000003.1	14	1758085	1758171	Leu	CAG	0	0	66.0	
NZ_JPKR02000003.1	15	1548460	1548384	Ile	GAT	0	0	75.8	
NZ_JPKR02000003.1	16	1548265	1548190	Ala	TGC	0	0	82.2	
NZ_JPKR02000003.1	17	1463703	1463628	Glu	TTC	0	0	66.6	
NZ_JPKR02000003.1	18	1460104	1460028	Asp	GTC	0	0	87.4	
NZ_JPKR02000003.1	19	1445573	1445497	Asp	GTC	0	0	87.4	
NZ_JPKR02000003.1	20	1189140	1189065	Ala	GGC	0	0	70.7	
NZ_JPKR02000003.1	21	1189018	1188943	Ala	GGC	0	0	70.7	
NZ_JPKR02000003.1	22	1132017	1131943	Arg	CCT	0	0	64.3	
NZ_JPKR02000003.1	23	103785 	103709 	Val	GAC	0	0	82.2	
NZ_JPKR02000003.1	24	103706 	103630 	Val	GAC	0	0	85.9	
NZ_JPKR02000003.1	25	103620 	103544 	Val	GAC	0	0	82.2	
NZ_JPKR02000004.1	1	47460  	47535  	Ile2	CAT	0	0	73.1	
NZ_JPKR02000004.1	2	203310 	203385 	Phe	GAA	0	0	75.0	
NZ_JPKR02000004.1	3	568011 	568103 	Ser	GCT	0	0	87.2	
NZ_JPKR02000004.1	4	568112 	568188 	Arg	ACG	0	0	86.4	
NZ_JPKR02000004.1	5	568270 	568346 	Arg	ACG	0	0	85.1	
NZ_JPKR02000004.1	6	568396 	568472 	Arg	ACG	0	0	86.4	
NZ_JPKR02000004.1	7	568590 	568666 	Arg	ACG	0	0	86.4	
NZ_JPKR02000004.1	8	568743 	568835 	Ser	GCT	0	0	87.2	
NZ_JPKR02000004.1	9	568844 	568920 	Arg	ACG	0	0	86.4	
NZ_JPKR02000004.1	10	700256 	700332 	Arg	TCT	0	0	86.7	
NZ_JPKR02000004.1	11	742945 	743021 	Undet	NNN	0	0	29.7	pseudo
NZ_JPKR02000004.1	12	871213 	871288 	Lys	TTT	0	0	94.9	
NZ_JPKR02000004.1	13	871336 	871411 	Lys	TTT	0	0	94.9	
NZ_JPKR02000004.1	14	826608 	826532 	Met	CAT	0	0	84.4	
NZ_JPKR02000004.1	15	826525 	826441 	Leu	TAG	0	0	74.1	
NZ_JPKR02000004.1	16	826412 	826338 	Gln	TTG	0	0	69.8	
NZ_JPKR02000004.1	17	826303 	826229 	Gln	TTG	0	0	69.8	
NZ_JPKR02000004.1	18	826209 	826133 	Met	CAT	0	0	81.5	
NZ_JPKR02000004.1	19	826124 	826050 	Gln	CTG	0	0	70.4	
NZ_JPKR02000004.1	20	826024 	825950 	Gln	CTG	0	0	70.4	
NZ_JPKR02000004.1	21	461820 	461744 	fMet	CAT	0	0	77.5	
NZ_JPKR02000004.1	22	461708 	461632 	fMet	CAT	0	0	77.5	
NZ_JPKR02000005.1	1	47432  	47507  	Phe	GAA	0	0	75.0	
NZ_JPKR02000005.1	2	932003 	932078 	Glu	TTC	0	0	66.6	
NZ_JPKR02000005.1	3	1038492	1038578	Leu	GAG	0	0	65.8	
NZ_JPKR02000005.1	4	1038636	1038712	fMet	CAT	0	0	77.5	
NZ_JPKR02000005.1	5	643064 	642988 	Ile	GAT	0	0	75.8	
NZ_JPKR02000005.1	6	642869 	642794 	Ala	TGC	0	0	82.2	
NZ_JPKR02000005.1	7	522156 	522081 	Glu	TTC	0	0	66.6	
NZ_JPKR02000005.1	8	518501 	518425 	Asp	GTC	0	0	87.4	
NZ_JPKR02000005.1	9	518416 	518341 	Trp	CCA	0	0	82.1	
NZ_JPKR02000005.1	10	364795 	364719 	Pro	TGG	0	0	82.4	
NZ_JPKR02000005.1	11	333683 	333607 	Arg	CCG	0	0	82.9	
NZ_JPKR02000005.1	12	333519 	333444 	His	GTG	0	0	77.6	
NZ_JPKR02000005.1	13	333428 	333342 	Leu	CAG	0	0	66.0	
NZ_JPKR02000005.1	14	333312 	333236 	Pro	TGG	0	0	82.4	
NZ_JPKR02000005.1	15	274231 	274156 	Glu	TTC	0	0	66.6	
NZ_JPKR02000005.1	16	266822 	266747 	Thr	TGT	0	0	81.3	
NZ_JPKR02000005.1	17	266737 	266653 	Tyr	GTA	0	0	71.3	
NZ_JPKR02000005.1	18	266461 	266387 	Gly	TCC	0	0	70.6	
NZ_JPKR02000005.1	19	266381 	266306 	Thr	GGT	0	0	79.8	
NZ_JPKR02000005.1	20	235875 	235799 	Ile	GAT	0	0	75.8	
NZ_JPKR02000005.1	21	235680 	235605 	Ala	TGC	0	0	82.2	
NZ_JPKR02000005.1	22	232121 	232046 	Thr	GGT	0	0	79.8	
NZ_JPKR02000005.1	23	23358  	23283  	Gly	GCC	0	0	88.4	
NZ_JPKR02000005.1	24	23243  	23168  	Gly	GCC	0	0	88.4	
NZ_JPKR02000005.1	25	20811  	20736  	Gly	GCC	0	0	88.4	
NZ_CP009652.1	1	9392   	9478   	Leu	TAA	0	0	74.5	
NZ_CP009652.1	2	9484   	9559   	Lys	TTT	0	0	80.1	
NZ_CP009652.1	3	91425  	91508  	Leu	CAA	0	0	69.5	
NZ_CP009652.1	4	113127 	113202 	Arg	TCT	0	0	76.3	
NZ_CP009652.1	5	113272 	113345 	Gly	TCC	0	0	71.2	
NZ_CP009652.1	6	113348 	113421 	Gly	GCC	0	0	70.8	
NZ_CP009652.1	7	166476 	166552 	Pro	TGG	0	0	86.0	
NZ_CP009652.1	8	166558 	166634 	Ala	TGC	0	0	78.5	
NZ_CP009652.1	9	166639 	166715 	Met	CAT	0	0	77.9	
NZ_CP009652.1	10	166740 	166815 	Ile2	CAT	0	0	86.1	
NZ_CP009652.1	11	166818 	166908 	Ser	TGA	0	0	74.7	
NZ_CP009652.1	12	166915 	166990 	fMet	CAT	0	0	69.0	
NZ_CP009652.1	13	166992 	167068 	Asp	GTC	0	0	74.0	
NZ_CP009652.1	14	167070 	167145 	Phe	GAA	0	0	76.9	
NZ_CP009652.1	15	191630 	191705 	Sup	TCA	0	0	66.8	
NZ_CP009652.1	16	287550 	287625 	Thr	CGT	0	0	79.9	
NZ_CP009652.1	17	287716 	287790 	Asn	GTT	0	0	77.6	
NZ_CP009652.1	18	287795 	287870 	Glu	TTC	0	0	66.5	
NZ_CP009652.1	19	287873 	287948 	Val	TAC	0	0	82.1	
NZ_CP009652.1	20	389255 	389338 	Tyr	GTA	0	0	70.9	
NZ_CP009652.1	21	389342 	389416 	Gln	TTG	0	0	65.1	
NZ_CP009652.1	22	474707 	474780 	Trp	CCA	0	0	64.3	
NZ_CP009652.1	23	534170 	534244 	Arg	CCT	0	0	68.0	
NZ_CP009652.1	24	541999 	541925 	Cys	GCA	0	0	67.3	
NZ_CP009652.1	25	541922 	541846 	Arg	ACG	0	0	76.1	
NZ_CP009652.1	26	504036 	503947 	Ser	CGA	0	0	64.8	
NZ_CP009652.1	27	446893 	446817 	His	GTG	0	0	59.6	
NZ_CP009652.1	28	294744 	294669 	Thr	TGT	0	0	88.2	
NZ_CP009652.1	29	294665 	294581 	Leu	TAG	0	0	60.8	
NZ_CP009652.1	30	294479 	294404 	Lys	CTT	0	0	81.9	
NZ_CP009652.1	31	272107 	272031 	Ile	GAT	0	0	83.1	
NZ_CP009652.1	32	191886 	191812 	Thr	GGT	0	0	76.0	
NZ_CP009652.1	33	86870  	86778  	Ser	GCT	0	0	68.9	
NZ_AVPT01000001.1	1	86364  	86438  	Val	CAC	0	0	85.4	
NZ_AVPT01000001.1	2	92270  	92195  	Gly	GCC	0	0	88.4	
NZ_AVPT01000001.1	3	92069  	91996  	Cys	GCA	0	0	61.2	
NZ_AVPT01000001.1	4	91947  	91861  	Leu	TAA	0	0	71.1	
NZ_AVPT01000001.1	5	75265  	75176  	Ser	TGA	0	0	91.0	
NZ_AVPT01000001.1	6	14649  	14574  	Ala	GGC	0	0	74.9	
NZ_AVPT01000001.1	7	14509  	14434  	Glu	TTC	0	0	61.9	
NZ_AVPT01000009.1	1	1750   	1826   	Arg	CCG	0	0	84.1	
NZ_AVPT01000010.1	1	97570  	97646  	Gln	TTG	0	0	71.0	
NZ_AVPT01000010.1	2	101369 	101454 	Tyr	GTA	0	0	72.6	
NZ_AVPT01000010.1	3	101512 	101585 	Gly	TCC	0	0	85.7	
NZ_AVPT01000010.1	4	101621 	101696 	Thr	GGT	0	0	88.7	
NZ_AVPT01000011.1	1	84518  	84593  	Lys	TTT	0	0	86.6	
NZ_AVPT01000012.1	1	26769  	26855  	Leu	CAG	0	0	76.5	
NZ_AVPT01000012.1	2	75635  	75710  	Thr	CGT	0	0	88.2	
NZ_AVPT01000013.1	1	35573  	35497  	Met	CAT	0	0	72.6	
NZ_AVPT01000014.1	1	5192   	5120   	Thr	TGT	0	0	83.0	
NZ_AVPT01000002.1	1	42730  	42806  	Arg	CCT	0	0	81.3	
NZ_AVPT01000002.1	2	42877  	42946  	Ser	CGA	0	0	26.1	
NZ_AVPT01000002.1	3	170122 	170197 	Phe	GAA	0	0	87.6	
NZ_AVPT01000002.1	4	199875 	199951 	Asn	GTT	0	0	86.8	
NZ_AVPT01000002.1	5	196948 	196874 	Val	GAC	0	0	83.6	
NZ_AVPT01000002.1	6	188757 	188681 	Pro	GGG	0	0	71.5	
NZ_AVPT01000018.1	1	22128  	22054  	Gln	CTG	0	0	74.7	
NZ_AVPT01000019.1	1	820    	745    	Ala	CGC	0	0	78.0	
NZ_AVPT01000003.1	1	93986  	94059  	Gly	CCC	0	0	82.1	
NZ_AVPT01000024.1	1	13006  	13078  	Ile2	CAT	0	0	76.2	
NZ_AVPT01000044.1	1	13842  	13917  	Glu	CTC	0	0	63.7	
NZ_AVPT01000035.1	1	7329   	7237   	Ser	GCT	0	0	89.1	
NZ_AVPT01000035.1	2	7117   	7041   	Arg	ACG	0	0	86.8	
NZ_AVPT01000029.1	1	19184  	19110  	Undet	NNN	0	0	35.4	pseudo
NZ_AVPT01000004.1	1	35980  	36064  	Leu	GAG	0	0	63.8	
NZ_AVPT01000004.1	2	51063  	51139  	fMet	CAT	0	0	75.7	
NZ_AVPT01000004.1	3	88302  	88217  	Leu	CAA	0	0	72.5	
NZ_AVPT01000041.1	1	15867  	15792  	Trp	CCA	0	0	86.7	
NZ_AVPT01000055.1	1	2059   	2134   	Ala	TGC	0	0	86.0	
NZ_AVPT01000055.1	2	2156   	2232   	Ile	GAT	0	0	80.2	
NZ_AVPT01000005.1	1	68305  	68397  	Ser	GGA	0	0	76.7	
NZ_AVPT01000005.1	2	71721  	71811  	Ser	CGA	0	0	84.0	
NZ_AVPT01000005.1	3	87680  	87604  	Pro	TGG	0	0	82.2	
NZ_AVPT01000005.1	4	87575  	87499  	Arg	TCT	0	0	90.5	
NZ_AVPT01000005.1	5	87458  	87382  	His	GTG	0	0	80.4	
NZ_AVPT01000005.1	6	87324  	87249  	Lys	CTT	0	0	91.1	
NZ_AVPT01000005.1	7	87112  	87028  	Leu	TAG	0	0	75.4	
NZ_AVPT01000005.1	8	80033  	79959  	Val	TAC	0	0	82.0	
NZ_AVPT01000005.1	9	79925  	79849  	Asp	GTC	0	0	87.2	
NZ_AVPT01000005.1	10	79724  	79648  	Asp	GTC	0	0	89.3	
NZ_JSEL01000001.1	1	14939  	15014  	Phe	GAA	0	0	83.6	
NZ_JSEL01000001.1	2	34437  	34511  	Glu	TTC	0	0	73.4	
NZ_JSEL01000012.1	1	190642 	190716 	Cys	GCA	0	0	65.0	
NZ_JSEL01000013.1	1	10793  	10868  	Lys	TTT	0	0	88.5	
NZ_JSEL01000013.1	2	10882  	10958  	Ile	GAT	0	0	84.3	
NZ_JSEL01000013.1	3	121199 	121275 	Asp	GTC	0	0	87.0	
NZ_JSEL01000013.1	4	201592 	201667 	Ala	GGC	0	0	78.4	
NZ_JSEL01000013.1	5	225683 	225770 	Ser	GGA	0	0	83.6	
NZ_JSEL01000013.1	6	242384 	242458 	Gln	TTG	0	0	66.4	
NZ_JSEL01000013.1	7	258723 	258812 	Ser	TGA	0	0	90.5	
NZ_JSEL01000013.1	8	242691 	242615 	Arg	CCG	0	0	82.8	
NZ_JSEL01000013.1	9	197595 	197519 	Val	GAC	0	0	72.7	
NZ_JSEL01000015.1	1	83134  	83210  	Arg	ACG	0	0	74.2	
NZ_JSEL01000022.1	1	27769  	27843  	Ala	TGC	0	0	83.9	
NZ_JSEL01000022.1	2	14919  	14833  	Leu	GAG	0	0	57.6	
NZ_JSEL01000022.1	3	8567   	8493   	Gly	GCC	0	0	73.2	
NZ_JSEL01000025.1	1	2151   	2075   	Met	CAT	0	0	77.7	
NZ_JSEL01000026.1	1	24923  	24997  	Asn	GTT	0	0	75.6	
NZ_JSEL01000028.1	1	50819  	50894  	Thr	CGT	0	0	77.0	
NZ_JSEL01000029.1	1	30977  	31052  	Trp	CCA	0	0	78.3	
NZ_JSEL01000031.1	1	44601  	44677  	Ile2	CAT	0	0	87.3	
NZ_JSEL01000034.1	1	3914   	3990   	Pro	TGG	0	0	80.7	
NZ_JSEL01000034.1	2	72638  	72722  	Leu	TAG	0	0	58.5	
NZ_JSEL01000034.1	3	98367  	98441  	Thr	TGT	0	0	81.9	
NZ_JSEL01000034.1	4	43214  	43138  	Arg	TCT	0	0	85.2	
NZ_JSEL01000003.1	1	11333  	11407  	Thr	GGT	0	0	82.0	
NZ_JSEL01000003.1	2	17249  	17173  	fMet	CAT	0	0	71.1	
NZ_JSEL01000003.1	3	278    	204    	Thr	GGT	0	0	82.0	
NZ_JSEL01000006.1	1	129154 	129079 	Val	TAC	0	0	78.9	
NZ_JSEL01000006.1	2	115541 	115456 	Leu	TAA	0	0	74.6	
NZ_JSEL01000006.1	3	64380  	64304  	His	GTG	0	0	70.2	
NZ_JSEL01000006.1	4	12958  	12867  	Ser	GCT	0	0	87.3	
NZ_JXAK01000003.1	1	13556  	13664  	Undet	NNN	0	0	29.5	
NZ_JXAK01000006.1	1	135345 	135421 	fMet	CAT	0	0	82.0	
NZ_JXAK01000006.1	2	135437 	135510 	Ile2	CAT	0	0	85.1	
NZ_JXAK01000006.1	3	141293 	141365 	Val	GAC	0	0	63.6	
NZ_JXAK01000007.1	1	105    	33     	Ala	GGC	0	0	70.5	
NZ_JXAK01000008.1	1	98300  	98372  	Pro	GGG	0	0	67.1	
NZ_JXAK01000020.1	1	98455  	98372  	Leu	CAG	0	0	62.2	
NZ_JXAK01000022.1	1	309    	378    	Ile	GAT	0	0	38.4	
NZ_JXAK01000022.1	2	395    	470    	Ala	TGC	0	0	61.1	
NZ_JXAK01000022.1	3	475    	550    	Asn	GTT	0	0	80.0	
NZ_JXAK01000022.1	4	559    	634    	Val	TAC	0	0	85.2	
NZ_JXAK01000022.1	5	652    	740    	Ser	GGA	0	0	47.0	
NZ_JXAK01000022.1	6	749    	840    	Ser	CGA	0	0	76.0	
NZ_JXAK01000022.1	7	848    	919    	Glu	TTC	0	0	67.3	
NZ_JXAK01000022.1	8	926    	1001   	Val	GAC	0	0	62.6	
NZ_JXAK01000022.1	9	1005   	1081   	Asp	GTC	0	0	59.7	
NZ_JXAK01000022.1	10	1090   	1162   	Phe	GAA	0	0	79.1	
NZ_JXAK01000022.1	11	1168   	1242   	Thr	CGT	0	0	81.2	
NZ_JXAK01000022.1	12	1247   	1329   	Tyr	GTA	0	0	66.9	
NZ_JXAK01000022.1	13	1336   	1408   	His	GTG	0	0	59.1	
NZ_JXAK01000022.1	14	1429   	1500   	Gln	TTG	0	0	51.6	
NZ_JXAK01000022.1	15	1506   	1578   	Lys	TTT	0	0	81.9	
NZ_JXAK01000022.1	16	1596   	1678   	Leu	GAG	0	0	60.0	
NZ_JXAK01000022.1	17	1693   	1776   	Leu	CAG	0	0	61.9	
NZ_JXAK01000022.1	18	1781   	1852   	Gly	GCC	0	0	82.6	
NZ_JXAK01000022.1	19	1864   	1935   	Sup	TCA	0	0	57.3	
NZ_JXAK01000023.1	1	34816  	34743  	Gly	CCC	0	0	81.8	
NZ_JXAK01000023.1	2	34736  	34663  	Arg	TCT	0	0	76.5	
NZ_JXAK01000024.1	1	51473  	51571  	Thr	GGT	0	0	24.9	
NZ_JXAK01000029.1	1	40932  	40860  	Thr	CGT	0	0	73.6	
NZ_JXAK01000034.1	1	52986  	52895  	Ser	CGA	0	0	81.6	
NZ_JXAK01000035.1	1	168    	258    	Ser	GCT	0	0	77.9	
NZ_JXAK01000035.1	2	2891   	2962   	Glu	TTC	0	0	67.3	
NZ_JXAK01000035.1	3	3036   	3108   	Lys	TTT	0	0	81.9	
NZ_JXAK01000035.1	4	3123   	3205   	Leu	GAG	0	0	60.0	
NZ_JXAK01000040.1	1	24724  	24799  	Ala	GGC	0	0	77.4	
NZ_JXAK01000040.1	2	45442  	45340  	Undet	NNN	0	0	22.5	pseudo
NZ_JXAK01000050.1	1	33480  	33409  	Arg	CCG	0	0	59.0	
NZ_JXAK01000053.1	1	49582  	49657  	Asn	GTT	0	0	76.7	
NZ_JXAK01000067.1	1	153    	235    	Leu	GAG	0	0	60.0	
NZ_JXAK01000067.1	2	286    	360    	Gly	GCC	0	0	89.5	
NZ_JXAK01000073.1	1	14013  	14087  	Arg	CCT	0	0	65.8	
NZ_JXAK01000073.1	2	14106  	14179  	Pro	CGG	0	0	78.8	
NZ_JXAK01000073.1	3	19761  	19675  	Ser	TGA	0	0	79.2	
NZ_JXAK01000083.1	1	22541  	22466  	Asn	GTT	0	0	83.3	
NZ_JXAK01000083.1	2	22464  	22392  	Thr	GGT	0	0	62.6	
NZ_JXAK01000083.1	3	22328  	22257  	Glu	TTC	0	0	67.3	
NZ_JXAK01000083.1	4	22233  	22161  	Val	TAC	0	0	78.6	
NZ_JXAK01000083.1	5	22139  	22064  	Thr	TGT	0	0	86.6	
NZ_JXAK01000083.1	6	22054  	21983  	Gln	TTG	0	0	69.2	
NZ_JXAK01000083.1	7	21973  	21898  	Lys	TTT	0	0	88.7	
NZ_JXAK01000083.1	8	21883  	21801  	Leu	TAG	0	0	70.0	
NZ_JXAK01000083.1	9	21787  	21713  	Gly	GCC	0	0	89.5	
NZ_JXAK01000083.1	10	21706  	21630  	Arg	ACG	0	0	80.0	
NZ_JXAK01000083.1	11	21608  	21532  	Pro	TGG	0	0	78.8	
NZ_JXAK01000083.1	12	21524  	21454  	Gly	TCC	0	0	77.9	
NZ_JXAK01000083.1	13	12439  	12370  	Gly	TCC	0	0	43.4	
NZ_JXAK01000096.1	1	132    	207    	Val	GAC	0	0	75.3	
NZ_JXAK01000096.1	2	217    	290    	fMet	CAT	0	0	75.1	
NZ_JXAK01000096.1	3	341    	417    	Arg	ACG	0	0	82.0	
NZ_JXAK01000096.1	4	421    	494    	Pro	CGG	0	0	78.8	
NZ_JXAK01000137.1	1	1919   	1829   	Ser	GCT	0	0	77.9	
NZ_JXAK01000137.1	2	1805   	1732   	Met	CAT	0	0	67.2	
NZ_JXAK01000137.1	3	1647   	1575   	Val	TAC	0	0	78.6	
NZ_JXAK01000137.1	4	1494   	1418   	Asp	GTC	0	0	79.2	
NZ_JXAK01000137.1	5	1372   	1300   	Phe	GAA	0	0	79.1	
NZ_JXAK01000137.1	6	1250   	1165   	Tyr	GTA	0	0	73.7	
NZ_JXAK01000137.1	7	1152   	1080   	Lys	TTT	0	0	81.9	
NZ_CP007520.1	1	95581  	95647  	Undet	NNN	0	0	26.5	
NZ_CP007520.1	2	296515 	296590 	Lys	CTT	0	0	73.0	
NZ_CP007520.1	3	397029 	397105 	Arg	TCT	0	0	77.9	
NZ_CP007520.1	4	811036 	810961 	Lys	TTT	0	0	82.7	
NZ_CP007520.1	5	810954 	810871 	Leu	TAG	0	0	70.5	
NZ_CP007520.1	6	769659 	769583 	Ile	GAT	0	0	79.8	
NZ_CP007520.1	7	762114 	762039 	His	GTG	0	0	66.2	
NZ_CP007520.1	8	758852 	758777 	Sup	TCA	0	0	82.3	
NZ_CP007520.1	9	758737 	758663 	Trp	CCA	0	0	77.9	
NZ_CP007520.1	10	698838 	698763 	Thr	AGT	0	0	85.9	
NZ_CP007520.1	11	698755 	698672 	Tyr	GTA	0	0	71.2	
NZ_CP007520.1	12	698666 	698592 	Gln	TTG	0	0	68.9	
NZ_CP007520.1	13	698587 	698512 	Lys	TTT	0	0	82.7	
NZ_CP007520.1	14	698498 	698410 	Leu	TAA	0	0	65.3	
NZ_CP007520.1	15	697916 	697841 	Asn	GTT	0	0	82.3	
NZ_CP007520.1	16	697834 	697759 	Glu	TTC	0	0	64.1	
NZ_CP007520.1	17	697751 	697676 	Val	TAC	0	0	84.0	
NZ_CP007520.1	18	697662 	697587 	Thr	TGT	0	0	89.3	
NZ_CP007520.1	19	690466 	690392 	Cys	GCA	0	0	71.3	
NZ_CP007520.1	20	690219 	690143 	Arg	ACG	0	0	79.4	
NZ_CP007520.1	21	690094 	690018 	Pro	TGG	0	0	83.1	
NZ_CP007520.1	22	690009 	689934 	Ala	TGC	0	0	82.2	
NZ_CP007520.1	23	689928 	689852 	Met	CAT	0	0	83.5	
NZ_CP007520.1	24	689841 	689765 	Ile2	CAT	0	0	85.3	
NZ_CP007520.1	25	689718 	689626 	Ser	TGA	0	0	85.5	
NZ_CP007520.1	26	689603 	689528 	fMet	CAT	0	0	87.8	
NZ_CP007520.1	27	689525 	689449 	Asp	GTC	0	0	79.8	
NZ_CP007520.1	28	689444 	689369 	Phe	GAA	0	0	76.8	
NZ_CP007520.1	29	668939 	668849 	Ser	GCT	0	0	80.2	
NZ_CP007520.1	30	632719 	632635 	Leu	CAA	0	0	67.4	
NZ_CP007520.1	31	466816 	466743 	Gly	TCC	0	0	75.9	
NZ_CP009770.1	1	32053  	32127  	Asn	GTT	0	0	83.1	
NZ_CP009770.1	2	32133  	32208  	Glu	TTC	0	0	62.3	
NZ_CP009770.1	3	32247  	32322  	Val	TAC	0	0	86.9	
NZ_CP009770.1	4	32325  	32400  	Thr	TGT	0	0	82.3	
NZ_CP009770.1	5	32452  	32527  	Lys	CTT	0	0	76.5	
NZ_CP009770.1	6	32531  	32614  	Leu	TAG	0	0	62.2	
NZ_CP009770.1	7	81219  	81302  	Tyr	GTA	0	0	67.4	
NZ_CP009770.1	8	81307  	81381  	Gln	TTG	0	0	68.1	
NZ_CP009770.1	9	81439  	81513  	Lys	TTT	0	0	77.9	
NZ_CP009770.1	10	81564  	81649  	Leu	TAA	0	0	76.1	
NZ_CP009770.1	11	81654  	81727  	Gly	TCC	0	0	79.9	
NZ_CP009770.1	12	246941 	247017 	Arg	TCT	0	0	81.6	
NZ_CP009770.1	13	247074 	247150 	Arg	TCG	0	0	78.1	
NZ_CP009770.1	14	919032 	919105 	Gly	GCC	0	0	74.7	
NZ_CP009770.1	15	827460 	827384 	Ile	GAT	0	0	80.2	
NZ_CP009770.1	16	827381 	827306 	Ala	TGC	0	0	73.2	
NZ_CP009770.1	17	557527 	557439 	Ser	GCT	0	0	78.5	
NZ_CP009770.1	18	481841 	481760 	Leu	CAA	0	0	67.6	
NZ_CP009770.1	19	397623 	397548 	His	GTG	0	0	70.7	
NZ_CP009770.1	20	46220  	46144  	Trp	CCA	0	0	68.9	
NZ_CP009770.1	21	23535  	23461  	Sup	TCA	0	0	73.7	
NZ_CP009770.1	22	10778  	10695  	Leu	AAG	0	0	62.0	
NZ_LAJY01001007.1	1	693    	617    	Ile	GAT	0	0	80.5	
NZ_LAJY01001007.1	2	518    	443    	Ala	TGC	0	0	78.2	
NZ_LAJY01000125.1	1	6349   	6274   	Lys	TTT	0	0	82.9	
NZ_LAJY01000013.1	1	615    	524    	Ser	GCT	0	0	83.9	
NZ_LAJY01000137.1	1	4837   	4776   	Sup	TTA	0	0	20.7	
NZ_LAJY01000138.1	1	2093   	2007   	Leu	TAA	0	0	75.1	
NZ_LAJY01000154.1	1	2509   	2435   	Val	CAC	0	0	77.9	
NZ_LAJY01000156.1	1	11418  	11342  	fMet	CAT	0	0	80.8	
NZ_LAJY01000016.1	1	2689   	2605   	Leu	TAG	0	0	66.3	
NZ_LAJY01000160.1	1	1545   	1460   	Tyr	GTA	0	0	74.1	
NZ_LAJY01000160.1	2	1315   	1242   	Gly	TCC	0	0	83.4	
NZ_LAJY01000184.1	1	379    	454    	Phe	GAA	0	0	78.6	
NZ_LAJY01000193.1	1	6179   	6254   	Glu	TTC	0	0	64.9	
NZ_LAJY01000021.1	1	9273   	9357   	Leu	CAA	0	0	72.0	
NZ_LAJY01000223.1	1	3207   	3283   	Arg	CCG	0	0	81.9	
NZ_LAJY01000224.1	1	7293   	7217   	Pro	GGG	0	0	74.1	
NZ_LAJY01000238.1	1	4423   	4347   	Pro	CGG	0	0	77.8	
NZ_LAJY01000244.1	1	623    	699    	fMet	CAT	0	0	80.8	
NZ_LAJY01000026.1	1	4824   	4900   	Pro	TGG	0	0	79.2	
NZ_LAJY01000026.1	2	5290   	5366   	Arg	TCT	0	0	78.8	
NZ_LAJY01000265.1	1	153    	227    	Thr	GGT	0	0	81.3	
NZ_LAJY01000027.1	1	2704   	2629   	Lys	CTT	0	0	92.6	
NZ_LAJY01000272.1	1	158    	84     	Thr	GGT	0	0	81.3	
NZ_LAJY01000028.1	1	213    	139    	Gly	GCC	0	0	88.6	
NZ_LAJY01000280.1	1	6472   	6383   	Ser	CGA	0	0	76.5	
NZ_LAJY01000320.1	1	4446   	4522   	Arg	ACG	0	0	85.2	
NZ_LAJY01000321.1	1	4471   	4387   	Undet	NNN	0	0	39.1	
NZ_LAJY01000345.1	1	617    	543    	Gln	TTG	0	0	71.3	
NZ_LAJY01000356.1	1	1913   	1988   	Ala	GGC	0	0	72.3	
NZ_LAJY01000376.1	1	1029   	1104   	Ile2	CAT	0	0	76.9	
NZ_LAJY01000432.1	1	1239   	1163   	Arg	CCT	0	0	81.1	
NZ_LAJY01000470.1	1	2342   	2417   	Ala	CGC	0	0	81.3	
NZ_LAJY01000472.1	1	881    	808    	Cys	GCA	0	0	65.4	
NZ_LAJY01000472.1	2	691    	617    	Asn	GTT	0	0	81.8	
NZ_LAJY01000472.1	3	580    	506    	Asn	GTT	0	0	81.8	
NZ_LAJY01000522.1	1	6499   	6423   	fMet	CAT	0	0	80.8	
NZ_LAJY01000530.1	1	5937   	5864   	Gly	CCC	0	0	79.7	
NZ_LAJY01000577.1	1	1178   	1104   	Val	TAC	0	0	80.6	
NZ_LAJY01000577.1	2	901    	825    	Asp	GTC	0	0	88.8	
NZ_LAJY01000577.1	3	795    	719    	Asp	GTC	0	0	87.2	
NZ_LAJY01000588.1	1	2249   	2173   	Met	CAT	0	0	73.1	
NZ_LAJY01000631.1	1	285    	359    	Thr	CGT	0	0	81.1	
NZ_LAJY01000649.1	1	664    	591    	Gln	CTG	0	0	61.1	
NZ_LAJY01000652.1	1	173    	99     	Val	GAC	0	0	78.1	
NZ_LAJY01000007.1	1	22613  	22537  	His	GTG	0	0	72.6	
NZ_LAJY01000712.1	1	905    	829    	fMet	CAT	0	0	80.8	
NZ_LAJY01000730.1	1	31     	104    	Undet	NNN	0	0	33.9	
NZ_LAJY01000759.1	1	1054   	965    	Ser	TGA	0	0	84.6	
NZ_LAJY01000078.1	1	13701  	13627  	Thr	TGT	0	0	83.7	
NZ_LAJY01000080.1	1	3760   	3676   	Leu	GAG	0	0	70.9	
NZ_LAJY01000816.1	1	958    	897    	Sup	TTA	0	0	20.7	
NZ_LAJY01000835.1	1	251    	175    	fMet	CAT	0	0	80.8	
NZ_LAJY01000836.1	1	642    	566    	Arg	ACG	0	0	85.2	
NZ_LAJY01000856.1	1	1974   	2050   	Ile	GAT	0	0	80.5	
NZ_LAJY01000856.1	2	2209   	2284   	Ala	TGC	0	0	78.2	
NZ_LAJY01000860.1	1	57     	148    	Ser	GCT	0	0	83.9	
NZ_LAJY01000872.1	1	1588   	1514   	Val	GAC	0	0	78.1	
NZ_LAJY01000873.1	1	378    	453    	Trp	CCA	0	0	83.0	
NZ_LAJY01000090.1	1	2879   	2963   	Leu	CAG	0	0	69.8	
NZ_LAJY01000964.1	1	687    	613    	Gly	GCC	0	0	88.6	
NZ_CP011096.1	1	10992  	11066  	Asn	GTT	0	0	79.5	
NZ_CP011096.1	2	11070  	11145  	Glu	TTC	0	0	60.4	
NZ_CP011096.1	3	11149  	11224  	Val	TAC	0	0	80.6	
NZ_CP011096.1	4	11226  	11301  	Thr	TGT	0	0	91.8	
NZ_CP011096.1	5	11307  	11391  	Leu	TAG	0	0	62.9	
NZ_CP011096.1	6	69631  	69706  	His	GTG	0	0	66.2	
NZ_CP011096.1	7	79723  	79799  	Ile	GAT	0	0	82.2	
NZ_CP011096.1	8	394876 	394949 	Gly	TCC	0	0	74.3	
NZ_CP011096.1	9	453552 	453642 	Ser	GCT	0	0	67.8	
NZ_CP011096.1	10	517456 	517539 	Leu	CAA	0	0	66.4	
NZ_CP011096.1	11	561889 	561964 	Ile2	CAT	0	0	74.6	
NZ_CP011096.1	12	561966 	562056 	Ser	TGA	0	0	60.0	
NZ_CP011096.1	13	562099 	562175 	fMet	CAT	0	0	54.9	
NZ_CP011096.1	14	562180 	562256 	Asp	GTC	0	0	75.8	
NZ_CP011096.1	15	562258 	562333 	Phe	AAA	0	0	69.6	
NZ_CP011096.1	16	734164 	734239 	Thr	GGT	0	0	73.6	
NZ_CP011096.1	17	802812 	802739 	Trp	CCA	0	0	72.3	
NZ_CP011096.1	18	695900 	695824 	Pro	TGG	0	0	83.3	
NZ_CP011096.1	19	695818 	695742 	Ala	TGC	0	0	81.0	
NZ_CP011096.1	20	695738 	695662 	Met	CAT	0	0	81.7	
NZ_CP011096.1	21	695649 	695574 	Ile2	CAT	0	0	85.3	
NZ_CP011096.1	22	695572 	695480 	Ser	TGA	0	0	75.2	
NZ_CP011096.1	23	695469 	695394 	fMet	CAT	0	0	83.3	
NZ_CP011096.1	24	695392 	695317 	Asp	GTC	0	0	71.0	
NZ_CP011096.1	25	695312 	695237 	Phe	GAA	0	0	78.1	
NZ_CP011096.1	26	625151 	625075 	Arg	TCT	0	0	74.7	
NZ_CP011096.1	27	614664 	614581 	Tyr	GTA	0	0	72.4	
NZ_CP011096.1	28	614577 	614503 	Gln	TTG	0	0	59.5	
NZ_CP011096.1	29	516905 	516821 	Leu	AAG	0	0	68.4	
NZ_CP011096.1	30	216436 	216363 	Cys	GCA	0	0	67.8	
NZ_CP011096.1	31	216359 	216283 	Arg	ACG	0	0	73.9	
NZ_CP011096.1	32	83343  	83257  	Leu	TAA	0	0	70.0	
NZ_CP011096.1	33	83253  	83178  	Lys	TTT	0	0	78.9	
NZ_CP011096.1	34	65933  	65859  	Sup	TCA	0	0	73.8	
NZ_JPLA01000013.1	1	12608  	12683  	Gly	GCC	0	0	88.4	
NZ_JPLA01000014.1	1	96820  	96745  	Lys	TTT	0	0	87.5	
NZ_JPLA01000015.1	1	76452  	76381  	Gly	TCC	0	0	22.9	pseudo
NZ_JPLA01000016.1	1	22885  	22971  	Leu	TAA	0	0	71.5	
NZ_JPLA01000019.1	1	19792  	19868  	Met	CAT	0	0	85.3	
NZ_JPLA01000192.1	1	155    	84     	Asn	GTT	0	0	37.4	
NZ_JPLA01000002.1	1	96166  	96090  	Pro	GGG	0	0	74.8	
NZ_JPLA01000022.1	1	11049  	11135  	Thr	GGT	0	0	35.4	
NZ_JPLA01000022.1	2	112008 	112084 	Arg	ACG	0	0	83.1	
NZ_JPLA01000022.1	3	112259 	112335 	Pro	TGG	0	0	80.4	
NZ_JPLA01000022.1	4	112363 	112439 	Arg	TCT	0	0	85.1	
NZ_JPLA01000022.1	5	112454 	112530 	His	GTG	0	0	76.2	
NZ_JPLA01000022.1	6	112557 	112632 	Lys	CTT	0	0	92.0	
NZ_JPLA01000022.1	7	59332  	59256  	Pro	CGG	0	0	75.1	
NZ_JPLA01000024.1	1	98361  	98450  	Ser	TGA	0	0	90.1	
NZ_JPLA01000024.1	2	5870   	5795   	Ala	GGC	0	0	78.9	
NZ_JPLA01000024.1	3	5783   	5708   	Glu	TTC	0	0	60.1	
NZ_JPLA01000024.1	4	5634   	5558   	Asp	GTC	0	0	87.5	
NZ_JPLA01000024.1	5	95     	6      	Ser	CGA	0	0	90.8	
NZ_JPLA01000025.1	1	302    	378    	Arg	CCG	0	0	84.1	
NZ_JPLA01000026.1	1	33028  	33103  	Glu	CTC	0	0	70.4	
NZ_JPLA01000026.1	2	57237  	57145  	Ser	GCT	0	0	81.1	
NZ_JPLA01000003.1	1	49289  	49365  	Arg	CCT	0	0	82.3	
NZ_JPLA01000003.1	2	93620  	93712  	Ser	GGA	0	0	83.5	
NZ_JPLA01000003.1	3	133910 	133986 	fMet	CAT	0	0	76.0	
NZ_JPLA01000003.1	4	55460  	55375  	Leu	CAA	0	0	70.5	
NZ_JPLA01000030.1	1	81026  	81099  	Gly	CCC	0	0	81.2	
NZ_JPLA01000035.1	1	22337  	22411  	Val	CAC	0	0	81.3	
NZ_JPLA01000042.1	1	18194  	18121  	Gln	CTG	0	0	66.2	
NZ_JPLA01000043.1	1	145127 	145052 	Thr	TGT	0	0	90.6	
NZ_JPLA01000049.1	1	1619   	1694   	Thr	CGT	0	0	90.9	
NZ_JPLA01000049.1	2	67754  	67850  	SeC	TCA	0	0	135.0	
NZ_JPLA01000005.1	1	28155  	28070  	Leu	CAA	0	0	22.0	pseudo
NZ_JPLA01000053.1	1	9765   	9840   	Phe	GAA	0	0	85.7	
NZ_JPLA01000006.1	1	36564  	36489  	Gly	GCC	0	0	88.4	
NZ_JPLA01000006.1	2	36405  	36332  	Cys	GCA	0	0	67.5	
NZ_JPLA01000060.1	1	63886  	63811  	Ile2	CAT	0	0	81.1	
NZ_JPLA01000063.1	1	547    	622    	Trp	CCA	0	0	86.7	
NZ_JPLA01000069.1	1	8425   	8349   	Gln	TTG	0	0	74.9	
NZ_JPLA01000069.1	2	367    	282    	Tyr	GTA	0	0	72.6	
NZ_JPLA01000069.1	3	264    	191    	Gly	TCC	0	0	82.3	
NZ_JPLA01000069.1	4	161    	86     	Thr	GGT	0	0	87.1	
NZ_JPLA01000008.1	1	35192  	35276  	Leu	CAG	0	0	71.6	
NZ_JPLA01000091.1	1	162    	238    	Ile	GAT	0	0	80.2	
NZ_JPLA01000091.1	2	247    	322    	Ala	TGC	0	0	84.1	
NZ_JPLA01000092.1	1	122    	198    	Ile	GAT	0	0	80.2	
NZ_JPLA01000092.1	2	267    	342    	Ala	TGC	0	0	84.1	
NZ_JWIO01000002.1	1	79915  	79986  	Gln	CTG	0	0	55.5	
NZ_JWIO01000002.1	2	80046  	80118  	Glu	CTC	0	0	70.2	
NZ_JWIO01000002.1	3	292709 	292782 	Ile2	CAT	0	0	88.4	
NZ_JWIO01000014.1	1	43968  	44040  	Gly	GCC	0	0	85.2	
NZ_JWIO01000014.1	2	44085  	44156  	Cys	GCA	0	0	73.5	
NZ_JWIO01000014.1	3	44188  	44259  	Val	GAC	0	0	71.8	
NZ_JWIO01000014.1	4	144636 	144706 	Gly	TCC	0	0	68.9	
NZ_JWIO01000014.1	5	198806 	198881 	Arg	TCT	0	0	79.6	
NZ_JWIO01000014.1	6	237801 	237863 	Arg	TCT	0	0	21.7	pseudo
NZ_JWIO01000014.1	7	250210 	250284 	Arg	TCT	0	0	30.3	pseudo
NZ_JWIO01000014.1	8	144589 	144517 	Pro	TGG	0	0	70.6	
NZ_JWIO01000014.1	9	41290  	41219  	Val	CAC	0	0	72.0	
NZ_JWIO01000010.1	1	11463  	11550  	Undet	NNN	0	0	22.7	pseudo
NZ_JWIO01000011.1	1	44744  	44817  	Pro	GGG	0	0	72.1	
NZ_JWIO01000013.1	1	18253  	18324  	Val	TAC	0	0	82.2	
NZ_JWIO01000012.1	1	85068  	84992  	fMet	CAT	0	0	80.7	
NZ_JWIO01000015.1	1	235    	151    	Ser	GGA	0	0	74.5	
NZ_JWIO01000017.1	1	53223  	53295  	His	GTG	0	0	66.0	
NZ_JWIO01000019.1	1	18594  	18674  	Leu	TAG	0	0	67.1	
NZ_JWIO01000003.1	1	97443  	97527  	Tyr	GTA	0	0	72.3	
NZ_JWIO01000003.1	2	102717 	102789 	Thr	GGT	0	0	69.8	
NZ_JWIO01000003.1	3	102873 	102946 	Met	CAT	0	0	64.4	
NZ_JWIO01000003.1	4	106522 	106594 	Trp	CCA	0	0	83.6	
NZ_JWIO01000003.1	5	239680 	239609 	Arg	CCG	0	0	75.7	
NZ_JWIO01000022.1	1	129675 	129748 	Ile	GAT	0	0	82.1	
NZ_JWIO01000023.1	1	60729  	60801  	Ala	TGC	0	0	73.4	
NZ_JWIO01000025.1	1	36386  	36475  	Ser	GCT	0	0	67.4	
NZ_JWIO01000025.1	2	69859  	69931  	Arg	ACG	0	0	75.4	
NZ_JWIO01000025.1	3	28819  	28747  	Arg	CCT	0	0	78.3	
NZ_JWIO01000024.1	1	8794   	8881   	Ser	TGA	0	0	68.8	
NZ_JWIO01000024.1	2	46126  	46055  	Thr	CGT	0	0	80.2	
NZ_JWIO01000028.1	1	82536  	82623  	Undet	NNN	0	0	28.9	pseudo
NZ_JWIO01000026.1	1	3978   	4079   	Undet	NNN	0	0	21.0	pseudo
NZ_JWIO01000026.1	2	56443  	56525  	Leu	CAG	0	0	63.1	
NZ_JWIO01000001.1	1	231445 	231374 	Gln	TTG	0	0	47.2	
NZ_JWIO01000001.1	2	203961 	203887 	Leu	TAA	0	0	49.0	
NZ_JWIO01000037.1	1	8848   	8775   	Gly	CCC	0	0	78.6	
NZ_JWIO01000006.1	1	8486   	8620   	Undet	NNN	0	0	23.3	pseudo
NZ_JWIO01000006.1	2	184763 	184852 	Ser	CGA	0	0	85.1	
NZ_JWIO01000006.1	3	125442 	125369 	Pro	CGG	0	0	73.3	
NZ_JWIO01000040.1	1	38704  	38632  	Asn	GTT	0	0	71.4	
NZ_JWIO01000041.1	1	35731  	35803  	Thr	TGT	0	0	78.0	
NZ_JWIO01000050.1	1	57983  	58066  	Leu	GAG	0	0	55.2	
NZ_JWIO01000048.1	1	47536  	47608  	Lys	CTT	0	0	72.9	
NZ_JWIO01000049.1	1	3419   	3346   	Ala	CGC	0	0	78.7	
NZ_JWIO01000051.1	1	29990  	29915  	Phe	GAA	0	0	35.4	pseudo
NZ_JWIO01000054.1	1	2691   	2617   	Asp	GTC	0	0	68.2	
NZ_JWIO01000054.1	2	2526   	2450   	Phe	GAA	0	0	83.4	
NZ_JWIO01000056.1	1	15356  	15432  	Ala	GGC	0	0	79.2	
NZ_JWIO01000055.1	1	8819   	8747   	Leu	CAA	0	0	52.9	
NZ_JWIO01000067.1	1	20069  	20141  	Lys	TTT	0	0	70.3	
NZ_JWIO01000067.1	2	12117  	12042  	Glu	TTC	0	0	74.9	
NZ_JWIO01000070.1	1	310    	379    	Ser	CGA	0	0	21.0	pseudo
NZ_JWIO01000086.1	1	1140   	1032   	Undet	NNN	0	0	28.9	pseudo
NZ_ALWU01000001.1	1	140104 	140197 	Ser	GCT	0	0	85.7	
NZ_ALWU01000001.1	2	187560 	187632 	Phe	GAA	0	0	74.0	
NZ_ALWU01000001.1	3	427952 	428023 	Asn	GTT	0	0	72.6	
NZ_ALWU01000001.1	4	520351 	520279 	Thr	TGT	0	0	74.8	
NZ_ALWU01000001.1	5	506478 	506406 	Trp	CCA	0	0	77.6	
NZ_ALWU01000001.1	6	459597 	459526 	Glu	TTC	0	0	65.5	
NZ_ALWU01000001.1	7	458676 	458603 	Pro	TGG	0	0	70.7	
NZ_ALWU01000001.1	8	399401 	399328 	Arg	CCT	0	0	67.1	
NZ_ALWU01000001.1	9	389505 	389423 	Tyr	GTA	0	0	74.7	
NZ_ALWU01000001.1	10	389418 	389348 	Gly	TCC	0	0	74.1	
NZ_ALWU01000001.1	11	366623 	366542 	Leu	TAG	0	0	58.1	
NZ_ALWU01000001.1	12	54658  	54581  	Arg	ACG	0	0	76.7	
NZ_ALWU01000001.1	13	43266  	43180  	Leu	TAA	0	0	70.1	
NZ_ALWU01000003.1	1	26727  	26634  	Ser	GCT	0	0	85.7	
NZ_ALWU01000005.1	1	65570  	65643  	Gly	GCC	0	0	84.8	
NZ_ALWU01000005.1	2	73031  	73117  	Ser	GGA	0	0	74.0	
NZ_ALWU01000005.1	3	202546 	202459 	Leu	GAG	0	0	63.9	
NZ_ALWU01000005.1	4	182225 	182149 	Ile	GAT	0	0	75.3	
NZ_ALWU01000005.1	5	64342  	64266  	Ile2	CAT	0	0	86.4	
NZ_ALWU01000005.1	6	54013  	53940  	Arg	CCG	0	0	75.8	
NZ_ALWU01000008.1	1	107520 	107591 	Cys	GCA	0	0	54.7	
NZ_ALWU01000008.1	2	148234 	148306 	Lys	TTT	0	0	75.2	
NZ_ALWU01000008.1	3	154285 	154369 	Ser	TGA	0	0	76.6	
NZ_ALWU01000008.1	4	147931 	147856 	Ala	TGC	0	0	75.0	
NZ_ALWU01000010.1	1	25114  	25190  	fMet	CAT	0	0	79.4	
NZ_ALWU01000010.1	2	27814  	27886  	Thr	GGT	0	0	70.5	
NZ_ALWU01000010.1	3	80383  	80458  	His	GTG	0	0	68.5	
NZ_ALWU01000010.1	4	119121 	119192 	Met	CAT	0	0	70.0	
NZ_ALWU01000010.1	5	160356 	160440 	Leu	CAG	0	0	55.2	
NZ_ALWU01000010.1	6	382610 	382684 	Gln	TTG	0	0	76.1	
NZ_ALWU01000010.1	7	459745 	459673 	Val	GAC	0	0	68.4	
NZ_ALWU01000010.1	8	360538 	360465 	Arg	TCT	0	0	81.9	
NZ_ALWU01000010.1	9	320160 	320084 	Asp	GTC	0	0	83.3	
NZ_ALWU01000010.1	10	92875  	92803  	Val	TAC	0	0	71.6	
NZ_ALWU01000010.1	11	47273  	47191  	Leu	CAA	0	0	64.8	
NZ_CP011855.1	1	82707  	82782  	His	GTG	0	0	65.0	
NZ_CP011855.1	2	194149 	194224 	Asn	GTT	0	0	81.8	
NZ_CP011855.1	3	194262 	194337 	Glu	TTC	0	0	71.5	
NZ_CP011855.1	4	194342 	194417 	Val	TAC	0	0	83.1	
NZ_CP011855.1	5	194430 	194506 	Thr	TGT	0	0	78.3	
NZ_CP011855.1	6	194517 	194592 	Lys	TTT	0	0	76.3	
NZ_CP011855.1	7	194625 	194709 	Leu	TAG	0	0	71.5	
NZ_CP011855.1	8	279767 	279843 	Ile	GAT	0	0	78.5	
NZ_CP011855.1	9	279853 	279928 	Ala	TGC	0	0	77.1	
NZ_CP011855.1	10	437704 	437780 	Arg	TCT	0	0	70.4	
NZ_CP011855.1	11	922317 	922401 	Leu	CAA	0	0	64.9	
NZ_CP011855.1	12	1090848	1090783	Ser	GGA	0	0	22.8	pseudo
NZ_CP011855.1	13	1019738	1019648	Ser	GCT	0	0	86.4	
NZ_CP011855.1	14	1013410	1013336	Sup	TCA	0	0	77.5	
NZ_CP011855.1	15	1013251	1013177	Trp	CCA	0	0	77.1	
NZ_CP011855.1	16	1013158	1013066	Ser	CGA	0	0	71.0	
NZ_CP011855.1	17	915049 	914974 	Cys	GCA	0	0	69.8	
NZ_CP011855.1	18	914902 	914826 	Arg	ACG	0	0	75.0	
NZ_CP011855.1	19	914798 	914722 	Pro	TGG	0	0	81.1	
NZ_CP011855.1	20	914706 	914631 	Ala	TGC	0	0	79.5	
NZ_CP011855.1	21	914600 	914524 	Met	CAT	0	0	77.2	
NZ_CP011855.1	22	914522 	914446 	Ile2	CAT	0	0	84.4	
NZ_CP011855.1	23	914423 	914331 	Ser	TGA	0	0	82.0	
NZ_CP011855.1	24	914269 	914193 	fMet	CAT	0	0	79.6	
NZ_CP011855.1	25	914189 	914114 	Asp	GTC	0	0	73.1	
NZ_CP011855.1	26	914106 	914031 	Phe	GAA	0	0	80.9	
NZ_CP011855.1	27	667872 	667797 	Val	TAC	0	0	83.1	
NZ_CP011855.1	28	667790 	667714 	Thr	TGT	0	0	77.4	
NZ_CP011855.1	29	667707 	667624 	Tyr	GTA	0	0	76.2	
NZ_CP011855.1	30	667616 	667542 	Gln	TTG	0	0	76.0	
NZ_CP011855.1	31	667526 	667451 	Lys	TTT	0	0	78.7	
NZ_CP011855.1	32	667447 	667361 	Leu	TAA	0	0	69.5	
NZ_CP011855.1	33	667288 	667215 	Gly	TCC	0	0	76.2	
NZ_CP011855.1	34	584034 	583957 	Gln	TTG	0	0	51.9	
NZ_CP011856.1	1	104599 	104674 	His	GTG	0	0	65.0	
NZ_CP011856.1	2	200724 	200799 	Asn	GTT	0	0	81.8	
NZ_CP011856.1	3	200837 	200912 	Glu	TTC	0	0	71.5	
NZ_CP011856.1	4	200917 	200992 	Val	TAC	0	0	83.1	
NZ_CP011856.1	5	201006 	201082 	Thr	TGT	0	0	79.2	
NZ_CP011856.1	6	201090 	201165 	Lys	TTT	0	0	78.7	
NZ_CP011856.1	7	201199 	201283 	Leu	TAG	0	0	71.5	
NZ_CP011856.1	8	296602 	296678 	Ile	GAT	0	0	78.5	
NZ_CP011856.1	9	296688 	296763 	Ala	TGC	0	0	83.8	
NZ_CP011856.1	10	487139 	487215 	Arg	TCT	0	0	70.4	
NZ_CP011856.1	11	1096585	1096669	Leu	CAA	0	0	64.9	
NZ_CP011856.1	12	1301989	1301923	Phe	GAA	0	0	20.3	pseudo
NZ_CP011856.1	13	1206382	1206292	Ser	GCT	0	0	86.4	
NZ_CP011856.1	14	1199718	1199643	Sup	TCA	0	0	75.4	
NZ_CP011856.1	15	1199559	1199485	Trp	CCA	0	0	77.1	
NZ_CP011856.1	16	1199466	1199374	Ser	CGA	0	0	75.2	
NZ_CP011856.1	17	1087885	1087810	Cys	GCA	0	0	70.4	
NZ_CP011856.1	18	1087738	1087662	Arg	ACG	0	0	75.0	
NZ_CP011856.1	19	1087633	1087557	Pro	TGG	0	0	81.1	
NZ_CP011856.1	20	1087541	1087466	Ala	TGC	0	0	83.8	
NZ_CP011856.1	21	1087435	1087359	Met	CAT	0	0	77.2	
NZ_CP011856.1	22	1087357	1087281	Ile2	CAT	0	0	87.9	
NZ_CP011856.1	23	1087260	1087168	Ser	TGA	0	0	82.0	
NZ_CP011856.1	24	1087106	1087030	fMet	CAT	0	0	79.6	
NZ_CP011856.1	25	1087026	1086951	Asp	GTC	0	0	73.1	
NZ_CP011856.1	26	1086943	1086868	Phe	GAA	0	0	78.5	
NZ_CP011856.1	27	770821 	770746 	Val	TAC	0	0	83.1	
NZ_CP011856.1	28	770739 	770663 	Thr	TGT	0	0	77.4	
NZ_CP011856.1	29	770656 	770573 	Tyr	GTA	0	0	76.2	
NZ_CP011856.1	30	770566 	770492 	Gln	TTG	0	0	74.3	
NZ_CP011856.1	31	770476 	770401 	Lys	TTT	0	0	78.7	
NZ_CP011856.1	32	770397 	770311 	Leu	TAA	0	0	73.0	
NZ_CP011856.1	33	770243 	770170 	Gly	TCC	0	0	76.2	
NZ_LABZ01000109.1	1	9564   	9488   	fMet	CAT	0	0	78.6	
NZ_LABZ01000120.1	1	2197   	2106   	Ser	GCT	0	0	87.5	
NZ_LABZ01000121.1	1	10301  	10376  	Glu	TTC	0	0	75.1	
NZ_LABZ01000125.1	1	3164   	3239   	Ala	CGC	0	0	81.9	
NZ_LABZ01000125.1	2	3349   	3424   	Ala	CGC	0	0	81.9	
NZ_LABZ01000125.1	3	12963  	13047  	Tyr	GTA	0	0	70.2	
NZ_LABZ01000125.1	4	13199  	13283  	Tyr	GTA	0	0	70.2	
NZ_LABZ01000126.1	1	43935  	44011  	Pro	CGG	0	0	81.4	
NZ_LABZ01000126.1	2	44100  	44176  	Pro	CGG	0	0	81.4	
NZ_LABZ01000127.1	1	19639  	19565  	Gly	CCC	0	0	82.3	
NZ_LABZ01000013.1	1	84913  	84837  	fMet	CAT	0	0	78.6	
NZ_LABZ01000140.1	1	3024   	3100   	His	GTG	0	0	72.9	
NZ_LABZ01000145.1	1	46222  	46308  	Leu	CAA	0	0	79.6	
NZ_LABZ01000165.1	1	8657   	8732   	Glu	CTC	0	0	69.7	
NZ_LABZ01000167.1	1	13302  	13226  	fMet	CAT	0	0	78.6	
NZ_LABZ01000168.1	1	31559  	31634  	Val	TAC	0	0	83.2	
NZ_LABZ01000168.1	2	31323  	31247  	Asp	GTC	0	0	88.0	
NZ_LABZ01000168.1	3	31202  	31126  	Asp	GTC	0	0	88.0	
NZ_LABZ01000168.1	4	31067  	30991  	Asp	GTC	0	0	90.3	
NZ_LABZ01000172.1	1	25464  	25539  	Phe	GAA	0	0	84.5	
NZ_LABZ01000172.1	2	25624  	25699  	Phe	GAA	0	0	84.5	
NZ_LABZ01000178.1	1	15939  	16013  	Val	CAC	0	0	79.9	
NZ_LABZ01000178.1	2	16143  	16217  	Val	CAC	0	0	79.9	
NZ_LABZ01000178.1	3	26932  	27007  	Glu	CTC	0	0	69.7	
NZ_LABZ01000179.1	1	8512   	8436   	Met	CAT	0	0	79.2	
NZ_LABZ01000018.1	1	84587  	84502  	Leu	TAA	0	0	76.2	
NZ_LABZ01000018.1	2	35279  	35195  	Leu	GAG	0	0	74.5	
NZ_LABZ01000018.1	3	35004  	34920  	Leu	GAG	0	0	74.5	
NZ_LABZ01000186.1	1	28515  	28586  	Leu	CAA	0	0	34.7	
NZ_LABZ01000186.1	2	28496  	28420  	fMet	CAT	0	0	78.6	
NZ_LABZ01000196.1	1	58     	134    	fMet	CAT	0	0	78.6	
NZ_LABZ01000002.1	1	30273  	30165  	Undet	NNN	0	0	53.1	
NZ_LABZ01000022.1	1	47060  	46971  	Ser	TGA	0	0	95.0	
NZ_LABZ01000224.1	1	27     	102    	Ala	GGC	0	0	76.3	
NZ_LABZ01000227.1	1	3908   	3997   	Ser	CGA	0	0	90.9	
NZ_LABZ01000239.1	1	5866   	5950   	Leu	CAG	0	0	74.0	
NZ_LABZ01000239.1	2	13113  	13197  	Leu	CAG	0	0	74.0	
NZ_LABZ01000244.1	1	150    	75     	Ala	GGC	0	0	76.3	
NZ_LABZ01000247.1	1	1293   	1367   	Val	GAC	0	0	79.9	
NZ_LABZ01000247.1	2	1522   	1596   	Val	GAC	0	0	78.1	
NZ_LABZ01000025.1	1	107854 	107949 	Val	CAC	0	0	31.4	pseudo
NZ_LABZ01000259.1	1	2212   	2136   	fMet	CAT	0	0	78.6	
NZ_LABZ01000026.1	1	56689  	56762  	Gly	TCC	0	0	82.2	
NZ_LABZ01000026.1	2	53910  	53842  	Ser	TGA	0	0	23.7	pseudo
NZ_LABZ01000260.1	1	819    	893    	Gly	GCC	0	0	85.0	
NZ_LABZ01000260.1	2	922    	996    	Gly	GCC	0	0	85.0	
NZ_LABZ01000260.1	3	1021   	1095   	Gly	GCC	0	0	85.0	
NZ_LABZ01000264.1	1	20172  	20247  	Lys	CTT	0	0	86.2	
NZ_LABZ01000264.1	2	20351  	20426  	Lys	CTT	0	0	86.2	
NZ_LABZ01000327.1	1	742    	667    	Lys	TTT	0	0	82.9	
NZ_LABZ01000339.1	1	2436   	2560   	Undet	NNN	0	0	21.3	pseudo
NZ_LABZ01000372.1	1	2339   	2412   	Gln	CTG	0	0	70.8	
NZ_LABZ01000038.1	1	18536  	18609  	Cys	GCA	0	0	69.2	
NZ_LABZ01000038.1	2	18264  	18189  	Asn	GTT	0	0	82.0	
NZ_LABZ01000042.1	1	10023  	9949   	Gln	TTG	0	0	68.9	
NZ_LABZ01000054.1	1	958    	1033   	Asn	GTT	0	0	80.4	
NZ_LABZ01000058.1	1	41812  	41738  	Thr	GGT	0	0	79.8	
NZ_LABZ01000058.1	2	41652  	41578  	Thr	GGT	0	0	79.8	
NZ_LABZ01000006.1	1	15361  	15437  	Arg	ACG	0	0	88.9	
NZ_LABZ01000006.1	2	40314  	40225  	Ser	GGA	0	0	90.5	
NZ_LABZ01000061.1	1	18179  	18103  	Trp	CCA	0	0	87.4	
NZ_LABZ01000064.1	1	36     	112    	fMet	CAT	0	0	78.6	
NZ_LABZ01000065.1	1	178    	102    	Ile	GAT	0	0	82.0	
NZ_LABZ01000065.1	2	60     	3      	Ala	TGC	0	0	22.9	
NZ_LABZ01000067.1	1	616    	692    	fMet	CAT	0	0	78.6	
NZ_LABZ01000069.1	1	67298  	67382  	Leu	TAG	0	0	71.5	
NZ_LABZ01000078.1	1	50520  	50444  	Arg	TCT	0	0	79.2	
NZ_LABZ01000078.1	2	28396  	28332  	Arg	GCG	0	0	15.3	pseudo
NZ_LABZ01000078.1	3	28248  	28173  	Cys	GCA	0	0	33.7	
NZ_LABZ01000086.1	1	2      	72     	Arg	CCG	0	0	66.6	
NZ_LABZ01000086.1	2	11476  	11552  	Arg	CCG	0	0	83.0	
NZ_LABZ01000090.1	1	23617  	23692  	Thr	CGT	0	0	93.4	
NZ_LABY01000001.1	1	38624  	38549  	Lys	CTT	0	0	86.2	
NZ_LABY01000001.1	2	38449  	38374  	Lys	CTT	0	0	86.2	
NZ_LABY01000103.1	1	19093  	19167  	Gly	CCC	0	0	82.3	
NZ_LABY01000107.1	1	20612  	20687  	Ala	GGC	0	0	74.4	
NZ_LABY01000107.1	2	20782  	20857  	Ala	GGC	0	0	74.4	
NZ_LABY01000107.1	3	20989  	21064  	Ala	GGC	0	0	78.2	
NZ_LABY01000011.1	1	9680   	9756   	Pro	CGG	0	0	81.4	
NZ_LABY01000011.1	2	9845   	9921   	Pro	CGG	0	0	81.4	
NZ_LABY01000112.1	1	3088   	3164   	His	GTG	0	0	72.9	
NZ_LABY01000113.1	1	7784   	7700   	Leu	TAG	0	0	71.5	
NZ_LABY01000114.1	1	9929   	9853   	Pro	TGG	0	0	80.7	
NZ_LABY01000145.1	1	3440   	3364   	Ile	GAT	0	0	82.0	
NZ_LABY01000145.1	2	3322   	3247   	Ala	TGC	0	0	78.1	
NZ_LABY01000149.1	1	14745  	14669  	fMet	CAT	0	0	78.6	
NZ_LABY01000155.1	1	13020  	13109  	Ser	TGA	0	0	90.8	
NZ_LABY01000157.1	1	7904   	7830   	Val	CAC	0	0	79.9	
NZ_LABY01000157.1	2	7702   	7628   	Val	CAC	0	0	78.7	
NZ_LABY01000158.1	1	3394   	3320   	Val	GAC	0	0	79.9	
NZ_LABY01000164.1	1	10272  	10196  	Arg	ACG	0	0	88.9	
NZ_LABY01000164.1	2	10117  	10041  	Arg	ACG	0	0	88.9	
NZ_LABY01000170.1	1	209    	285    	fMet	CAT	0	0	78.6	
NZ_LABY01000171.1	1	70117  	70042  	Glu	CTC	0	0	69.7	
NZ_LABY01000173.1	1	8678   	8605   	Gln	CTG	0	0	70.8	
NZ_LABY01000196.1	1	5940   	5851   	Ser	GGA	0	0	85.1	
NZ_LABY01000197.1	1	3995   	3918   	Pro	GGG	0	0	74.2	
NZ_LABY01000020.1	1	35382  	35456  	Thr	TGT	0	0	79.5	
NZ_LABY01000210.1	1	8706   	8632   	Thr	GGT	0	0	79.8	
NZ_LABY01000227.1	1	38390  	38331  	Ser	CGA	0	0	28.5	
NZ_LABY01000227.1	2	38282  	38206  	Asp	GTC	0	0	88.0	
NZ_LABY01000227.1	3	38152  	38076  	Asp	GTC	0	0	90.3	
NZ_LABY01000229.1	1	2082   	2006   	Arg	TCT	0	0	83.0	
NZ_LABY01000237.1	1	1189   	1100   	Ser	CGA	0	0	90.9	
NZ_LABY01000245.1	1	19097  	19172  	Phe	GAA	0	0	84.0	
NZ_LABY01000245.1	2	19267  	19342  	Phe	GAA	0	0	84.5	
NZ_LABY01000252.1	1	1715   	1791   	Trp	CCA	0	0	87.4	
NZ_LABY01000258.1	1	30099  	30025  	Gln	TTG	0	0	68.9	
NZ_LABY01000267.1	1	1401   	1485   	Tyr	GTA	0	0	70.2	
NZ_LABY01000028.1	1	48959  	49035  	Met	CAT	0	0	79.2	
NZ_LABY01000003.1	1	16422  	16336  	Leu	CAA	0	0	79.6	
NZ_LABY01000307.1	1	2090   	2163   	Cys	GCA	0	0	69.2	
NZ_LABY01000307.1	2	1840   	1765   	Asn	GTT	0	0	82.0	
NZ_LABY01000032.1	1	8938   	8863   	Asn	GTT	0	0	82.0	
NZ_LABY01000034.1	1	18534  	18609  	Ile2	CAT	0	0	81.8	
NZ_LABY01000034.1	2	39218  	39283  	Gly	GCC	0	0	29.1	pseudo
NZ_LABY01000034.1	3	39284  	39411  	Undet	NNN	0	0	24.6	pseudo
NZ_LABY01000364.1	1	2      	69     	Glu	TTC	0	0	54.2	
NZ_LABY01000397.1	1	1253   	1177   	Arg	CCG	0	0	83.0	
NZ_LABY01000004.1	1	34680  	34589  	Ser	GCT	0	0	87.5	
NZ_LABY01000050.1	1	340    	415    	Val	TAC	0	0	83.2	
NZ_LABY01000050.1	2	18136  	18211  	Thr	CGT	0	0	93.4	
NZ_LABY01000050.1	3	93     	17     	Asp	GTC	0	0	88.0	
NZ_LABY01000053.1	1	64505  	64572  	Met	CAT	0	0	25.1	pseudo
NZ_LABY01000053.1	2	436    	362    	Gly	GCC	0	0	85.0	
NZ_LABY01000053.1	3	332    	258    	Gly	GCC	0	0	85.0	
NZ_LABY01000053.1	4	233    	159    	Gly	GCC	0	0	85.0	
NZ_LABY01000059.1	1	29981  	29897  	Leu	CAG	0	0	74.0	
NZ_LABY01000059.1	2	29500  	29416  	Leu	CAG	0	0	74.0	
NZ_LABY01000069.1	1	21140  	21065  	Lys	TTT	0	0	82.9	
NZ_LABY01000070.1	1	28718  	28791  	Gly	TCC	0	0	82.2	
NZ_LABY01000070.1	2	26246  	25943  	Undet	NNN	0	0	39.6	
NZ_LABY01000081.1	1	43224  	43308  	Leu	GAG	0	0	74.5	
NZ_LABY01000081.1	2	43482  	43566  	Leu	GAG	0	0	74.5	
NZ_LABY01000096.1	1	16210  	16295  	Leu	TAA	0	0	76.2	
NZ_LFLZ01000001.1	1	79840  	79913  	Gln	CTG	0	0	64.5	
NZ_LFLZ01000001.1	2	357564 	357491 	Ser	CGA	0	0	25.8	pseudo
NZ_LFLZ01000001.1	3	357483 	357336 	Undet	NNN	0	0	26.4	
NZ_LFLZ01000002.1	1	297059 	296984 	Lys	CTT	0	0	87.7	
NZ_LFLZ01000002.1	2	218397 	218297 	Ser	CGA	0	0	30.0	
NZ_LFLZ01000002.1	3	4523   	4451   	Undet	NNN	0	0	33.9	
NZ_LFLZ01000003.1	1	212613 	212529 	Leu	CAA	0	0	75.3	
NZ_LFLZ01000003.1	2	186245 	186173 	Arg	CCG	0	0	41.2	
NZ_LFLZ01000004.1	1	105243 	105316 	Cys	GCA	0	0	72.5	
NZ_LFLZ01000004.1	2	107740 	107814 	Asn	GTT	0	0	82.4	
NZ_LFLZ01000004.1	3	251975 	252064 	Ser	TGA	0	0	94.1	
NZ_LFLZ01000004.1	4	66143  	66067  	Arg	TCT	0	0	77.5	
NZ_LFLZ01000005.1	1	371    	460    	Ser	GGA	0	0	90.8	
NZ_LFLZ01000005.1	2	181142 	181218 	Arg	ACG	0	0	82.7	
NZ_LFLZ01000007.1	1	134313 	134387 	Glu	TTC	0	0	63.9	
NZ_LFLZ01000007.1	2	161305 	161381 	Pro	TGG	0	0	71.5	
NZ_LFLZ01000008.1	1	10383  	10458  	Trp	CCA	0	0	89.3	
NZ_LFLZ01000008.1	2	166581 	166505 	Arg	TCG	0	0	82.8	
NZ_LFLZ01000009.1	1	6174   	6248   	Val	CAC	0	0	72.5	
NZ_LFLZ01000009.1	2	170159 	170233 	Met	CAT	0	0	20.9	pseudo
NZ_LFLZ01000009.1	3	192484 	192411 	Gln	TTG	0	0	59.9	
NZ_LFLZ01000009.1	4	51089  	50984  	Undet	NNN	0	0	22.9	
NZ_LFLZ01000011.1	1	154574 	154648 	Thr	TGT	0	0	80.0	
NZ_LFLZ01000011.1	2	150571 	150486 	Tyr	GTA	0	0	75.3	
NZ_LFLZ01000011.1	3	131039 	130966 	Gly	TCC	0	0	82.2	
NZ_LFLZ01000015.1	1	47313  	47421  	Met	CAT	0	0	26.0	pseudo
NZ_LFLZ01000015.1	2	76485  	76549  	Met	CAT	0	0	29.8	
NZ_LFLZ01000017.1	1	8775   	8859   	Leu	GAG	0	0	72.7	
NZ_LFLZ01000017.1	2	10971  	11039  	Glu	CTC	0	0	24.8	
NZ_LFLZ01000023.1	1	96113  	96027  	Leu	TAA	0	0	77.2	
NZ_LFLZ01000024.1	1	9743   	9819   	His	GTG	0	0	82.2	
NZ_LFLZ01000026.1	1	96524  	96616  	Ser	GCT	0	0	91.5	
NZ_LFLZ01000026.1	2	41456  	41379  	Pro	GGG	0	0	74.1	
NZ_LFLZ01000027.1	1	99628  	99552  	fMet	CAT	0	0	77.1	
NZ_LFLZ01000030.1	1	40495  	40420  	Ile2	CAT	0	0	82.6	
NZ_LFLZ01000035.1	1	11533  	11608  	Phe	GAA	0	0	78.3	
NZ_LFLZ01000035.1	2	41174  	41111  	Ser	CGA	0	0	36.0	
NZ_LFLZ01000035.1	3	2540   	2466   	Thr	GGT	0	0	78.7	
NZ_LFLZ01000037.1	1	42989  	42916  	Val	GAC	0	0	74.0	
NZ_LFLZ01000040.1	1	2390   	2315   	Lys	TTT	0	0	84.5	
NZ_LFLZ01000047.1	1	49415  	49501  	Leu	CAG	0	0	67.9	
NZ_LFLZ01000054.1	1	55648  	55573  	Ile2	CAT	0	0	78.9	
NZ_LFLZ01000054.1	2	51494  	51323  	Met	CAT	0	0	24.3	pseudo
NZ_LFLZ01000057.1	1	22741  	22817  	Arg	CCT	0	0	79.6	
NZ_LFLZ01000059.1	1	29876  	29800  	Arg	CCG	0	0	83.0	
NZ_LFLZ01000064.1	1	49808  	49733  	Undet	NNN	0	0	39.2	
NZ_LFLZ01000070.1	1	2060   	2149   	Ser	CGA	0	0	89.8	
NZ_LFLZ01000072.1	1	34714  	34788  	Gly	GCC	0	0	83.8	
NZ_LFLZ01000073.1	1	22300  	22384  	Leu	TAG	0	0	74.8	
NZ_LFLZ01000073.1	2	32718  	32794  	Val	TAC	0	0	78.7	
NZ_LFLZ01000073.1	3	37191  	37267  	Asp	GTC	0	0	90.9	
NZ_LFLZ01000074.1	1	10066  	10138  	Gly	CCC	0	0	75.5	
NZ_LFLZ01000084.1	1	19481  	19557  	Ile	GAT	0	0	81.7	
NZ_LFLZ01000084.1	2	19668  	19743  	Ala	TGC	0	0	75.8	
NZ_LFLZ01000107.1	1	16742  	16667  	Thr	CGT	0	0	90.3	
NZ_LFLZ01000111.1	1	11746  	11820  	Glu	CTC	0	0	69.1	
NZ_LFLZ01000116.1	1	7626   	7550   	Pro	CGG	0	0	82.3	
NZ_LFLZ01000119.1	1	10969  	10893  	Met	CAT	0	0	82.1	
NZ_LFLZ01000144.1	1	6561   	6457   	Pro	CGG	0	0	22.7	pseudo
NZ_CP012328.1	1	78360  	78468  	Undet	NNN	0	0	27.8	
NZ_CP012328.1	2	132294 	132369 	Asn	GTT	0	0	89.6	
NZ_CP012328.1	3	132378 	132453 	Glu	TTC	0	0	64.2	
NZ_CP012328.1	4	132466 	132541 	Val	TAC	0	0	84.8	
NZ_CP012328.1	5	132547 	132622 	Thr	TGT	0	0	84.5	
NZ_CP012328.1	6	133125 	133200 	Lys	TTT	0	0	81.7	
NZ_CP012328.1	7	133206 	133290 	Leu	TAG	0	0	74.3	
NZ_CP012328.1	8	142347 	142421 	Cys	GCA	0	0	64.7	
NZ_CP012328.1	9	142597 	142673 	Arg	ACG	0	0	77.0	
NZ_CP012328.1	10	142719 	142795 	Pro	TGG	0	0	83.1	
NZ_CP012328.1	11	142816 	142891 	Ala	TGC	0	0	83.8	
NZ_CP012328.1	12	142897 	142973 	Met	CAT	0	0	78.9	
NZ_CP012328.1	13	142988 	143064 	Ile2	CAT	0	0	87.8	
NZ_CP012328.1	14	143116 	143208 	Ser	TGA	0	0	85.5	
NZ_CP012328.1	15	143220 	143295 	fMet	CAT	0	0	82.8	
NZ_CP012328.1	16	143299 	143375 	Asp	GTC	0	0	79.8	
NZ_CP012328.1	17	143379 	143454 	Phe	GAA	0	0	74.8	
NZ_CP012328.1	18	147891 	147967 	Ile	GAT	0	0	75.9	
NZ_CP012328.1	19	158494 	158569 	His	GTG	0	0	64.7	
NZ_CP012328.1	20	161024 	161099 	Sup	TCA	0	0	81.5	
NZ_CP012328.1	21	161142 	161217 	Trp	CCA	0	0	81.4	
NZ_CP012328.1	22	293850 	293925 	Thr	AGT	0	0	86.9	
NZ_CP012328.1	23	293930 	294013 	Tyr	GTA	0	0	67.5	
NZ_CP012328.1	24	294019 	294093 	Gln	TTG	0	0	69.9	
NZ_CP012328.1	25	294105 	294180 	Lys	TTT	0	0	81.7	
NZ_CP012328.1	26	294188 	294276 	Leu	TAA	0	0	76.7	
NZ_CP012328.1	27	386598 	386671 	Gly	TCC	0	0	76.2	
NZ_CP012328.1	28	1109208	1109118	Ser	GCT	0	0	82.4	
NZ_CP012328.1	29	959418 	959342 	Arg	TCT	0	0	76.4	
NZ_CP012328.1	30	204261 	204179 	Leu	CAA	0	0	70.5	
NZ_CP012357.1	1	129456 	129531 	Asn	GTT	0	0	89.6	
NZ_CP012357.1	2	129537 	129612 	Glu	TTC	0	0	64.2	
NZ_CP012357.1	3	129621 	129696 	Val	TAC	0	0	81.7	
NZ_CP012357.1	4	129706 	129781 	Thr	TGT	0	0	84.5	
NZ_CP012357.1	5	130276 	130351 	Lys	TTT	0	0	78.7	
NZ_CP012357.1	6	130357 	130441 	Leu	TAG	0	0	74.3	
NZ_CP012357.1	7	139460 	139534 	Cys	GCA	0	0	64.7	
NZ_CP012357.1	8	139707 	139783 	Arg	ACG	0	0	77.0	
NZ_CP012357.1	9	139830 	139906 	Pro	TGG	0	0	83.1	
NZ_CP012357.1	10	139927 	140002 	Ala	TGC	0	0	83.8	
NZ_CP012357.1	11	140008 	140084 	Met	CAT	0	0	78.9	
NZ_CP012357.1	12	140099 	140175 	Ile2	CAT	0	0	87.8	
NZ_CP012357.1	13	140229 	140321 	Ser	TGA	0	0	85.5	
NZ_CP012357.1	14	140333 	140408 	fMet	CAT	0	0	82.8	
NZ_CP012357.1	15	140412 	140488 	Asp	GTC	0	0	79.8	
NZ_CP012357.1	16	140492 	140567 	Phe	GAA	0	0	74.8	
NZ_CP012357.1	17	148092 	148168 	Ile	GAT	0	0	75.9	
NZ_CP012357.1	18	156816 	156891 	His	GTG	0	0	64.7	
NZ_CP012357.1	19	159347 	159422 	Sup	TCA	0	0	81.5	
NZ_CP012357.1	20	159464 	159539 	Trp	CCA	0	0	81.4	
NZ_CP012357.1	21	303248 	303323 	Thr	AGT	0	0	88.8	
NZ_CP012357.1	22	303328 	303411 	Tyr	GTA	0	0	67.5	
NZ_CP012357.1	23	303417 	303491 	Gln	TTG	0	0	69.9	
NZ_CP012357.1	24	303502 	303577 	Lys	TTT	0	0	78.7	
NZ_CP012357.1	25	303585 	303673 	Leu	TAA	0	0	76.7	
NZ_CP012357.1	26	386586 	386659 	Gly	TCC	0	0	76.2	
NZ_CP012357.1	27	1011164	1011074	Ser	GCT	0	0	84.7	
NZ_CP012357.1	28	880571 	880495 	Arg	TCT	0	0	76.4	
NZ_CP012357.1	29	206198 	206116 	Leu	CAA	0	0	70.5	
NZ_CP010899.1	1	215202 	215278 	Ile	GAT	0	0	81.9	
NZ_CP010899.1	2	215297 	215372 	Ala	TGC	0	0	80.9	
NZ_CP010899.1	3	339837 	339912 	Cys	GCA	0	0	66.7	
NZ_CP010899.1	4	339954 	340030 	Arg	ACG	0	0	79.0	
NZ_CP010899.1	5	340054 	340130 	Pro	TGG	0	0	81.1	
NZ_CP010899.1	6	340147 	340222 	Ala	TGC	0	0	83.8	
NZ_CP010899.1	7	340254 	340330 	Met	CAT	0	0	73.2	
NZ_CP010899.1	8	340332 	340408 	Ile2	CAT	0	0	87.9	
NZ_CP010899.1	9	340441 	340533 	Ser	TGA	0	0	83.7	
NZ_CP010899.1	10	340585 	340659 	fMet	CAT	0	0	78.6	
NZ_CP010899.1	11	340662 	340737 	Asp	GTC	0	0	71.3	
NZ_CP010899.1	12	340743 	340818 	Phe	GAA	0	0	76.3	
NZ_CP010899.1	13	454948 	455023 	Asn	GTT	0	0	89.1	
NZ_CP010899.1	14	455057 	455132 	Glu	TTC	0	0	69.2	
NZ_CP010899.1	15	455137 	455212 	Val	TAC	0	0	83.4	
NZ_CP010899.1	16	455227 	455302 	Thr	TGT	0	0	77.8	
NZ_CP010899.1	17	455311 	455386 	Lys	TTT	0	0	76.8	
NZ_CP010899.1	18	455404 	455488 	Leu	TAG	0	0	71.3	
NZ_CP010899.1	19	850787 	850876 	Ser	GCT	0	0	38.5	
NZ_CP010899.1	20	1349457	1349382	His	GTG	0	0	64.6	
NZ_CP010899.1	21	1241599	1241509	Ser	GCT	0	0	87.2	
NZ_CP010899.1	22	1227913	1227838	Sup	TCA	0	0	80.2	
NZ_CP010899.1	23	1227757	1227683	Trp	CCA	0	0	69.0	
NZ_CP010899.1	24	1227671	1227579	Ser	CGA	0	0	75.0	
NZ_CP010899.1	25	1125578	1125502	Arg	TCT	0	0	78.4	
NZ_CP010899.1	26	992352 	992280 	Val	TAC	0	0	50.3	
NZ_CP010899.1	27	992264 	992189 	Thr	TGT	0	0	79.6	
NZ_CP010899.1	28	992182 	992099 	Tyr	GTA	0	0	70.7	
NZ_CP010899.1	29	992083 	992009 	Gln	TTG	0	0	74.2	
NZ_CP010899.1	30	992004 	991929 	Lys	TTT	0	0	78.7	
NZ_CP010899.1	31	991913 	991827 	Leu	TAA	0	0	71.0	
NZ_CP010899.1	32	991726 	991653 	Gly	TCC	0	0	75.9	
NZ_CP010899.1	33	335874 	335790 	Leu	CAA	0	0	66.2	
NZ_CP012622.1	1	83094  	83196  	Undet	NNN	0	0	26.8	pseudo
NZ_CP012622.1	2	152198 	152273 	Asn	GTT	0	0	89.6	
NZ_CP012622.1	3	152281 	152356 	Glu	TTC	0	0	63.5	
NZ_CP012622.1	4	152374 	152449 	Val	TAC	0	0	82.8	
NZ_CP012622.1	5	152459 	152534 	Thr	TGT	0	0	84.5	
NZ_CP012622.1	6	153052 	153127 	Lys	TTT	0	0	76.8	
NZ_CP012622.1	7	153133 	153217 	Leu	TAG	0	0	73.7	
NZ_CP012622.1	8	165364 	165438 	Cys	GCA	0	0	64.7	
NZ_CP012622.1	9	165607 	165683 	Arg	ACG	0	0	77.4	
NZ_CP012622.1	10	165726 	165802 	Pro	TGG	0	0	83.1	
NZ_CP012622.1	11	165828 	165903 	Ala	TGC	0	0	83.8	
NZ_CP012622.1	12	165909 	165985 	Met	CAT	0	0	78.9	
NZ_CP012622.1	13	166010 	166086 	Ile2	CAT	0	0	87.8	
NZ_CP012622.1	14	166131 	166223 	Ser	TGA	0	0	84.5	
NZ_CP012622.1	15	166231 	166306 	fMet	CAT	0	0	84.8	
NZ_CP012622.1	16	166311 	166387 	Asp	GTC	0	0	79.8	
NZ_CP012622.1	17	166393 	166468 	Phe	GAA	0	0	74.3	
NZ_CP012622.1	18	166582 	166658 	Ile	GAT	0	0	75.5	
NZ_CP012622.1	19	210691 	210781 	Ser	GCT	0	0	84.2	
NZ_CP012622.1	20	332205 	332281 	Arg	TCT	0	0	76.4	
NZ_CP012622.1	21	420793 	420866 	Gly	TCC	0	0	76.2	
NZ_CP012622.1	22	985687 	985769 	Leu	CAA	0	0	68.3	
NZ_CP012622.1	23	1034513	1034438	His	GTG	0	0	63.8	
NZ_CP012622.1	24	1031961	1031886	Sup	TCA	0	0	81.5	
NZ_CP012622.1	25	1031833	1031758	Trp	CCA	0	0	78.3	
NZ_CP012622.1	26	885725 	885650 	Thr	AGT	0	0	86.9	
NZ_CP012622.1	27	885635 	885552 	Tyr	GTA	0	0	68.4	
NZ_CP012622.1	28	885546 	885472 	Gln	TTG	0	0	68.2	
NZ_CP012622.1	29	885453 	885378 	Lys	TTT	0	0	76.8	
NZ_CP012622.1	30	885359 	885271 	Leu	TAA	0	0	74.2	
NZ_CP012036.1	1	135392 	135464 	Arg	TCT	0	0	76.9	
NZ_CP012036.1	2	379179 	379252 	Ile	GAT	0	0	73.1	
NZ_CP012036.1	3	379335 	379407 	Ala	TGC	0	0	80.4	
NZ_CP012036.1	4	504109 	504182 	Arg	ACG	0	0	68.4	
NZ_CP012036.1	5	883174 	883255 	Leu	TAG	0	0	59.1	
NZ_CP012036.1	6	1108754	1108825	Gly	GCC	0	0	73.5	
NZ_CP012036.1	7	1659705	1659777	Trp	CCA	0	0	73.5	
NZ_CP012036.1	8	1725020	1725092	Arg	CCG	0	0	69.4	
NZ_CP012036.1	9	1818752	1818838	Ser	CGA	0	0	75.6	
NZ_CP012036.1	10	2091400	2091471	Lys	CTT	0	0	66.5	
NZ_CP012036.1	11	2250455	2250527	Undet	NNN	0	0	42.0	
NZ_CP012036.1	12	2847769	2847840	Asn	GTT	0	0	72.6	
NZ_CP012036.1	13	3227544	3227617	Pro	GGG	0	0	68.6	
NZ_CP012036.1	14	3696289	3696361	Glu	TTC	0	0	53.5	
NZ_CP012036.1	15	3702953	3703026	Asp	GTC	0	0	70.1	
NZ_CP012036.1	16	3703030	3703106	Glu	CTC	0	0	42.2	
NZ_CP012036.1	17	3703110	3703182	Cys	GCA	0	0	69.6	
NZ_CP012036.1	18	3703192	3703266	Ile2	CAT	0	0	61.5	
NZ_CP012036.1	19	3703269	3703340	Trp	CCA	0	0	52.9	
NZ_CP012036.1	20	3703417	3703487	Glu	TTC	0	0	54.2	
NZ_CP012036.1	21	3703492	3703574	Tyr	GTA	0	0	65.0	
NZ_CP012036.1	22	3703579	3703668	Ser	GCT	0	0	74.5	
NZ_CP012036.1	23	3703859	3703933	Arg	ACG	0	0	55.8	
NZ_CP012036.1	24	3704016	3704089	Phe	GAA	0	0	63.6	
NZ_CP012036.1	25	3704096	3704171	Asn	GTT	0	0	69.1	
NZ_CP012036.1	26	3704177	3704252	Gln	CTG	0	0	72.0	
NZ_CP012036.1	27	3704258	3704331	Gln	TTG	0	0	54.3	
NZ_CP012036.1	28	3704343	3704419	Leu	CAA	0	0	63.2	
NZ_CP012036.1	29	3704426	3704504	Leu	TAA	0	0	63.3	
NZ_CP012036.1	30	3704506	3704579	Pro	TGG	0	0	69.9	
NZ_CP012036.1	31	3704583	3704656	Leu	GAG	0	0	51.0	
NZ_CP012036.1	32	3704661	3704764	Leu	GAG	0	0	29.8	
NZ_CP012036.1	33	3704777	3704850	Leu	TAG	0	0	63.8	
NZ_CP012036.1	34	3704861	3704936	fMet	CAT	0	0	26.1	
NZ_CP012036.1	35	3705135	3705207	Thr	TGT	0	0	78.9	
NZ_CP012036.1	36	3705220	3705290	Gly	TCC	0	0	51.3	
NZ_CP012036.1	37	3705376	3705450	Val	TAC	0	0	77.3	
NZ_CP012036.1	38	3705457	3705530	Arg	TCT	0	0	56.7	
NZ_CP012036.1	39	3705606	3705679	Ala	TGC	0	0	70.2	
NZ_CP012036.1	40	3705686	3705759	His	GTG	0	0	41.3	
NZ_CP012036.1	41	3705767	3705849	Ser	TGA	0	0	33.2	
NZ_CP012036.1	42	3706044	3706115	Lys	TTT	0	0	55.5	
NZ_CP012036.1	43	3752788	3752874	Ser	GGA	0	0	81.0	
NZ_CP012036.1	44	4393487	4393616	Met	CAT	0	0	46.7	
NZ_CP012036.1	45	4393658	4393781	Undet	NNN	0	0	52.0	
NZ_CP012036.1	46	4393814	4393936	Undet	NNN	0	0	48.8	
NZ_CP012036.1	47	4429775	4429848	Val	GAC	0	0	78.1	
NZ_CP012036.1	48	5312696	5312777	Leu	CAG	0	0	59.9	
NZ_CP012036.1	49	6099768	6099841	Pro	TGG	0	0	76.0	
NZ_CP012036.1	50	6146202	6146275	Arg	CCT	0	0	65.7	
NZ_CP012036.1	51	6551047	6551118	Thr	CGT	0	0	81.9	
NZ_CP012036.1	52	6600392	6600465	Ile	GAT	0	0	73.1	
NZ_CP012036.1	53	6600548	6600620	Ala	TGC	0	0	80.4	
NZ_CP012036.1	54	6619793	6619866	Asp	GTC	0	0	74.2	
NZ_CP012036.1	55	6742545	6742617	Val	TAC	0	0	76.0	
NZ_CP012036.1	56	6763788	6763871	Leu	CAA	0	0	65.6	
NZ_CP012036.1	57	6920427	6920499	Phe	GAA	0	0	72.5	
NZ_CP012036.1	58	7066901	7066829	Ala	CGC	0	0	61.9	
NZ_CP012036.1	59	7058100	7058020	Leu	GAG	0	0	60.5	
NZ_CP012036.1	60	6995122	6995053	Tyr	GTA	0	0	49.3	
NZ_CP012036.1	61	6995050	6994976	Lys	CTT	0	0	69.8	
NZ_CP012036.1	62	6994949	6994875	Undet	NNN	0	0	49.7	
NZ_CP012036.1	63	5842775	5842708	Undet	NNN	0	0	22.5	pseudo
NZ_CP012036.1	64	5455042	5454969	Met	CAT	0	0	69.1	
NZ_CP012036.1	65	5130186	5130113	Pro	CGG	0	0	74.5	
NZ_CP012036.1	66	4345820	4345750	Gly	TCC	0	0	73.2	
NZ_CP012036.1	67	4280350	4280266	Ser	TGA	0	0	73.6	
NZ_CP012036.1	68	3486664	3486593	Cys	GCA	0	0	70.3	
NZ_CP012036.1	69	3337400	3337324	fMet	CAT	0	0	72.5	
NZ_CP012036.1	70	3047092	3047020	Ala	TGC	0	0	80.4	
NZ_CP012036.1	71	2889435	2889364	Thr	TGT	0	0	71.3	
NZ_CP012036.1	72	2694927	2694855	His	GTG	0	0	61.0	
NZ_CP012036.1	73	2500349	2500267	Tyr	GTA	0	0	64.2	
NZ_CP012036.1	74	2500178	2500107	Thr	GGT	0	0	72.6	
NZ_CP012036.1	75	2493164	2493096	Thr	GGT	0	0	20.8	pseudo
NZ_CP012036.1	76	1891695	1891621	Gln	TTG	0	0	68.3	
NZ_CP012036.1	77	1427452	1427381	Lys	TTT	0	0	66.5	
NZ_CP012036.1	78	1118915	1118843	Ile2	CAT	0	0	54.0	
NZ_CP012036.1	79	777645 	777574 	Gly	CCC	0	0	72.2	
NZ_CP012036.1	80	517502 	517411 	Ser	GCT	0	0	82.0	
NZ_LDJL01000010.1	1	3367   	3292   	Ile2	CAT	0	0	83.1	
NZ_LDJL01000011.1	1	127815 	127900 	Leu	CAA	0	0	74.0	
NZ_LDJL01000011.1	2	232138 	232212 	Glu	CTC	0	0	65.0	
NZ_LDJL01000011.1	3	365119 	365205 	Leu	CAG	0	0	69.5	
NZ_LDJL01000011.1	4	481817 	481892 	Phe	GAA	0	0	86.6	
NZ_LDJL01000011.1	5	551455 	551531 	Asn	GTT	0	0	84.9	
NZ_LDJL01000011.1	6	548517 	548443 	Val	GAC	0	0	83.6	
NZ_LDJL01000011.1	7	500673 	500597 	Pro	GGG	0	0	71.0	
NZ_LDJL01000011.1	8	328102 	328027 	Thr	CGT	0	0	90.9	
NZ_LDJL01000011.1	9	290866 	290774 	Ser	GCT	0	0	82.3	
NZ_LDJL01000011.1	10	290592 	290516 	Arg	ACG	0	0	87.4	
NZ_LDJL01000011.1	11	177678 	177594 	Leu	GAG	0	0	60.4	
NZ_LDJL01000011.1	12	162276 	162200 	fMet	CAT	0	0	75.7	
NZ_LDJL01000013.1	1	69481  	69405  	Arg	CCG	0	0	83.7	
NZ_LDJL01000014.1	1	28528  	28453  	Ala	TGC	0	0	86.3	
NZ_LDJL01000014.1	2	28435  	28359  	Ile	GAT	0	0	87.6	
NZ_LDJL01000017.1	1	155068 	155142 	Val	TAC	0	0	82.0	
NZ_LDJL01000017.1	2	155170 	155246 	Asp	GTC	0	0	87.2	
NZ_LDJL01000017.1	3	155395 	155471 	Asp	GTC	0	0	87.2	
NZ_LDJL01000017.1	4	164420 	164510 	Ser	CGA	0	0	85.0	
NZ_LDJL01000017.1	5	148291 	148215 	Pro	TGG	0	0	83.4	
NZ_LDJL01000017.1	6	148156 	148080 	Arg	TCT	0	0	89.3	
NZ_LDJL01000017.1	7	148047 	147971 	His	GTG	0	0	78.6	
NZ_LDJL01000017.1	8	147899 	147824 	Lys	CTT	0	0	89.0	
NZ_LDJL01000017.1	9	147720 	147635 	Leu	TAG	0	0	67.1	
NZ_LDJL01000002.1	1	222037 	222113 	Met	CAT	0	0	85.3	
NZ_LDJL01000002.1	2	357445 	357354 	Leu	CAA	0	0	29.8	
NZ_LDJL01000002.1	3	72564  	72489  	Lys	TTT	0	0	90.3	
NZ_LDJL01000002.1	4	71620  	71538  	Lys	TTT	0	0	29.7	pseudo
NZ_LDJL01000023.1	1	35703  	35778  	Gln	TTG	0	0	74.6	
NZ_LDJL01000024.1	1	371    	446    	Trp	CCA	0	0	86.7	
NZ_LDJL01000029.1	1	2456   	2541   	Tyr	GTA	0	0	72.6	
NZ_LDJL01000029.1	2	2963   	3036   	Gly	TCC	0	0	85.7	
NZ_LDJL01000029.1	3	3088   	3163   	Thr	GGT	0	0	86.9	
NZ_LDJL01000004.1	1	204263 	204338 	Gly	GCC	0	0	88.8	
NZ_LDJL01000004.1	2	204484 	204557 	Cys	GCA	0	0	65.0	
NZ_LDJL01000004.1	3	204567 	204642 	Gly	GCC	0	0	88.8	
NZ_LDJL01000004.1	4	204728 	204801 	Cys	GCA	0	0	65.3	
NZ_LDJL01000004.1	5	204907 	204993 	Leu	TAA	0	0	79.3	
NZ_LDJL01000004.1	6	206781 	206855 	Val	CAC	0	0	83.8	
NZ_LDJL01000004.1	7	326579 	326666 	Ser	TGA	0	0	87.2	
NZ_LDJL01000004.1	8	394112 	394037 	Ala	GGC	0	0	77.6	
NZ_LDJL01000004.1	9	393978 	393903 	Glu	TTC	0	0	60.1	
NZ_LDJL01000004.1	10	393846 	393771 	Ala	GGC	0	0	77.6	
NZ_LDJL01000004.1	11	393701 	393626 	Glu	TTC	0	0	60.1	
NZ_LDJL01000004.1	12	134487 	134411 	Pro	CGG	0	0	74.8	
NZ_LDJL01000004.1	13	94810  	94735  	Ala	CGC	0	0	72.8	
NZ_LDJL01000004.1	14	71225  	71149  	Arg	CCT	0	0	83.2	
NZ_LDJL01000004.1	15	615    	523    	Ser	GGA	0	0	76.7	
NZ_LDJL01000007.1	1	229911 	229984 	Gly	CCC	0	0	81.2	
NZ_LDJL01000009.1	1	28154  	28229  	Thr	TGT	0	0	83.2	
NZ_LDJL01000009.1	2	71713  	71787  	Gln	CTG	0	0	76.6	
NZ_AZFA01000001.1	1	59601  	59674  	Arg	TCT	0	0	80.3	
NZ_AZFA01000001.1	2	147283 	147370 	Ser	CGA	0	0	76.8	
NZ_AZFA01000011.1	1	72700  	72610  	Ser	GGA	0	0	74.3	
NZ_AZFA01000011.1	2	55444  	55373  	Glu	TTC	0	0	68.0	
NZ_AZFA01000011.1	3	55366  	55294  	Val	TAC	0	0	79.1	
NZ_AZFA01000011.1	4	43851  	43768  	Leu	CAG	0	0	57.1	
NZ_AZFA01000011.1	5	4421   	4351   	Gly	CCC	0	0	63.1	
NZ_AZFA01000016.1	1	49612  	49684  	Val	TAC	0	0	79.1	
NZ_AZFA01000016.1	2	49713  	49796  	Leu	TAG	0	0	57.7	
NZ_AZFA01000016.1	3	16776  	16680  	SeC	TCA	0	0	109.2	
NZ_AZFA01000019.1	1	10624  	10709  	Leu	AAG	0	0	66.9	
NZ_AZFA01000019.1	2	39195  	39268  	Arg	CCT	0	0	70.0	
NZ_AZFA01000002.1	1	5778   	5850   	Glu	CTC	0	0	62.6	
NZ_AZFA01000002.1	2	68507  	68578  	Gln	CTG	0	0	64.2	
NZ_AZFA01000002.1	3	28828  	28759  	Undet	NNN	0	0	31.5	
NZ_AZFA01000027.1	1	1428   	1501   	Thr	GGT	0	0	67.7	
NZ_AZFA01000036.1	1	2507   	2425   	Tyr	GTA	0	0	66.5	
NZ_AZFA01000036.1	2	2419   	2348   	Gln	TTG	0	0	66.6	
NZ_AZFA01000039.1	1	2381   	2308   	Thr	CGT	0	0	62.1	
NZ_AZFA01000004.1	1	87538  	87609  	Arg	CCG	0	0	44.5	
NZ_AZFA01000048.1	1	34     	107    	Pro	CGG	0	0	66.2	
NZ_AZFA01000051.1	1	213    	139    	Ile	GAT	0	0	78.4	
NZ_AZFA01000051.1	2	113    	41     	Ala	TGC	0	0	72.1	
NZ_AZFA01000053.1	1	1413   	1328   	Leu	TAA	0	0	67.7	
NZ_AZFA01000053.1	2	1314   	1241   	Arg	ACG	0	0	70.0	
NZ_AZFA01000053.1	3	1230   	1157   	Pro	TGG	0	0	80.1	
NZ_AZFA01000053.1	4	1129   	1056   	Met	CAT	0	0	67.4	
NZ_AZFA01000053.1	5	1047   	974    	Ile2	CAT	0	0	80.2	
NZ_AZFA01000053.1	6	938    	865    	fMet	CAT	0	0	71.0	
NZ_AZFA01000053.1	7	853    	780    	Asp	GTC	0	0	75.1	
NZ_AZFA01000053.1	8	773    	701    	Phe	GAA	0	0	70.5	
NZ_AZFA01000053.1	9	688    	618    	Gly	TCC	0	0	75.4	
NZ_AZFA01000053.1	10	603    	529    	Ile	GAT	0	0	80.2	
NZ_AZFA01000053.1	11	520    	433    	Ser	GCT	0	0	68.1	
NZ_AZFA01000053.1	12	425    	354    	Glu	TTC	0	0	68.4	
NZ_AZFA01000053.1	13	306    	217    	Ser	TGA	0	0	74.8	
NZ_AZFA01000053.1	14	196    	123    	fMet	CAT	0	0	71.0	
NZ_AZFA01000053.1	15	99     	26     	Asp	GTC	0	0	71.0	
NZ_AZFA01000006.1	1	5588   	5516   	Lys	CTT	0	0	78.2	
NZ_AYYX01000001.1	1	19565  	19648  	Leu	CAG	0	0	54.2	
NZ_AYYX01000001.1	2	44523  	44593  	Gly	CCC	0	0	68.4	
NZ_AYYX01000102.1	1	4689   	4617   	Glu	CTC	0	0	59.5	
NZ_AYYX01000131.1	1	141    	59     	Tyr	GTA	0	0	64.7	
NZ_AYYX01000161.1	1	34     	106    	Thr	CGT	0	0	73.9	
NZ_AYYX01000163.1	1	61     	133    	Gln	CTG	0	0	65.1	
NZ_AYYX01000216.1	1	527    	454    	Arg	ACG	0	0	70.0	
NZ_AYYX01000216.1	2	446    	373    	Pro	TGG	0	0	79.5	
NZ_AYYX01000216.1	3	338    	265    	Met	CAT	0	0	62.5	
NZ_AYYX01000216.1	4	247    	174    	Ile2	CAT	0	0	80.4	
NZ_AYYX01000216.1	5	126    	37     	Ser	TGA	0	0	71.6	
NZ_AYYX01000003.1	1	24501  	24429  	Ala	CGC	0	0	70.5	
NZ_AYYX01000031.1	1	2740   	2653   	Ser	CGA	0	0	75.9	
NZ_AYYX01000034.1	1	16875  	16948  	Arg	CCT	0	0	74.4	
NZ_AYYX01000046.1	1	1347   	1420   	Arg	TCT	0	0	77.2	
NZ_AYYX01000054.1	1	3846   	3774   	Lys	CTT	0	0	75.2	
NZ_AYYX01000054.1	2	2027   	1956   	Asn	GTT	0	0	66.9	
NZ_AYYX01000078.1	1	1595   	1523   	Thr	GGT	0	0	72.1	
NZ_AYYX01000008.1	1	689    	760    	Arg	CCG	0	0	48.4	
NZ_AYYX01000086.1	1	5148   	5234   	Leu	AAG	0	0	63.2	
NZ_AP014657.1	1	32122  	32196  	Thr	GGT	0	0	77.5	
NZ_AP014657.1	2	112830 	112905 	Thr	CGT	0	0	81.2	
NZ_AP014657.1	3	113023 	113097 	Asn	GTT	0	0	80.8	
NZ_AP014657.1	4	113102 	113177 	Glu	TTC	0	0	69.4	
NZ_AP014657.1	5	113181 	113256 	Val	TAC	0	0	84.3	
NZ_AP014657.1	6	158342 	158425 	Tyr	GTA	0	0	70.9	
NZ_AP014657.1	7	158429 	158503 	Gln	TTG	0	0	65.1	
NZ_AP014657.1	8	494419 	494493 	Cys	GCA	0	0	67.3	
NZ_AP014657.1	9	494500 	494576 	Arg	ACG	0	0	73.0	
NZ_AP014657.1	10	500465 	500551 	Leu	TAA	0	0	72.3	
NZ_AP014657.1	11	500555 	500630 	Lys	TTT	0	0	77.7	
NZ_AP014657.1	12	567089 	567173 	Leu	CAA	0	0	69.2	
NZ_AP014657.1	13	611176 	611251 	Lys	CTT	0	0	80.5	
NZ_AP014657.1	14	622620 	622695 	His	GTG	0	0	60.6	
NZ_AP014657.1	15	651205 	651280 	Arg	TCT	0	0	76.3	
NZ_AP014657.1	16	651718 	651791 	Gly	TCC	0	0	73.3	
NZ_AP014657.1	17	651797 	651870 	Gly	GCC	0	0	70.5	
NZ_AP014657.1	18	623859 	623786 	Trp	CCA	0	0	69.2	
NZ_AP014657.1	19	584780 	584712 	His	ATG	0	0	21.8	pseudo
NZ_AP014657.1	20	559993 	559900 	Ser	GCT	0	0	71.2	
NZ_AP014657.1	21	260576 	260487 	Ser	CGA	0	0	71.8	
NZ_AP014657.1	22	199533 	199457 	Pro	TGG	0	0	85.7	
NZ_AP014657.1	23	199451 	199375 	Ala	TGC	0	0	78.5	
NZ_AP014657.1	24	199370 	199294 	Met	CAT	0	0	74.4	
NZ_AP014657.1	25	199265 	199190 	Ile2	CAT	0	0	86.1	
NZ_AP014657.1	26	199187 	199097 	Ser	TGA	0	0	73.9	
NZ_AP014657.1	27	199089 	199014 	fMet	CAT	0	0	69.6	
NZ_AP014657.1	28	199012 	198936 	Asp	GTC	0	0	76.2	
NZ_AP014657.1	29	198934 	198859 	Phe	GAA	0	0	79.1	
NZ_AP014657.1	30	113554 	113479 	Thr	TGT	0	0	88.2	
NZ_AP014657.1	31	113475 	113391 	Leu	TAG	0	0	62.7	
NZ_AP014657.1	32	107320 	107244 	Ile	GAT	0	0	82.2	
NZ_AP014657.1	33	32388  	32314  	Sup	TCA	0	0	72.9	
NZ_CP014281.1	1	341395 	341468 	Trp	CCA	0	0	61.3	
NZ_CP014281.1	2	384093 	384167 	Asn	GTT	0	0	79.5	
NZ_CP014281.1	3	384175 	384250 	Glu	TTC	0	0	60.4	
NZ_CP014281.1	4	384256 	384331 	Val	TAC	0	0	80.6	
NZ_CP014281.1	5	384333 	384408 	Thr	TGT	0	0	91.8	
NZ_CP014281.1	6	384446 	384530 	Leu	TAG	0	0	67.5	
NZ_CP014281.1	7	517714 	517784 	Undet	NNN	0	0	20.9	
NZ_CP014281.1	8	519981 	520056 	Lys	CTT	0	0	77.9	
NZ_CP014281.1	9	520116 	520191 	Thr	CGT	0	0	84.7	
NZ_CP014281.1	10	707514 	707588 	Sup	TCA	0	0	73.8	
NZ_CP014281.1	11	749928 	750004 	Arg	TCT	0	0	75.1	
NZ_CP014281.1	12	779647 	779732 	Leu	TAA	0	0	76.8	
NZ_CP014281.1	13	779740 	779815 	Lys	TTT	0	0	78.9	
NZ_CP014281.1	14	781118 	781193 	Thr	GGT	0	0	72.0	
NZ_CP014281.1	15	780021 	779945 	Ile	GAT	0	0	82.2	
NZ_CP014281.1	16	707425 	707342 	Tyr	GTA	0	0	70.6	
NZ_CP014281.1	17	707337 	707263 	Gln	TTG	0	0	62.0	
NZ_CP014281.1	18	557911 	557838 	Gly	TCC	0	0	74.1	
NZ_CP014281.1	19	471489 	471406 	Leu	CAA	0	0	68.9	
NZ_CP014281.1	20	402450 	402374 	Pro	TGG	0	0	81.5	
NZ_CP014281.1	21	402368 	402292 	Ala	TGC	0	0	81.0	
NZ_CP014281.1	22	402285 	402209 	Met	CAT	0	0	78.8	
NZ_CP014281.1	23	402190 	402115 	Ile2	CAT	0	0	86.4	
NZ_CP014281.1	24	402105 	402013 	Ser	TGA	0	0	76.9	
NZ_CP014281.1	25	401983 	401907 	fMet	CAT	0	0	80.0	
NZ_CP014281.1	26	401902 	401826 	Asp	GTC	0	0	75.8	
NZ_CP014281.1	27	401821 	401746 	Phe	GAA	0	0	78.1	
NZ_CP014281.1	28	187922 	187848 	Cys	GCA	0	0	70.0	
NZ_CP014281.1	29	187835 	187759 	Arg	ACG	0	0	75.5	
NZ_CP014281.1	30	76445  	76355  	Ser	GCT	0	0	70.5	
NZ_CP014281.1	31	61116  	61032  	Leu	AAG	0	0	72.8	
NZ_CP014281.1	32	60829  	60754  	His	GTG	0	0	72.1	
NZ_MASJ01000001.1	1	169338 	169672 	Undet	NNN	0	0	35.3	
NZ_MASJ01000004.1	1	41302  	41373  	Arg	CCG	0	0	58.7	
NZ_MASJ01000004.1	2	12103  	12015  	Undet	NNN	0	0	28.4	pseudo
NZ_MASJ01000015.1	1	784    	858    	Asn	GTT	0	0	82.5	
NZ_MASJ01000015.1	2	963    	1037   	Glu	TTC	0	0	80.3	
NZ_MASJ01000015.1	3	1072   	1147   	Val	TAC	0	0	88.1	
NZ_MASJ01000015.1	4	1163   	1246   	Tyr	GTA	0	0	80.3	
NZ_MASJ01000015.1	5	1269   	1343   	Gln	TTG	0	0	72.6	
NZ_MASJ01000015.1	6	1360   	1432   	Lys	TTT	0	0	83.3	
NZ_MASJ01000019.1	1	16475  	16383  	Ser	TGA	0	0	79.4	
NZ_MASJ01000022.1	1	12933  	13009  	Met	CAT	0	0	74.9	
NZ_MASJ01000022.1	2	13012  	13083  	Glu	TTC	0	0	73.4	
NZ_MASJ01000024.1	1	906    	831    	Asn	GTT	0	0	85.5	
NZ_MASJ01000024.1	2	826    	752    	Glu	TTC	0	0	80.3	
NZ_MASJ01000024.1	3	726    	651    	Asp	GTC	0	0	73.4	
NZ_MASJ01000024.1	4	645    	571    	Gln	TTG	0	0	72.6	
NZ_MASJ01000024.1	5	565    	490    	Lys	TTT	0	0	90.1	
NZ_MASJ01000024.1	6	458    	372    	Leu	GAG	0	0	63.6	
NZ_MASJ01000024.1	7	351    	275    	Arg	ACG	0	0	79.9	
NZ_MASJ01000024.1	8	269    	196    	Gly	TCC	0	0	78.2	
NZ_MASJ01000026.1	1	25608  	25533  	Asn	GTT	0	0	85.5	
NZ_MASJ01000026.1	2	25520  	25429  	Ser	GGA	0	0	77.8	
NZ_MASJ01000026.1	3	25402  	25328  	Glu	TTC	0	0	80.3	
NZ_MASJ01000026.1	4	25306  	25231  	Val	TAC	0	0	88.1	
NZ_MASJ01000026.1	5	25200  	25126  	fMet	CAT	0	0	82.7	
NZ_MASJ01000026.1	6	25122  	25047  	Asp	GTC	0	0	73.4	
NZ_MASJ01000026.1	7	25027  	24952  	Phe	GAA	0	0	79.0	
NZ_MASJ01000026.1	8	24943  	24868  	Thr	TGT	0	0	90.1	
NZ_MASJ01000026.1	9	24858  	24775  	Tyr	GTA	0	0	80.3	
NZ_MASJ01000026.1	10	24753  	24680  	Trp	CCA	0	0	74.6	
NZ_MASJ01000026.1	11	24652  	24577  	His	GTG	0	0	66.9	
NZ_MASJ01000026.1	12	24569  	24495  	Gln	TTG	0	0	72.6	
NZ_MASJ01000026.1	13	24488  	24414  	Gly	GCC	0	0	87.3	
NZ_MASJ01000026.1	14	24407  	24334  	Cys	GCA	0	0	66.1	
NZ_MASJ01000026.1	15	24286  	24205  	Leu	CAA	0	0	65.9	
NZ_MASJ01000038.1	1	148097 	148021 	Pro	TGG	0	0	80.8	
NZ_MASJ01000038.1	2	148013 	147938 	Ala	TGC	0	0	82.7	
NZ_MASJ01000038.1	3	147920 	147828 	Ser	TGA	0	0	79.4	
NZ_MASJ01000038.1	4	147815 	147740 	Asp	GTC	0	0	73.4	
NZ_MASJ01000038.1	5	147730 	147655 	Phe	GAA	0	0	79.0	
NZ_MASJ01000038.1	6	147648 	147575 	Gly	TCC	0	0	78.2	
NZ_MASJ01000038.1	7	147561 	147485 	Ile	GAT	0	0	88.1	
NZ_MASJ01000038.1	8	147478 	147403 	Asn	GTT	0	0	85.5	
NZ_MASJ01000038.1	9	147398 	147327 	Glu	TTC	0	0	73.4	
NZ_MASJ01000039.1	1	346307 	346234 	Cys	GCA	0	0	65.6	
NZ_MASJ01000039.1	2	346226 	346151 	Ala	TGC	0	0	82.7	
NZ_MASJ01000039.1	3	346132 	346040 	Ser	TGA	0	0	79.4	
NZ_MASJ01000039.1	4	346011 	345937 	fMet	CAT	0	0	82.7	
NZ_MASJ01000039.1	5	345933 	345858 	Asp	GTC	0	0	73.4	
NZ_MASJ01000039.1	6	345840 	345765 	Asn	GTT	0	0	85.5	
NZ_MASJ01000039.1	7	345760 	345689 	Glu	TTC	0	0	73.4	
NZ_MASJ01000041.1	1	140    	215    	Asp	GTC	0	0	73.4	
NZ_CP017015.1	1	98652  	98767  	Undet	NNN	0	0	27.9	pseudo
NZ_CP017015.1	2	155477 	155552 	Asn	GTT	0	0	89.6	
NZ_CP017015.1	3	155560 	155635 	Glu	TTC	0	0	64.2	
NZ_CP017015.1	4	155649 	155724 	Val	TAC	0	0	79.9	
NZ_CP017015.1	5	155733 	155808 	Thr	TGT	0	0	84.5	
NZ_CP017015.1	6	155916 	155991 	Lys	TTT	0	0	78.6	
NZ_CP017015.1	7	155996 	156080 	Leu	TAG	0	0	74.3	
NZ_CP017015.1	8	163694 	163768 	Cys	GCA	0	0	64.7	
NZ_CP017015.1	9	164511 	164587 	Arg	ACG	0	0	77.0	
NZ_CP017015.1	10	164644 	164720 	Pro	TGG	0	0	83.1	
NZ_CP017015.1	11	164750 	164825 	Ala	TGC	0	0	83.8	
NZ_CP017015.1	12	164831 	164907 	Met	CAT	0	0	78.9	
NZ_CP017015.1	13	164923 	164999 	Ile2	CAT	0	0	87.8	
NZ_CP017015.1	14	165055 	165147 	Ser	TGA	0	0	85.5	
NZ_CP017015.1	15	165153 	165228 	fMet	CAT	0	0	82.8	
NZ_CP017015.1	16	165233 	165309 	Asp	GTC	0	0	79.8	
NZ_CP017015.1	17	165318 	165393 	Phe	GAA	0	0	74.4	
NZ_CP017015.1	18	167709 	167785 	Ile	GAT	0	0	75.9	
NZ_CP017015.1	19	198667 	198757 	Ser	GCT	0	0	82.4	
NZ_CP017015.1	20	323256 	323332 	Arg	TCT	0	0	76.4	
NZ_CP017015.1	21	413078 	413151 	Gly	TCC	0	0	76.2	
NZ_CP017015.1	22	880537 	880621 	Leu	CAA	0	0	72.8	
NZ_CP017015.1	23	936430 	936355 	His	GTG	0	0	67.6	
NZ_CP017015.1	24	930567 	930492 	Sup	TCA	0	0	81.5	
NZ_CP017015.1	25	930448 	930373 	Trp	CCA	0	0	80.8	
NZ_CP017015.1	26	784209 	784134 	Thr	AGT	0	0	88.8	
NZ_CP017015.1	27	784126 	784043 	Tyr	GTA	0	0	67.5	
NZ_CP017015.1	28	784035 	783961 	Gln	TTG	0	0	69.9	
NZ_CP017015.1	29	783943 	783868 	Lys	TTT	0	0	78.6	
NZ_CP017015.1	30	783860 	783772 	Leu	TAA	0	0	74.4	
NZ_CP011148.1	1	3032   	3119   	Leu	GAG	0	0	63.9	
NZ_CP011148.1	2	17460  	17532  	Trp	CCA	0	0	77.5	
NZ_CP011148.1	3	83912  	83984  	Thr	TGT	0	0	74.8	
NZ_CP011148.1	4	124777 	124853 	Ile	GAT	0	0	75.3	
NZ_CP011148.1	5	140729 	140805 	Arg	CCT	0	0	69.6	
NZ_CP011148.1	6	338461 	338543 	Leu	CAA	0	0	64.2	
NZ_CP011148.1	7	372070 	372156 	Leu	TAA	0	0	70.1	
NZ_CP011148.1	8	519542 	519618 	Asp	GTC	0	0	83.3	
NZ_CP011148.1	9	722543 	722629 	Ser	GGA	0	0	74.0	
NZ_CP011148.1	10	747512 	747585 	Arg	CCG	0	0	75.8	
NZ_CP011148.1	11	760005 	760077 	Met	CAT	0	0	70.3	
NZ_CP011148.1	12	840495 	840566 	Asn	GTT	0	0	72.6	
NZ_CP011148.1	13	850555 	850631 	Ile2	CAT	0	0	86.4	
NZ_CP011148.1	14	935360 	935432 	Lys	TTT	0	0	75.2	
NZ_CP011148.1	15	941750 	941837 	Ser	TGA	0	0	74.1	
NZ_CP011148.1	16	957033 	957117 	Leu	CAG	0	0	43.9	
NZ_CP011148.1	17	1004130	1004202	Val	GAC	0	0	68.8	
NZ_CP011148.1	18	1186333	1186404	Cys	GCA	0	0	54.7	
NZ_CP011148.1	19	1208835	1208925	Ser	GCT	0	0	81.0	
NZ_CP011148.1	20	1159725	1159654	Glu	TTC	0	0	65.5	
NZ_CP011148.1	21	1158720	1158647	Pro	TGG	0	0	70.7	
NZ_CP011148.1	22	1152262	1152190	Val	TAC	0	0	71.6	
NZ_CP011148.1	23	1107417	1107341	fMet	CAT	0	0	79.4	
NZ_CP011148.1	24	1105664	1105592	Thr	GGT	0	0	70.5	
NZ_CP011148.1	25	1080395	1080322	Arg	TCT	0	0	74.7	
NZ_CP011148.1	26	970787 	970712 	His	GTG	0	0	70.3	
NZ_CP011148.1	27	935018 	934943 	Ala	TGC	0	0	75.0	
NZ_CP011148.1	28	849260 	849188 	Gly	GCC	0	0	81.8	
NZ_CP011148.1	29	793670 	793596 	Gln	TTG	0	0	76.1	
NZ_CP011148.1	30	659442 	659360 	Tyr	GTA	0	0	74.7	
NZ_CP011148.1	31	659355 	659285 	Gly	TCC	0	0	74.1	
NZ_CP011148.1	32	302703 	302622 	Leu	TAG	0	0	58.7	
NZ_CP011148.1	33	44557  	44480  	Arg	ACG	0	0	76.7	
NZ_MLQR01000001.1	1	50066  	50141  	Lys	TTT	0	0	93.3	
NZ_MLQR01000001.1	2	50153  	50227  	Glu	TTC	0	0	79.4	
NZ_MLQR01000001.1	3	50378  	50454  	fMet	CAT	0	0	78.4	
NZ_MLQR01000001.1	4	50458  	50533  	Asp	GTC	0	0	76.2	
NZ_MLQR01000001.1	5	50568  	50643  	Phe	GAA	0	0	84.1	
NZ_MLQR01000001.1	6	50663  	50735  	Thr	TGT	0	0	76.6	
NZ_MLQR01000001.1	7	71012  	71086  	Asn	GTT	0	0	84.1	
NZ_MLQR01000001.1	8	71090  	71183  	Ser	GGA	0	0	85.6	
NZ_MLQR01000001.1	9	71196  	71270  	Glu	TTC	0	0	79.4	
NZ_MLQR01000001.1	10	71298  	71373  	Val	TAC	0	0	88.0	
NZ_MLQR01000001.1	11	71518  	71594  	fMet	CAT	0	0	78.4	
NZ_MLQR01000001.1	12	71604  	71679  	Asp	GTC	0	0	76.2	
NZ_MLQR01000001.1	13	71846  	71921  	Phe	GAA	0	0	84.1	
NZ_MLQR01000001.1	14	71971  	72046  	Thr	TGT	0	0	85.3	
NZ_MLQR01000001.1	15	72123  	72206  	Tyr	GTA	0	0	80.3	
NZ_MLQR01000001.1	16	72219  	72292  	Trp	CCA	0	0	72.7	
NZ_MLQR01000001.1	17	72308  	72383  	His	GTG	0	0	71.3	
NZ_MLQR01000001.1	18	72397  	72471  	Gln	TTG	0	0	74.5	
NZ_MLQR01000001.1	19	72476  	72550  	Gly	GCC	0	0	87.4	
NZ_MLQR01000001.1	20	72563  	72636  	Cys	GCA	0	0	70.8	
NZ_MLQR01000001.1	21	72664  	72752  	Leu	TAA	0	0	69.7	
NZ_MLQR01000001.1	22	86919  	87003  	Leu	CAA	0	0	64.1	
NZ_MLQR01000001.1	23	511848 	511923 	Ala	GGC	0	0	71.0	
NZ_MLQR01000001.1	24	786930 	786854 	Ile2	CAT	0	0	90.2	
NZ_MLQR01000001.1	25	786665 	786589 	fMet	CAT	0	0	83.4	
NZ_MLQR01000001.1	26	786568 	786493 	Asp	GTC	0	0	76.2	
NZ_MLQR01000001.1	27	786473 	786399 	Gln	TTG	0	0	73.5	
NZ_MLQR01000001.1	28	786370 	786282 	Leu	TAA	0	0	69.7	
NZ_MLQR01000001.1	29	786097 	786021 	Arg	ACG	0	0	83.1	
NZ_MLQR01000001.1	30	786012 	785936 	Pro	TGG	0	0	85.1	
NZ_MLQR01000001.1	31	785918 	785845 	Gly	TCC	0	0	79.5	
NZ_MLQR01000001.1	32	785757 	785681 	Arg	ACG	0	0	83.1	
NZ_MLQR01000001.1	33	785672 	785596 	Pro	TGG	0	0	85.1	
NZ_MLQR01000001.1	34	785578 	785505 	Gly	TCC	0	0	79.5	
NZ_MLQR01000001.1	35	785497 	785421 	Ile	GAT	0	0	87.9	
NZ_MLQR01000001.1	36	785408 	785334 	Asn	GTT	0	0	84.1	
NZ_MLQR01000001.1	37	785327 	785237 	Ser	GCT	0	0	79.1	
NZ_MLQR01000001.1	38	785219 	785145 	Glu	TTC	0	0	79.4	
NZ_MLQR01000001.1	39	785104 	785029 	Val	TAC	0	0	88.0	
NZ_MLQR01000001.1	40	784982 	784910 	Thr	TGT	0	0	76.6	
NZ_MLQR01000001.1	41	783589 	783514 	Ala	TGC	0	0	82.7	
NZ_MLQR01000001.1	42	783464 	783388 	Met	CAT	0	0	72.2	
NZ_MLQR01000001.1	43	783364 	783272 	Ser	TGA	0	0	78.8	
NZ_MLQR01000001.1	44	783245 	783162 	Tyr	GTA	0	0	80.3	
NZ_MLQR01000001.1	45	783149 	783076 	Trp	CCA	0	0	72.7	
NZ_MLQR01000001.1	46	783057 	782982 	His	GTG	0	0	71.3	
NZ_MLQR01000001.1	47	782967 	782893 	Gln	TTG	0	0	73.5	
NZ_MLQR01000001.1	48	782713 	782640 	Gly	TCC	0	0	79.5	
NZ_MLQR01000001.1	49	782632 	782556 	Ile	GAT	0	0	87.9	
NZ_MLQR01000001.1	50	782477 	782403 	Glu	TTC	0	0	79.4	
NZ_MLQR01000001.1	51	782330 	782255 	Val	TAC	0	0	88.0	
NZ_MLQR01000001.1	52	782110 	782034 	fMet	CAT	0	0	74.7	
NZ_MLQR01000001.1	53	782012 	781937 	Asp	GTC	0	0	76.2	
NZ_MLQR01000001.1	54	781918 	781843 	Phe	GAA	0	0	84.1	
NZ_MLQR01000001.1	55	781793 	781721 	Thr	TGT	0	0	76.6	
NZ_MLQR01000001.1	56	781706 	781631 	Lys	TTT	0	0	93.3	
NZ_MLQR01000001.1	57	781602 	781519 	Leu	TAG	0	0	74.2	
NZ_MLQR01000001.1	58	781507 	781433 	Gly	GCC	0	0	87.4	
NZ_MLQR01000001.1	59	781415 	781327 	Leu	TAA	0	0	69.7	
NZ_MLQR01000001.1	60	287801 	287725 	Ile	GAT	0	0	87.9	
NZ_MLQR01000001.1	61	287710 	287635 	Ala	TGC	0	0	82.7	
NZ_MLQR01000001.1	62	285213 	285138 	Ala	TGC	0	0	82.7	
NZ_MLQR01000001.1	63	285084 	285008 	Met	CAT	0	0	72.2	
NZ_MLQR01000001.1	64	284984 	284892 	Ser	TGA	0	0	83.8	
NZ_MLQR01000001.1	65	284881 	284806 	Asp	GTC	0	0	76.2	
NZ_MLQR01000001.1	66	284779 	284696 	Tyr	GTA	0	0	80.3	
NZ_MLQR01000001.1	67	284614 	284539 	His	GTG	0	0	71.3	
NZ_MLQR01000001.1	68	284524 	284450 	Gln	TTG	0	0	73.5	
NZ_MLQR01000001.1	69	284422 	284334 	Leu	TAA	0	0	69.7	
NZ_MLQR01000001.1	70	284149 	284073 	Arg	ACG	0	0	83.1	
NZ_MLQR01000001.1	71	283984 	283908 	Arg	ACG	0	0	83.1	
NZ_MLQR01000001.1	72	283899 	283823 	Pro	TGG	0	0	85.1	
NZ_MLQR01000001.1	73	283805 	283732 	Gly	TCC	0	0	79.5	
NZ_MLQR01000001.1	74	283724 	283648 	Ile	GAT	0	0	87.9	
NZ_MLQR01000001.1	75	283635 	283561 	Asn	GTT	0	0	84.1	
NZ_MLQR01000001.1	76	283554 	283464 	Ser	GCT	0	0	79.1	
NZ_MLQR01000001.1	77	283446 	283372 	Glu	TTC	0	0	79.4	
NZ_MLQR01000001.1	78	283331 	283256 	Val	TAC	0	0	88.0	
NZ_MLQR01000001.1	79	283207 	283135 	Thr	TGT	0	0	76.6	
NZ_MLQR01000001.1	80	283120 	283045 	Lys	TTT	0	0	91.4	
NZ_MLQR01000001.1	81	283010 	282930 	Leu	TAG	0	0	67.3	
NZ_MLQR01000001.1	82	282869 	282793 	Arg	TCT	0	0	86.1	
NZ_MLQR01000001.1	83	853    	777    	Ile	GAT	0	0	87.9	
NZ_MLQR01000001.1	84	761    	686    	Ala	TGC	0	0	82.7	
NZ_MLQR01000002.1	1	52975  	53049  	Arg	TCG	0	0	57.0	
NZ_MLQR01000004.1	1	214563 	214637 	Asn	GTT	0	0	84.1	
NZ_MLQR01000004.1	2	214643 	214719 	Met	CAT	0	0	75.8	
NZ_MLQR01000004.1	3	214736 	214811 	His	GTG	0	0	70.9	
NZ_MLQR01000004.1	4	214831 	214907 	Ile2	CAT	0	0	87.9	
NZ_MLQR01000004.1	5	214917 	215009 	Ser	TGA	0	0	85.6	
NZ_MLQR01000006.1	1	423    	498    	Ala	TGC	0	0	82.7	
NZ_MLQR01000006.1	2	553    	629    	Met	CAT	0	0	72.2	
NZ_MLQR01000006.1	3	653    	745    	Ser	TGA	0	0	83.8	
NZ_MLQR01000006.1	4	756    	831    	Asp	GTC	0	0	76.2	
NZ_MLQR01000006.1	5	859    	942    	Tyr	GTA	0	0	80.3	
NZ_MLQR01000006.1	6	974    	1047   	Trp	CCA	0	0	72.7	
NZ_MLQR01000006.1	7	1062   	1137   	His	GTG	0	0	71.3	
NZ_MLQR01000006.1	8	1152   	1226   	Gln	TTG	0	0	74.5	
NZ_MLQR01000006.1	9	1235   	1309   	Gly	GCC	0	0	87.4	
NZ_MLQR01000006.1	10	1348   	1421   	Cys	GCA	0	0	72.0	
NZ_MLQR01000006.1	11	1449   	1537   	Leu	TAA	0	0	69.7	
NZ_MLQR01000006.1	12	1731   	1807   	Arg	ACG	0	0	83.1	
NZ_MLQR01000006.1	13	1817   	1893   	Pro	TGG	0	0	85.1	
NZ_MLQR01000006.1	14	2072   	2145   	Gly	TCC	0	0	79.5	
NZ_MLQR01000006.1	15	2153   	2229   	Ile	GAT	0	0	87.9	
NZ_MLQR01000006.1	16	2241   	2315   	Asn	GTT	0	0	84.1	
NZ_MLQR01000006.1	17	2322   	2412   	Ser	GCT	0	0	79.1	
NZ_MLQR01000006.1	18	2430   	2504   	Glu	TTC	0	0	79.4	
NZ_MLQR01000006.1	19	2564   	2639   	Val	TAC	0	0	88.0	
NZ_MLQR01000006.1	20	2690   	2758   	Thr	TGT	0	0	42.7	
NZ_MLQR01000006.1	21	2805   	2880   	Lys	TTT	0	0	91.4	
NZ_MLQR01000006.1	22	2913   	2993   	Leu	TAG	0	0	67.3	
NZ_MLQR01000007.1	1	1628   	1553   	Val	TAC	0	0	88.0	
NZ_MLQR01000007.1	2	1545   	1470   	Thr	TGT	0	0	83.5	
NZ_MLQR01000007.1	3	1393   	1318   	Lys	TTT	0	0	93.3	
NZ_MLQR01000007.1	4	1300   	1217   	Leu	TAG	0	0	74.2	
NZ_MLQR01000007.1	5	1207   	1133   	Gly	GCC	0	0	87.4	
NZ_MLQR01000007.1	6	1115   	1027   	Leu	TAA	0	0	69.7	
NZ_MLQR01000007.1	7	923    	847    	Arg	ACG	0	0	83.1	
NZ_MLQR01000007.1	8	809    	733    	Pro	TGG	0	0	85.1	
NZ_MLQR01000007.1	9	728    	653    	Ala	TGC	0	0	82.7	
NZ_MLQR01000014.1	1	62985  	62911  	Asn	GTT	0	0	84.1	
NZ_MLQR01000014.1	2	62909  	62834  	Thr	GGT	0	0	74.1	
NZ_MLQR01000014.1	3	62820  	62746  	Glu	TTC	0	0	79.4	
NZ_MLQR01000014.1	4	62704  	62629  	Val	TAC	0	0	88.0	
NZ_MLQR01000014.1	5	62586  	62514  	Thr	TGT	0	0	76.6	
NZ_MLQR01000014.1	6	62493  	62410  	Tyr	GTA	0	0	80.3	
NZ_MLQR01000014.1	7	62401  	62327  	Gln	TTG	0	0	73.5	
NZ_MLQR01000014.1	8	62320  	62245  	Lys	TTT	0	0	91.4	
NZ_MLQR01000014.1	9	62238  	62164  	Gly	GCC	0	0	87.4	
NZ_MLQR01000014.1	10	62091  	62018  	Gly	TCC	0	0	79.9	
NZ_MLQR01000014.1	11	62014  	61939  	Ala	TGC	0	0	82.7	
NZ_MLQR01000014.1	12	1526   	1452   	Asn	GTT	0	0	84.1	
NZ_MLQR01000014.1	13	1445   	1355   	Ser	GCT	0	0	76.3	
NZ_MLQR01000014.1	14	1346   	1272   	Glu	TTC	0	0	79.4	
NZ_MLQR01000014.1	15	1241   	1166   	Val	TAC	0	0	88.0	
NZ_MLQR01000014.1	16	1153   	1078   	Asp	GTC	0	0	76.2	
NZ_MLQR01000014.1	17	1062   	979    	Leu	TAG	0	0	74.2	
NZ_MLQR01000014.1	18	932    	850    	Leu	GAG	0	0	65.0	
NZ_MLQR01000014.1	19	808    	732    	Arg	ACG	0	0	83.1	
NZ_MLQR01000014.1	20	714    	638    	Pro	TGG	0	0	85.1	
NZ_MLQR01000014.1	21	624    	551    	Gly	TCC	0	0	79.5	
NZ_MLQR01000014.1	22	547    	471    	Ile	GAT	0	0	87.9	
NZ_MLQR01000019.1	1	10756  	10682  	Gln	TTG	0	0	74.4	
NZ_MLQR01000029.1	1	38038  	38134  	SeC	TCA	0	0	92.6	
NZ_MLQR01000040.1	1	41769  	41693  	fMet	CAT	0	0	79.6	
NZ_MLQR01000050.1	1	291922 	291849 	Gly	TCC	0	0	79.9	
NZ_MLQR01000050.1	2	291841 	291765 	Arg	TCT	0	0	76.4	
NZ_CP013197.1	1	113550 	113625 	His	GTG	0	0	64.6	
NZ_CP013197.1	2	282772 	282848 	Ile	GAT	0	0	81.9	
NZ_CP013197.1	3	282867 	282942 	Ala	TGC	0	0	83.8	
NZ_CP013197.1	4	472845 	472921 	Arg	TCT	0	0	78.4	
NZ_CP013197.1	5	513444 	513519 	Val	TAC	0	0	83.4	
NZ_CP013197.1	6	513532 	513607 	Thr	TGT	0	0	79.6	
NZ_CP013197.1	7	513614 	513697 	Tyr	GTA	0	0	70.7	
NZ_CP013197.1	8	513713 	513787 	Gln	TTG	0	0	74.2	
NZ_CP013197.1	9	513792 	513867 	Lys	TTT	0	0	76.8	
NZ_CP013197.1	10	513883 	513969 	Leu	TAA	0	0	71.0	
NZ_CP013197.1	11	514300 	514373 	Gly	TCC	0	0	75.9	
NZ_CP013197.1	12	1287777	1287861	Leu	CAA	0	0	66.2	
NZ_CP013197.1	13	1526317	1526251	Undet	NNN	0	0	22.3	pseudo
NZ_CP013197.1	14	1459704	1459614	Ser	GCT	0	0	87.2	
NZ_CP013197.1	15	1445503	1445428	Sup	TCA	0	0	78.3	
NZ_CP013197.1	16	1445346	1445272	Trp	CCA	0	0	69.0	
NZ_CP013197.1	17	1445260	1445168	Ser	CGA	0	0	77.8	
NZ_CP013197.1	18	1372811	1372736	Asn	GTT	0	0	84.4	
NZ_CP013197.1	19	1372701	1372626	Glu	TTC	0	0	69.2	
NZ_CP013197.1	20	1372621	1372546	Val	TAC	0	0	83.4	
NZ_CP013197.1	21	1372529	1372454	Thr	TGT	0	0	73.8	
NZ_CP013197.1	22	1372445	1372370	Lys	TTT	0	0	76.8	
NZ_CP013197.1	23	1372352	1372268	Leu	TAG	0	0	70.4	
NZ_CP013197.1	24	1283834	1283759	Cys	GCA	0	0	68.5	
NZ_CP013197.1	25	1283717	1283641	Arg	ACG	0	0	79.0	
NZ_CP013197.1	26	1283617	1283541	Pro	TGG	0	0	81.1	
NZ_CP013197.1	27	1283525	1283450	Ala	TGC	0	0	83.8	
NZ_CP013197.1	28	1283417	1283341	Met	CAT	0	0	73.2	
NZ_CP013197.1	29	1283339	1283263	Ile2	CAT	0	0	87.9	
NZ_CP013197.1	30	1283227	1283135	Ser	TGA	0	0	83.7	
NZ_CP013197.1	31	1283082	1283008	fMet	CAT	0	0	78.6	
NZ_CP013197.1	32	1283005	1282930	Asp	GTC	0	0	71.3	
NZ_CP013197.1	33	1282924	1282849	Phe	GAA	0	0	75.1	
NZ_LOJT01000013.1	1	45836  	45911  	Ala	TGC	0	0	86.4	
NZ_LOJT01000013.1	2	45930  	46006  	Ile	GAT	0	0	80.2	
NZ_LOJT01000020.1	1	14510  	14586  	Arg	ACG	0	0	87.4	
NZ_LOJT01000020.1	2	14682  	14758  	Arg	ACG	0	0	87.4	
NZ_LOJT01000020.1	3	21349  	21257  	Ser	GCT	0	0	89.3	
NZ_LOJT01000035.1	1	54169  	54242  	Gly	CCC	0	0	81.9	
NZ_LOJT01000046.1	1	65076  	65152  	Pro	CGG	0	0	78.4	
NZ_LOJT01000059.1	1	4443   	4369   	Glu	CTC	0	0	68.0	
NZ_LOJT01000070.1	1	8583   	8659   	Asn	GTT	0	0	84.9	
NZ_LOJT01000070.1	2	11503  	11577  	Val	GAC	0	0	83.6	
NZ_LOJT01000082.1	1	16833  	16908  	Ile2	CAT	0	0	83.2	
NZ_LOJT01000105.1	1	6466   	6541   	Lys	TTT	0	0	88.3	
NZ_LOJT01000110.1	1	247    	181    	Ala	TGC	0	0	62.9	
NZ_LOJT01000131.1	1	6169   	6236   	Ser	CGA	0	0	26.0	pseudo
NZ_LOJT01000137.1	1	4131   	4220   	Ser	TGA	0	0	91.0	
NZ_LOJT01000148.1	1	6952   	7027   	Ala	CGC	0	0	77.0	
NZ_LOJT01000157.1	1	109617 	109693 	Gln	TTG	0	0	71.0	
NZ_LOJT01000157.1	2	113519 	113604 	Tyr	GTA	0	0	72.6	
NZ_LOJT01000157.1	3	113634 	113707 	Gly	TCC	0	0	85.7	
NZ_LOJT01000157.1	4	113741 	113816 	Thr	GGT	0	0	88.9	
NZ_LOJT01000179.1	1	18409  	18492  	Leu	TAA	0	0	69.3	
NZ_LOJT01000241.1	1	35176  	35092  	Leu	GAG	0	0	66.2	
NZ_LOJT01000241.1	2	19981  	19905  	fMet	CAT	0	0	75.7	
NZ_LOJT01000249.1	1	88783  	88858  	Thr	TGT	0	0	84.0	
NZ_LOJT01000251.1	1	27593  	27667  	Val	CAC	0	0	84.4	
NZ_LOJT01000251.1	2	3166   	3074   	Ser	GGA	0	0	76.7	
NZ_LOJT01000254.1	1	51488  	51563  	Thr	CGT	0	0	90.9	
NZ_LOJT01000256.1	1	38146  	38232  	Leu	CAG	0	0	69.5	
NZ_LOJT01000258.1	1	80366  	80290  	Pro	GGG	0	0	73.4	
NZ_LOJT01000258.1	2	51432  	51357  	Phe	GAA	0	0	85.5	
NZ_LOJT01000262.1	1	16127  	16052  	Trp	CCA	0	0	86.7	
NZ_LOJT01000271.1	1	3480   	3407   	Cys	GCA	0	0	67.8	
NZ_LOJT01000271.1	2	3325   	3250   	Gly	GCC	0	0	89.1	
NZ_LOJT01000273.1	1	52750  	52825  	Ala	GGC	0	0	78.9	
NZ_LOJT01000273.1	2	52873  	52948  	Glu	TTC	0	0	61.2	
NZ_LOJT01000273.1	3	53705  	53780  	Ala	GGC	0	0	78.9	
NZ_LOJT01000273.1	4	53828  	53903  	Glu	TTC	0	0	61.2	
NZ_LOJT01000273.1	5	60234  	60148  	Leu	CAA	0	0	75.2	
NZ_LOJT01000273.1	6	14935  	14860  	Gly	GCC	0	0	85.8	
NZ_LOJT01000279.1	1	18334  	18258  	Arg	CCT	0	0	70.4	
NZ_LOJT01000279.1	2	18180  	18099  	Arg	CCT	0	0	20.0	pseudo
NZ_LOJT01000297.1	1	21395  	21471  	Met	CAT	0	0	85.3	
NZ_LOJT01000297.1	2	21524  	21598  	Gln	CTG	0	0	73.6	
NZ_LOJT01000299.1	1	18862  	18938  	Arg	CCG	0	0	80.5	
NZ_LOJT01000300.1	1	76358  	76434  	Pro	TGG	0	0	81.9	
NZ_LOJT01000300.1	2	76477  	76553  	Arg	TCT	0	0	87.6	
NZ_LOJT01000300.1	3	76586  	76662  	His	GTG	0	0	77.0	
NZ_LOJT01000300.1	4	76756  	76831  	Lys	CTT	0	0	91.1	
NZ_LOJT01000300.1	5	78771  	78855  	Leu	TAG	0	0	73.1	
NZ_LOJT01000300.1	6	85594  	85668  	Val	TAC	0	0	82.0	
NZ_LOJT01000300.1	7	85697  	85773  	Asp	GTC	0	0	88.4	
NZ_LOJT01000300.1	8	93689  	93779  	Ser	CGA	0	0	86.2	
NZ_LOJT01000304.1	1	23151  	23237  	Leu	CAG	0	0	71.7	
NZ_MVHF01000011.1	1	58241  	58171  	Cys	GCA	0	0	65.2	
NZ_MVHF01000014.1	1	49439  	49511  	Arg	CCT	0	0	76.5	
NZ_MVHF01000015.1	1	79834  	79919  	Ser	GGA	0	0	59.1	
NZ_MVHF01000015.1	2	124118 	124028 	Ser	CGA	0	0	76.7	
NZ_MVHF01000001.1	1	53627  	53700  	Pro	TGG	0	0	77.3	
NZ_MVHF01000001.1	2	254706 	254778 	Asn	GTT	0	0	70.9	
NZ_MVHF01000001.1	3	319402 	319475 	Ile2	CAT	0	0	83.4	
NZ_MVHF01000001.1	4	403984 	404055 	Val	TAC	0	0	71.4	
NZ_MVHF01000001.1	5	53489  	53416  	Gly	TCC	0	0	84.3	
NZ_MVHF01000001.1	6	14293  	14221  	Arg	TCT	0	0	74.4	
NZ_MVHF01000025.1	1	21014  	21099  	Leu	GAG	0	0	58.0	
NZ_MVHF01000026.1	1	104841 	104778 	Undet	NNN	0	0	14.4	pseudo
NZ_MVHF01000026.1	2	12980  	12909  	Thr	TGT	0	0	66.5	
NZ_MVHF01000028.1	1	26283  	26355  	Arg	CCG	0	0	80.9	
NZ_MVHF01000002.1	1	287549 	287620 	Arg	ACG	0	0	60.8	
NZ_MVHF01000030.1	1	5905   	5832   	fMet	CAT	0	0	76.6	
NZ_MVHF01000032.1	1	26663  	26735  	Gly	GCC	0	0	85.5	
NZ_MVHF01000032.1	2	26763  	26836  	Cys	GCA	0	0	80.2	
NZ_MVHF01000032.1	3	26850  	26924  	Val	GAC	0	0	78.7	
NZ_MVHF01000032.1	4	26246  	26175  	Val	CAC	0	0	72.9	
NZ_MVHF01000039.1	1	38244  	38317  	Pro	CGG	0	0	75.2	
NZ_MVHF01000039.1	2	111    	36     	Thr	CGT	0	0	88.9	
NZ_MVHF01000003.1	1	260961 	260885 	Leu	CAA	0	0	62.2	
NZ_MVHF01000003.1	2	242979 	242904 	Leu	CAA	0	0	24.9	pseudo
NZ_MVHF01000040.1	1	67853  	67928  	Lys	TTT	0	0	82.9	
NZ_MVHF01000040.1	2	67696  	67624  	Glu	TTC	0	0	66.8	
NZ_MVHF01000040.1	3	67587  	67511  	Asp	GTC	0	0	87.3	
NZ_MVHF01000040.1	4	67470  	67397  	Phe	GAA	0	0	80.8	
NZ_MVHF01000045.1	1	29306  	29392  	Ser	TGA	0	0	71.4	
NZ_MVHF01000049.1	1	12536  	12608  	Ala	CGC	0	0	74.9	
NZ_MVHF01000049.1	2	52294  	52223  	Gln	TTG	0	0	50.1	
NZ_MVHF01000004.1	1	36074  	36156  	Tyr	GTA	0	0	63.5	
NZ_MVHF01000004.1	2	100856 	100924 	Tyr	GTA	0	0	25.6	
NZ_MVHF01000004.1	3	136660 	136734 	Undet	NNN	0	0	21.4	pseudo
NZ_MVHF01000004.1	4	246755 	246827 	Thr	GGT	0	0	72.0	
NZ_MVHF01000004.1	5	246861 	246934 	Met	CAT	0	0	70.6	
NZ_MVHF01000004.1	6	248738 	248810 	Trp	CCA	0	0	78.9	
NZ_MVHF01000051.1	1	37669  	37745  	Pro	GGG	0	0	78.9	
NZ_MVHF01000005.1	1	107945 	108019 	Gln	CTG	0	0	59.8	
NZ_MVHF01000005.1	2	108078 	108150 	Glu	CTC	0	0	66.7	
NZ_MVHF01000062.1	1	30901  	31017  	Undet	NNN	0	0	51.0	
NZ_MVHF01000062.1	2	69     	2      	Ser	CGA	0	0	26.1	pseudo
NZ_MVHF01000064.1	1	3647   	3720   	Gly	CCC	0	0	83.4	
NZ_MVHF01000068.1	1	9      	76     	Ser	CGA	0	0	26.1	pseudo
NZ_MVHF01000006.1	1	159804 	159709 	SeC	TCA	0	0	111.4	
NZ_MVHF01000074.1	1	6740   	6649   	Ser	GCT	0	0	80.4	
NZ_MVHF01000074.1	2	6611   	6539   	Arg	ACG	0	0	76.0	
NZ_MVHF01000007.1	1	29388  	29461  	Leu	TAA	0	0	67.2	
NZ_MVHF01000084.1	1	8074   	8146   	Ala	GGC	0	0	76.5	
NZ_MVHF01000008.1	1	29169  	29252  	Leu	TAG	0	0	64.4	
NZ_MVHF01000008.1	2	198184 	198112 	His	GTG	0	0	70.0	
NZ_MVHF01000008.1	3	193978 	193906 	Lys	CTT	0	0	77.8	
NZ_MVHF01000009.1	1	69311  	69384  	Ile	GAT	0	0	79.7	
NZ_MVHF01000009.1	2	69547  	69619  	Ala	TGC	0	0	79.9	
NZ_MVHF01000009.1	3	84132  	84214  	Leu	CAG	0	0	66.4	
NZ_CP020773.1	1	272809 	272884 	Phe	GAA	0	0	14.3	pseudo
NZ_CP020773.1	2	1452995	1453087	Ser	TGA	0	0	77.9	
NZ_CP020773.1	3	1504839	1504914	Val	TAC	0	0	87.0	
NZ_CP020773.1	4	1504916	1504991	Thr	TGT	0	0	83.5	
NZ_CP020773.1	5	1504998	1505070	Lys	TTT	0	0	84.1	
NZ_CP020773.1	6	1505089	1505163	Gly	GCC	0	0	85.5	
NZ_CP020773.1	7	1505171	1505256	Leu	TAA	0	0	67.7	
NZ_CP020773.1	8	1505270	1505346	Arg	ACG	0	0	79.7	
NZ_CP020773.1	9	1505361	1505434	Pro	TGG	0	0	78.0	
NZ_CP020773.1	10	1505450	1505525	Ala	TGC	0	0	77.5	
NZ_CP020773.1	11	1512451	1512527	Ile	GAT	0	0	86.1	
NZ_CP020773.1	12	2126334	2126261	Arg	TCT	0	0	76.5	
NZ_CP020773.1	13	1975183	1975109	Asn	GTT	0	0	80.0	
NZ_CP020773.1	14	1975107	1975019	Ser	GCT	0	0	72.5	
NZ_CP020773.1	15	1785555	1785484	Arg	CCG	0	0	49.8	
NZ_CP020773.1	16	1284452	1284378	Glu	TTC	0	0	76.7	
NZ_CP020773.1	17	1284370	1284297	Asp	GTC	0	0	76.9	
NZ_CP020773.1	18	558358 	558284 	Asn	GTT	0	0	80.0	
NZ_CP020773.1	19	558282 	558211 	Glu	TTC	0	0	71.0	
NZ_CP020773.1	20	558200 	558125 	Val	TAC	0	0	87.0	
NZ_CP020773.1	21	558105 	558022 	Tyr	GTA	0	0	76.2	
NZ_CP020773.1	22	558014 	557940 	Gln	TTG	0	0	76.8	
NZ_CP020773.1	23	557938 	557866 	Lys	TTT	0	0	81.3	
NZ_CP020773.1	24	463437 	463355 	Leu	GAG	0	0	60.7	
NZ_CP020773.1	25	463317 	463244 	Gly	TCC	0	0	79.0	
NZ_CP020773.1	26	329574 	329498 	Ile	GAT	0	0	86.1	
NZ_CP020773.1	27	329476 	329401 	Ala	TGC	0	0	77.5	
NZ_CP020773.1	28	326135 	326060 	Val	TAC	0	0	87.0	
NZ_CP020773.1	29	326038 	325963 	Thr	TGT	0	0	83.5	
NZ_CP020773.1	30	325957 	325882 	Lys	TTT	0	0	89.1	
NZ_CP020773.1	31	325880 	325799 	Leu	TAG	0	0	67.8	
NZ_CP020773.1	32	325795 	325721 	Gly	GCC	0	0	86.6	
NZ_CP020773.1	33	325714 	325626 	Leu	TAA	0	0	74.6	
NZ_CP020773.1	34	325614 	325541 	Arg	ACG	0	0	72.8	
NZ_CP020773.1	35	325527 	325454 	Pro	TGG	0	0	78.0	
NZ_CP020773.1	36	325432 	325357 	Ala	TGC	0	0	77.5	
NZ_CP020773.1	37	325329 	325256 	Met	CAT	0	0	71.8	
NZ_CP020773.1	38	325231 	325158 	Ile2	CAT	0	0	78.6	
NZ_CP020773.1	39	325149 	325057 	Ser	TGA	0	0	77.9	
NZ_CP020773.1	40	325042 	324969 	fMet	CAT	0	0	72.3	
NZ_CP020773.1	41	324957 	324881 	Asp	GTC	0	0	83.7	
NZ_CP020773.1	42	324870 	324798 	Phe	GAA	0	0	75.3	
NZ_CP020773.1	43	324789 	324714 	Thr	TGT	0	0	83.5	
NZ_CP020773.1	44	324707 	324624 	Tyr	GTA	0	0	76.2	
NZ_CP020773.1	45	324616 	324543 	Trp	CCA	0	0	70.9	
NZ_CP020773.1	46	324540 	324468 	His	GTG	0	0	66.3	
NZ_CP020773.1	47	324452 	324381 	Gln	TTG	0	0	70.0	
NZ_CP020773.1	48	324372 	324298 	Cys	GCA	0	0	76.3	
NZ_CP020773.1	49	324284 	324210 	Gly	TCC	0	0	42.0	
NZ_CP020773.1	50	324185 	324112 	Gly	TCC	0	0	43.9	
NZ_CP020773.1	51	324077 	323994 	Leu	CAA	0	0	63.6	
NZ_CP020773.1	52	275371 	275300 	Glu	TTC	0	0	69.8	
NZ_CP020773.1	53	275190 	275117 	fMet	CAT	0	0	68.8	
NZ_CP020773.1	54	275105 	275029 	Asp	GTC	0	0	83.7	
NZ_CP020773.1	55	275018 	274946 	Phe	GAA	0	0	75.3	
NZ_CP020773.1	56	274931 	274859 	His	GTG	0	0	66.3	
NZ_CP020773.1	57	274843 	274770 	Gly	TCC	0	0	81.7	
NZ_CP020773.1	58	274762 	274688 	Asn	GTT	0	0	80.0	
NZ_CP020773.1	59	274686 	274615 	Glu	TTC	0	0	71.0	
NZ_CP020773.1	60	274566 	274478 	Ser	GGA	0	0	63.5	
NZ_LSTO01000001.1	1	88236  	88312  	Pro	TGG	0	0	77.4	
NZ_LSTO01000001.1	2	91642  	91718  	Arg	TCT	0	0	81.1	
NZ_LSTO01000001.1	3	392925 	393017 	Undet	NNN	0	0	26.1	pseudo
NZ_LSTO01000001.1	4	452138 	452214 	Arg	ACG	0	0	84.0	
NZ_LSTO01000001.1	5	977230 	977320 	Ser	GGA	0	0	83.8	
NZ_LSTO01000001.1	6	1383588	1383678	Ser	CGA	0	0	87.4	
NZ_LSTO01000001.1	7	1729232	1729318	Leu	TAG	0	0	69.7	
NZ_LSTO01000001.1	8	1736066	1736141	Val	TAC	0	0	86.3	
NZ_LSTO01000001.1	9	1736172	1736248	Asp	GTC	0	0	89.1	
NZ_LSTO01000001.1	10	1843816	1843891	Lys	CTT	0	0	82.2	
NZ_LSTO01000001.1	11	1843980	1844054	Thr	GGT	0	0	80.1	
NZ_LSTO01000001.1	12	2426093	2426178	Tyr	GTA	0	0	78.3	
NZ_LSTO01000001.1	13	2426216	2426289	Gly	TCC	0	0	76.7	
NZ_LSTO01000001.1	14	2426332	2426406	Thr	GGT	0	0	77.3	
NZ_LSTO01000001.1	15	2541800	2541886	Leu	CAG	0	0	74.3	
NZ_LSTO01000001.1	16	2583462	2583535	Gly	CCC	0	0	79.7	
NZ_LSTO01000001.1	17	2609773	2609849	Arg	ACG	0	0	84.0	
NZ_LSTO01000001.1	18	3420319	3420394	Ala	GGC	0	0	74.7	
NZ_LSTO01000001.1	19	3420453	3420528	Glu	TTC	0	0	61.1	
NZ_LSTO01000001.1	20	3902900	3902976	Asp	GTC	0	0	91.2	
NZ_LSTO01000001.1	21	4335578	4335653	Asn	GTT	0	0	73.3	
NZ_LSTO01000001.1	22	4508851	4508926	Thr	CGT	0	0	81.4	
NZ_LSTO01000001.1	23	4609599	4609675	Pro	CGG	0	0	78.5	
NZ_LSTO01000001.1	24	4708178	4708264	Leu	CAA	0	0	74.6	
NZ_LSTO01000001.1	25	4728006	4728081	Ala	CGC	0	0	78.0	
NZ_LSTO01000001.1	26	4539811	4539736	Lys	TTT	0	0	82.2	
NZ_LSTO01000001.1	27	4455462	4455387	Glu	TTC	0	0	61.1	
NZ_LSTO01000001.1	28	4358219	4358145	Val	CAC	0	0	78.8	
NZ_LSTO01000001.1	29	3970853	3970777	Met	CAT	0	0	83.4	
NZ_LSTO01000001.1	30	3060032	3059943	Ser	TGA	0	0	89.7	
NZ_LSTO01000001.1	31	2528755	2528662	Ser	GCT	0	0	86.6	
NZ_LSTO01000001.1	32	2526549	2526473	Val	GAC	0	0	80.6	
NZ_LSTO01000001.1	33	2526433	2526358	Gly	GCC	0	0	81.4	
NZ_LSTO01000001.1	34	2183508	2183432	Gln	TTG	0	0	73.5	
NZ_LSTO01000001.1	35	1928434	1928359	Arg	CCG	0	0	82.6	
NZ_LSTO01000001.1	36	1266361	1266276	Undet	NNN	0	0	20.6	pseudo
NZ_LSTO01000001.1	37	1194534	1194456	Ile2	CAT	0	0	65.8	
NZ_LSTO01000001.1	38	981917 	981842 	Asn	GTT	0	0	76.6	
NZ_LSTO01000001.1	39	971008 	970933 	His	GTG	0	0	72.5	
NZ_LSTO01000001.1	40	618012 	617937 	Gly	GCC	0	0	83.6	
NZ_LSTO01000001.1	41	617851 	617776 	Gly	GCC	0	0	83.6	
NZ_LSTO01000001.1	42	617741 	617668 	Cys	GCA	0	0	67.8	
NZ_LSTO01000001.1	43	617603 	617511 	Leu	TAA	0	0	68.1	
NZ_LSTO01000001.1	44	429214 	429139 	Thr	TGT	0	0	78.2	
NZ_LSTO01000003.1	1	74690  	74764  	Arg	CCT	0	0	65.5	
NZ_LSTO01000003.1	2	28853  	28768  	Tyr	GTA	0	0	82.9	
NZ_LSTO01000003.1	3	21997  	21921  	fMet	CAT	0	0	81.8	
NZ_LSTO01000004.1	1	32521  	32437  	Leu	GAG	0	0	64.9	
NZ_LSTO01000004.1	2	5963   	5887   	Val	GAC	0	0	80.1	
NZ_LSTO01000005.1	1	6211   	6295   	Leu	GAG	0	0	65.8	
NZ_LSTO01000008.1	1	27497  	27422  	Phe	GAA	0	0	79.0	
NZ_LSTO01000008.1	2	1178   	1107   	Ser	TGA	0	0	23.9	pseudo
NZ_LSTO01000014.1	1	19205  	19130  	Trp	CCA	0	0	85.3	
NZ_LSTO01000019.1	1	5190   	5266   	Pro	GGG	0	0	73.8	
NZ_NDYL01000001.1	1	3454   	3527   	Ile	GAT	0	0	79.2	
NZ_NDYL01000001.1	2	3541   	3616   	Ala	TGC	0	0	82.3	
NZ_NDYL01000001.1	3	4356   	4429   	Ile	GAT	0	0	79.2	
NZ_NDYL01000001.1	4	37155  	37231  	Met	CAT	0	0	77.9	
NZ_NDYL01000001.1	5	37237  	37308  	Glu	TTC	0	0	73.4	
NZ_NDYL01000001.1	6	56933  	57006  	Pro	TGG	0	0	78.3	
NZ_NDYL01000001.1	7	57019  	57091  	Ala	TGC	0	0	75.4	
NZ_NDYL01000001.1	8	159216 	159290 	Asn	GTT	0	0	89.3	
NZ_NDYL01000001.1	9	159292 	159364 	Thr	GGT	0	0	69.8	
NZ_NDYL01000001.1	10	159383 	159454 	Glu	TTC	0	0	73.4	
NZ_NDYL01000001.1	11	159467 	159542 	Val	TAC	0	0	86.7	
NZ_NDYL01000001.1	12	159700 	159772 	Thr	TGT	0	0	82.8	
NZ_NDYL01000001.1	13	159782 	159866 	Tyr	GTA	0	0	78.1	
NZ_NDYL01000001.1	14	159959 	160033 	Gln	TTG	0	0	79.5	
NZ_NDYL01000001.1	15	160178 	160250 	Lys	TTT	0	0	80.4	
NZ_NDYL01000001.1	16	160258 	160329 	Gly	GCC	0	0	85.1	
NZ_NDYL01000001.1	17	160350 	160422 	Ala	TGC	0	0	75.4	
NZ_NDYL01000001.1	18	267540 	267614 	Asn	GTT	0	0	86.9	
NZ_NDYL01000001.1	19	267617 	267709 	Ser	GCT	0	0	80.0	
NZ_NDYL01000001.1	20	267730 	267801 	Glu	TTC	0	0	73.4	
NZ_NDYL01000001.1	21	267851 	267926 	Asp	GTC	0	0	84.3	
NZ_NDYL01000001.1	22	267947 	268021 	Gln	TTG	0	0	79.5	
NZ_NDYL01000001.1	23	268023 	268095 	Lys	TTT	0	0	81.3	
NZ_NDYL01000001.1	24	268101 	268185 	Leu	TAG	0	0	76.6	
NZ_NDYL01000001.1	25	268202 	268284 	Leu	GAG	0	0	64.0	
NZ_NDYL01000001.1	26	268361 	268437 	Arg	ACG	0	0	80.8	
NZ_NDYL01000001.1	27	268441 	268514 	Pro	TGG	0	0	78.3	
NZ_NDYL01000001.1	28	268541 	268614 	Gly	TCC	0	0	83.3	
NZ_NDYL01000001.1	29	269188 	269264 	fMet	CAT	0	0	83.0	
NZ_NDYL01000001.1	30	269270 	269342 	Asp	GTC	0	0	74.1	
NZ_NDYL01000001.1	31	294990 	295069 	Undet	NNN	0	0	21.5	pseudo
NZ_NDYL01000001.1	32	295073 	295148 	Ala	TGC	0	0	82.3	
NZ_NDYL01000001.1	33	542926 	543001 	Val	TAC	0	0	86.7	
NZ_NDYL01000001.1	34	543043 	543115 	Lys	TTT	0	0	82.4	
NZ_NDYL01000001.1	35	543126 	543210 	Leu	CAG	0	0	61.8	
NZ_NDYL01000001.1	36	543234 	543308 	Gly	GCC	0	0	91.9	
NZ_NDYL01000001.1	37	543315 	543400 	Leu	TAA	0	0	77.4	
NZ_NDYL01000001.1	38	543404 	543480 	Arg	ACG	0	0	80.8	
NZ_NDYL01000001.1	39	543484 	543557 	Pro	TGG	0	0	78.3	
NZ_NDYL01000001.1	40	543570 	543642 	Ala	TGC	0	0	75.4	
NZ_NDYL01000001.1	41	544313 	544388 	Val	TAC	0	0	86.7	
NZ_NDYL01000001.1	42	544571 	544643 	Thr	TGT	0	0	82.8	
NZ_NDYL01000001.1	43	544796 	544868 	Lys	TTT	0	0	82.4	
NZ_NDYL01000001.1	44	544874 	544955 	Leu	TAG	0	0	69.7	
NZ_NDYL01000001.1	45	544968 	545042 	Gly	GCC	0	0	89.5	
NZ_NDYL01000001.1	46	545051 	545136 	Leu	TAA	0	0	77.4	
NZ_NDYL01000001.1	47	545140 	545213 	Arg	ACG	0	0	73.9	
NZ_NDYL01000001.1	48	545241 	545314 	Pro	TGG	0	0	78.3	
NZ_NDYL01000001.1	49	553348 	553423 	Ala	TGC	0	0	82.3	
NZ_NDYL01000001.1	50	553441 	553514 	Met	CAT	0	0	71.8	
NZ_NDYL01000001.1	51	553522 	553598 	Ile2	CAT	0	0	87.4	
NZ_NDYL01000001.1	52	553615 	553707 	Ser	TGA	0	0	87.1	
NZ_NDYL01000001.1	53	553739 	553815 	fMet	CAT	0	0	83.0	
NZ_NDYL01000001.1	54	553821 	553896 	Asp	GTC	0	0	81.0	
NZ_NDYL01000001.1	55	554037 	554112 	Phe	GAA	0	0	84.9	
NZ_NDYL01000001.1	56	554141 	554213 	Thr	TGT	0	0	82.8	
NZ_NDYL01000001.1	57	554224 	554299 	His	GTG	0	0	74.7	
NZ_NDYL01000001.1	58	554306 	554376 	Gly	TCC	0	0	76.5	
NZ_NDYL01000001.1	59	554381 	554457 	Ile	GAT	0	0	86.1	
NZ_NDYL01000001.1	60	554730 	554804 	Asn	GTT	0	0	86.9	
NZ_NDYL01000001.1	61	554808 	554900 	Ser	GCT	0	0	82.3	
NZ_NDYL01000001.1	62	554909 	554980 	Glu	TTC	0	0	73.4	
NZ_NDYL01000001.1	63	555375 	555448 	Gly	TCC	0	0	83.3	
NZ_NDYL01000001.1	64	887486 	887558 	Val	GAC	0	0	67.8	
NZ_NDYL01000001.1	65	892435 	892529 	Phe	AAA	892466	892477	14.5	pseudo
NZ_NDYL01000001.1	66	1525296	1525221	Asn	GTT	0	0	88.0	
NZ_NDYL01000002.1	1	142634 	142705 	Gln	TTG	0	0	72.6	
NZ_NDYL01000002.1	2	1418090	1418162	Ala	GGC	0	0	67.5	
NZ_NDYL01000002.1	3	2009789	2009881	Ser	TGA	0	0	87.1	
NZ_NDYL01000002.1	4	1534257	1534186	Arg	CCG	0	0	58.2	
NZ_NDYL01000002.1	5	1414330	1414256	Asn	GTT	0	0	89.3	
NZ_NDYL01000002.1	6	1414251	1414161	Ser	GGA	0	0	77.9	
NZ_NDYL01000002.1	7	1414144	1414073	Glu	TTC	0	0	73.4	
NZ_NDYL01000002.1	8	1414060	1413985	Val	TAC	0	0	86.7	
NZ_NDYL01000002.1	9	1413977	1413901	fMet	CAT	0	0	83.0	
NZ_NDYL01000002.1	10	1413895	1413820	Asp	GTC	0	0	81.0	
NZ_NDYL01000002.1	11	1413664	1413589	Phe	GAA	0	0	84.9	
NZ_NDYL01000002.1	12	1413410	1413335	Thr	CGT	0	0	84.4	
NZ_NDYL01000002.1	13	1413327	1413246	Tyr	GTA	0	0	71.2	
NZ_NDYL01000002.1	14	1413236	1413163	Trp	CCA	0	0	75.1	
NZ_NDYL01000002.1	15	1413145	1413073	His	GTG	0	0	67.8	
NZ_NDYL01000002.1	16	1413056	1412982	Gln	TTG	0	0	75.6	
NZ_NDYL01000002.1	17	1412971	1412900	Gly	GCC	0	0	85.1	
NZ_NDYL01000002.1	18	1412892	1412819	Cys	GCA	0	0	79.1	
NZ_NDYL01000002.1	19	1412807	1412722	Leu	TAA	0	0	77.4	
NZ_NDYL01000002.1	20	1412665	1412583	Leu	CAA	0	0	71.3	
NZ_NDYL01000002.1	21	1188304	1188231	Arg	TCT	0	0	77.0	
NZ_NDYL01000002.1	22	713925 	713849 	Arg	ACG	0	0	78.6	
NZ_NDYL01000002.1	23	713845 	713769 	Pro	TGG	0	0	85.2	
NZ_NDYL01000002.1	24	713555 	713485 	Trp	CCA	0	0	68.2	
NZ_NDYL01000002.1	25	713437 	713363 	Gln	TTG	0	0	80.4	
NZ_NDYL01000002.1	26	713359 	713288 	Gly	GCC	0	0	85.1	
NZ_NDYL01000002.1	27	713281 	713208 	Cys	GCA	0	0	78.4	
NZ_NDYL01000002.1	28	713202 	713132 	Gly	CCC	0	0	73.0	
NZ_NDYL01000002.1	29	712855 	712782 	Arg	TCT	0	0	77.0	
NZ_NDYL01000002.1	30	436668 	436595 	Pro	CGG	0	0	72.3	
NZ_NDYL01000002.1	31	436513 	436421 	Ser	CGA	0	0	80.7	
NZ_CP022535.1	1	131905 	131980 	Asn	GTT	0	0	89.6	
NZ_CP022535.1	2	131986 	132061 	Glu	TTC	0	0	64.2	
NZ_CP022535.1	3	132071 	132146 	Val	TAC	0	0	81.5	
NZ_CP022535.1	4	132153 	132228 	Thr	TGT	0	0	84.5	
NZ_CP022535.1	5	132730 	132805 	Lys	TTT	0	0	78.7	
NZ_CP022535.1	6	132811 	132895 	Leu	TAG	0	0	74.3	
NZ_CP022535.1	7	142010 	142084 	Cys	GCA	0	0	64.7	
NZ_CP022535.1	8	142285 	142361 	Arg	ACG	0	0	77.0	
NZ_CP022535.1	9	142415 	142491 	Pro	TGG	0	0	83.1	
NZ_CP022535.1	10	142507 	142582 	Ala	TGC	0	0	83.8	
NZ_CP022535.1	11	142588 	142664 	Met	CAT	0	0	78.9	
NZ_CP022535.1	12	142677 	142753 	Ile2	CAT	0	0	87.8	
NZ_CP022535.1	13	142803 	142895 	Ser	TGA	0	0	85.5	
NZ_CP022535.1	14	142907 	142982 	fMet	CAT	0	0	82.8	
NZ_CP022535.1	15	142987 	143063 	Asp	GTC	0	0	79.8	
NZ_CP022535.1	16	143067 	143142 	Phe	GAA	0	0	74.8	
NZ_CP022535.1	17	149459 	149535 	Ile	GAT	0	0	75.9	
NZ_CP022535.1	18	157293 	157368 	His	GTG	0	0	68.3	
NZ_CP022535.1	19	159837 	159912 	Sup	TCA	0	0	81.5	
NZ_CP022535.1	20	159953 	160028 	Trp	CCA	0	0	81.4	
NZ_CP022535.1	21	297196 	297271 	Thr	AGT	0	0	88.8	
NZ_CP022535.1	22	297276 	297359 	Tyr	GTA	0	0	67.5	
NZ_CP022535.1	23	297365 	297439 	Gln	TTG	0	0	69.9	
NZ_CP022535.1	24	297450 	297525 	Lys	TTT	0	0	78.7	
NZ_CP022535.1	25	297533 	297621 	Leu	TAA	0	0	76.7	
NZ_CP022535.1	26	385469 	385542 	Gly	TCC	0	0	76.2	
NZ_CP022535.1	27	1028865	1028775	Ser	GCT	0	0	84.7	
NZ_CP022535.1	28	886932 	886856 	Arg	TCT	0	0	76.4	
NZ_CP022535.1	29	206627 	206545 	Leu	CAA	0	0	70.5	
NZ_CP023668.1	1	81795  	81871  	Ile	GAT	0	0	79.8	
NZ_CP023668.1	2	214966 	215042 	Arg	TCT	0	0	78.4	
NZ_CP023668.1	3	478831 	478915 	Leu	CAA	0	0	67.0	
NZ_CP023668.1	4	615441 	615374 	Leu	GAG	0	0	31.8	pseudo
NZ_CP023668.1	5	576141 	576066 	Asn	GTT	0	0	82.9	
NZ_CP023668.1	6	576055 	575980 	Glu	TTC	0	0	64.1	
NZ_CP023668.1	7	575954 	575879 	Val	TAC	0	0	82.6	
NZ_CP023668.1	8	575866 	575791 	Thr	TGT	0	0	82.7	
NZ_CP023668.1	9	575561 	575486 	Lys	TTT	0	0	80.0	
NZ_CP023668.1	10	575482 	575398 	Leu	TAG	0	0	72.5	
NZ_CP023668.1	11	555814 	555739 	Cys	GCA	0	0	69.4	
NZ_CP023668.1	12	555539 	555463 	Arg	ACG	0	0	79.7	
NZ_CP023668.1	13	555399 	555323 	Pro	TGG	0	0	83.1	
NZ_CP023668.1	14	555312 	555237 	Ala	TGC	0	0	84.1	
NZ_CP023668.1	15	555220 	555144 	Met	CAT	0	0	79.7	
NZ_CP023668.1	16	555134 	555058 	Ile2	CAT	0	0	85.3	
NZ_CP023668.1	17	555015 	554923 	Ser	TGA	0	0	84.2	
NZ_CP023668.1	18	554903 	554828 	fMet	CAT	0	0	80.8	
NZ_CP023668.1	19	554823 	554747 	Asp	GTC	0	0	77.5	
NZ_CP023668.1	20	554734 	554659 	Phe	GAA	0	0	74.0	
NZ_CP023668.1	21	542748 	542658 	Ser	GCT	0	0	73.3	
NZ_CP023668.1	22	521749 	521674 	His	GTG	0	0	62.7	
NZ_CP023668.1	23	519154 	519079 	Sup	TCA	0	0	84.1	
NZ_CP023668.1	24	519018 	518944 	Trp	CCA	0	0	76.2	
NZ_CP023668.1	25	395860 	395785 	Thr	AGT	0	0	85.6	
NZ_CP023668.1	26	395771 	395688 	Tyr	GTA	0	0	66.9	
NZ_CP023668.1	27	395684 	395610 	Gln	TTG	0	0	74.7	
NZ_CP023668.1	28	395604 	395529 	Lys	TTT	0	0	80.0	
NZ_CP023668.1	29	395499 	395411 	Leu	TAA	0	0	78.4	
NZ_CP023668.1	30	367136 	367063 	Gly	TCC	0	0	75.9	
NZ_CP023668.1	31	366598 	366525 	Gly	TCC	0	0	75.9	
NZ_CP023668.1	32	305704 	305629 	Lys	CTT	0	0	72.9	
NZ_CP024411.1	1	133433 	133508 	His	GTG	0	0	65.5	
NZ_CP024411.1	2	191928 	192003 	Asn	GTT	0	0	82.3	
NZ_CP024411.1	3	192012 	192087 	Glu	TTC	0	0	64.1	
NZ_CP024411.1	4	192097 	192172 	Val	TAC	0	0	77.7	
NZ_CP024411.1	5	192183 	192258 	Thr	TGT	0	0	87.4	
NZ_CP024411.1	6	192374 	192449 	Lys	TTT	0	0	76.1	
NZ_CP024411.1	7	192454 	192537 	Leu	TAG	0	0	73.0	
NZ_CP024411.1	8	331903 	331976 	Gly	TCC	0	0	75.9	
NZ_CP024411.1	9	749016 	748941 	Sup	TCA	0	0	83.1	
NZ_CP024411.1	10	748896 	748821 	Trp	CCA	0	0	81.4	
NZ_CP024411.1	11	677561 	677485 	Arg	TCT	0	0	77.9	
NZ_CP024411.1	12	657277 	657203 	Cys	GCA	0	0	71.5	
NZ_CP024411.1	13	657066 	656990 	Arg	ACG	0	0	81.9	
NZ_CP024411.1	14	656943 	656867 	Pro	TGG	0	0	83.1	
NZ_CP024411.1	15	656852 	656777 	Ala	TGC	0	0	82.5	
NZ_CP024411.1	16	656767 	656691 	Met	CAT	0	0	85.4	
NZ_CP024411.1	17	656683 	656607 	Ile2	CAT	0	0	85.3	
NZ_CP024411.1	18	656569 	656477 	Ser	TGA	0	0	85.5	
NZ_CP024411.1	19	656469 	656394 	fMet	CAT	0	0	83.8	
NZ_CP024411.1	20	656385 	656309 	Asp	GTC	0	0	79.8	
NZ_CP024411.1	21	656306 	656231 	Phe	GAA	0	0	75.9	
NZ_CP024411.1	22	620596 	620520 	Ile	GAT	0	0	79.8	
NZ_CP024411.1	23	607551 	607462 	Ser	GCT	0	0	76.3	
NZ_CP024411.1	24	458621 	458546 	Thr	AGT	0	0	86.9	
NZ_CP024411.1	25	458538 	458455 	Tyr	GTA	0	0	72.5	
NZ_CP024411.1	26	458449 	458375 	Gln	TTG	0	0	68.9	
NZ_CP024411.1	27	458369 	458294 	Lys	TTT	0	0	76.1	
NZ_CP024411.1	28	458286 	458198 	Leu	TAA	0	0	65.9	
NZ_CP024411.1	29	254430 	254346 	Leu	CAA	0	0	70.3	
NZ_CP024870.1	1	293232 	293307 	His	GTG	0	0	65.8	
NZ_CP024870.1	2	306345 	306420 	Sup	TCA	0	0	81.5	
NZ_CP024870.1	3	306458 	306533 	Trp	CCA	0	0	81.4	
NZ_CP024870.1	4	352023 	352099 	Arg	TCT	0	0	72.1	
NZ_CP024870.1	5	608116 	608191 	Thr	AGT	0	0	88.8	
NZ_CP024870.1	6	608196 	608279 	Tyr	GTA	0	0	67.6	
NZ_CP024870.1	7	608284 	608358 	Gln	TTG	0	0	71.1	
NZ_CP024870.1	8	608370 	608445 	Lys	TTT	0	0	78.6	
NZ_CP024870.1	9	608464 	608552 	Leu	TAA	0	0	64.7	
NZ_CP024870.1	10	1393280	1393354	Cys	GCA	0	0	64.7	
NZ_CP024870.1	11	1463524	1463426	Undet	NNN	0	0	23.0	pseudo
NZ_CP024870.1	12	1402020	1401945	Asn	GTT	0	0	81.3	
NZ_CP024870.1	13	1401928	1401853	Glu	TTC	0	0	65.4	
NZ_CP024870.1	14	1401829	1401754	Val	TAC	0	0	74.7	
NZ_CP024870.1	15	1401743	1401668	Thr	TGT	0	0	84.5	
NZ_CP024870.1	16	1401182	1401107	Lys	TTT	0	0	78.6	
NZ_CP024870.1	17	1401101	1401017	Leu	TAG	0	0	73.2	
NZ_CP024870.1	18	1392871	1392795	Arg	ACG	0	0	79.6	
NZ_CP024870.1	19	1392736	1392660	Pro	TGG	0	0	84.1	
NZ_CP024870.1	20	1392631	1392556	Ala	TGC	0	0	83.8	
NZ_CP024870.1	21	1392550	1392474	Met	CAT	0	0	78.9	
NZ_CP024870.1	22	1392460	1392384	Ile2	CAT	0	0	86.3	
NZ_CP024870.1	23	1392330	1392238	Ser	TGA	0	0	85.5	
NZ_CP024870.1	24	1392229	1392154	fMet	CAT	0	0	82.8	
NZ_CP024870.1	25	1392150	1392074	Asp	GTC	0	0	79.8	
NZ_CP024870.1	26	1392066	1391991	Phe	GAA	0	0	74.4	
NZ_CP024870.1	27	1367762	1367686	Ile	GAT	0	0	74.3	
NZ_CP024870.1	28	1310692	1310602	Ser	GCT	0	0	82.4	
NZ_CP024870.1	29	855390 	855317 	Gly	TCC	0	0	76.2	
NZ_CP024870.1	30	383002 	382918 	Leu	CAA	0	0	71.5	
NZ_CP024969.1	1	128926 	129001 	His	GTG	0	0	65.5	
NZ_CP024969.1	2	189188 	189263 	Asn	GTT	0	0	82.3	
NZ_CP024969.1	3	189272 	189347 	Glu	TTC	0	0	64.1	
NZ_CP024969.1	4	189357 	189432 	Val	TAC	0	0	77.7	
NZ_CP024969.1	5	189442 	189517 	Thr	TGT	0	0	87.4	
NZ_CP024969.1	6	189631 	189706 	Lys	TTT	0	0	76.1	
NZ_CP024969.1	7	189711 	189794 	Leu	TAG	0	0	73.0	
NZ_CP024969.1	8	338027 	338100 	Gly	TCC	0	0	75.9	
NZ_CP024969.1	9	737266 	737191 	Sup	TCA	0	0	83.1	
NZ_CP024969.1	10	737152 	737077 	Trp	CCA	0	0	79.6	
NZ_CP024969.1	11	664976 	664900 	Arg	TCT	0	0	77.9	
NZ_CP024969.1	12	642489 	642415 	Cys	GCA	0	0	71.5	
NZ_CP024969.1	13	642277 	642201 	Arg	ACG	0	0	81.9	
NZ_CP024969.1	14	642154 	642078 	Pro	TGG	0	0	83.1	
NZ_CP024969.1	15	642062 	641987 	Ala	TGC	0	0	82.5	
NZ_CP024969.1	16	641977 	641901 	Met	CAT	0	0	85.4	
NZ_CP024969.1	17	641892 	641816 	Ile2	CAT	0	0	85.3	
NZ_CP024969.1	18	641779 	641687 	Ser	TGA	0	0	85.5	
NZ_CP024969.1	19	641677 	641602 	fMet	CAT	0	0	83.8	
NZ_CP024969.1	20	641594 	641518 	Asp	GTC	0	0	79.8	
NZ_CP024969.1	21	641515 	641440 	Phe	GAA	0	0	75.9	
NZ_CP024969.1	22	623694 	623618 	Ile	GAT	0	0	79.8	
NZ_CP024969.1	23	610686 	610597 	Ser	GCT	0	0	76.3	
NZ_CP024969.1	24	498437 	498362 	Thr	AGT	0	0	86.9	
NZ_CP024969.1	25	498354 	498271 	Tyr	GTA	0	0	72.5	
NZ_CP024969.1	26	498265 	498191 	Gln	TTG	0	0	68.9	
NZ_CP024969.1	27	498185 	498110 	Lys	TTT	0	0	76.1	
NZ_CP024969.1	28	498102 	498014 	Leu	TAA	0	0	65.9	
NZ_CP024969.1	29	256158 	256074 	Leu	CAA	0	0	70.3	
NZ_CP024964.1	1	137986 	138061 	His	GTG	0	0	65.5	
NZ_CP024964.1	2	191382 	191457 	Asn	GTT	0	0	82.3	
NZ_CP024964.1	3	191466 	191541 	Glu	TTC	0	0	64.1	
NZ_CP024964.1	4	191551 	191626 	Val	TAC	0	0	77.7	
NZ_CP024964.1	5	191637 	191712 	Thr	TGT	0	0	87.4	
NZ_CP024964.1	6	191838 	191913 	Lys	TTT	0	0	76.1	
NZ_CP024964.1	7	191917 	192000 	Leu	TAG	0	0	69.1	
NZ_CP024964.1	8	294053 	294137 	Leu	CAA	0	0	70.3	
NZ_CP024964.1	9	376727 	376800 	Gly	TCC	0	0	75.9	
NZ_CP024964.1	10	733167 	733092 	Sup	TCA	0	0	83.1	
NZ_CP024964.1	11	733057 	732982 	Trp	CCA	0	0	80.6	
NZ_CP024964.1	12	660854 	660778 	Arg	TCT	0	0	77.9	
NZ_CP024964.1	13	644689 	644615 	Cys	GCA	0	0	71.5	
NZ_CP024964.1	14	644474 	644398 	Arg	ACG	0	0	81.9	
NZ_CP024964.1	15	644351 	644275 	Pro	TGG	0	0	83.1	
NZ_CP024964.1	16	644260 	644185 	Ala	TGC	0	0	82.5	
NZ_CP024964.1	17	644175 	644099 	Met	CAT	0	0	85.4	
NZ_CP024964.1	18	644089 	644013 	Ile2	CAT	0	0	85.3	
NZ_CP024964.1	19	643974 	643882 	Ser	TGA	0	0	85.5	
NZ_CP024964.1	20	643874 	643799 	fMet	CAT	0	0	83.8	
NZ_CP024964.1	21	643790 	643714 	Asp	GTC	0	0	79.8	
NZ_CP024964.1	22	643711 	643636 	Phe	GAA	0	0	75.9	
NZ_CP024964.1	23	628543 	628467 	Ile	GAT	0	0	79.8	
NZ_CP024964.1	24	614715 	614626 	Ser	GCT	0	0	76.3	
NZ_CP024964.1	25	489393 	489318 	Thr	AGT	0	0	86.9	
NZ_CP024964.1	26	489310 	489227 	Tyr	GTA	0	0	72.5	
NZ_CP024964.1	27	489221 	489147 	Gln	TTG	0	0	68.9	
NZ_CP024964.1	28	489141 	489066 	Lys	TTT	0	0	76.1	
NZ_CP024964.1	29	489058 	488970 	Leu	TAA	0	0	64.7	
NZ_CP024962.1	1	190679 	190754 	Cys	GCA	0	0	66.9	
NZ_CP024962.1	2	191219 	191295 	Arg	ACG	0	0	81.9	
NZ_CP024962.1	3	191348 	191424 	Pro	TGG	0	0	82.3	
NZ_CP024962.1	4	191432 	191507 	Ala	TGC	0	0	82.5	
NZ_CP024962.1	5	191517 	191593 	Met	CAT	0	0	83.4	
NZ_CP024962.1	6	191599 	191675 	Ile2	CAT	0	0	82.2	
NZ_CP024962.1	7	191715 	191807 	Ser	TGA	0	0	85.5	
NZ_CP024962.1	8	191824 	191899 	fMet	CAT	0	0	88.1	
NZ_CP024962.1	9	191902 	191978 	Asp	GTC	0	0	76.7	
NZ_CP024962.1	10	191987 	192062 	Phe	GAA	0	0	75.2	
NZ_CP024962.1	11	192142 	192234 	Ser	CGA	0	0	83.4	
NZ_CP024962.1	12	200580 	200670 	Ser	GCT	0	0	74.7	
NZ_CP024962.1	13	275916 	276000 	Leu	CAA	0	0	68.8	
NZ_CP024962.1	14	499676 	499751 	Sup	TCA	0	0	82.3	
NZ_CP024962.1	15	499793 	499867 	Trp	CCA	0	0	78.1	
NZ_CP024962.1	16	558764 	558839 	Thr	AGT	0	0	87.9	
NZ_CP024962.1	17	558850 	558933 	Tyr	GTA	0	0	66.9	
NZ_CP024962.1	18	558939 	559013 	Gln	TTG	0	0	68.7	
NZ_CP024962.1	19	559021 	559096 	Lys	TTT	0	0	82.7	
NZ_CP024962.1	20	559107 	559194 	Leu	TAA	0	0	68.3	
NZ_CP024962.1	21	696515 	696591 	Ile	GAT	0	0	79.8	
NZ_CP024962.1	22	701529 	701604 	His	GTG	0	0	67.4	
NZ_CP024962.1	23	717303 	717228 	Thr	CGT	0	0	82.3	
NZ_CP024962.1	24	716465 	716390 	Asn	GTT	0	0	84.1	
NZ_CP024962.1	25	716382 	716307 	Glu	TTC	0	0	66.0	
NZ_CP024962.1	26	716301 	716226 	Val	TAC	0	0	77.9	
NZ_CP024962.1	27	716213 	716138 	Thr	TGT	0	0	89.3	
NZ_CP024962.1	28	706101 	706026 	Lys	TTT	0	0	80.7	
NZ_CP024962.1	29	706021 	705938 	Leu	TAG	0	0	71.8	
NZ_CP024962.1	30	640956 	640881 	Arg	CCT	0	0	62.6	
NZ_CP024962.1	31	539791 	539718 	Gly	TCC	0	0	75.9	
NZ_CP024962.1	32	466849 	466773 	Arg	TCT	0	0	77.9	
NZ_CP024962.1	33	376812 	376737 	Lys	CTT	0	0	76.2	
NZ_CP024968.1	1	144924 	144999 	His	GTG	0	0	65.5	
NZ_CP024968.1	2	203372 	203447 	Asn	GTT	0	0	82.3	
NZ_CP024968.1	3	203456 	203531 	Glu	TTC	0	0	64.1	
NZ_CP024968.1	4	203541 	203616 	Val	TAC	0	0	77.7	
NZ_CP024968.1	5	203627 	203702 	Thr	TGT	0	0	87.4	
NZ_CP024968.1	6	203818 	203893 	Lys	TTT	0	0	76.1	
NZ_CP024968.1	7	203898 	203981 	Leu	TAG	0	0	73.0	
NZ_CP024968.1	8	340287 	340360 	Gly	TCC	0	0	75.9	
NZ_CP024968.1	9	706931 	706856 	Sup	TCA	0	0	83.1	
NZ_CP024968.1	10	706810 	706735 	Trp	CCA	0	0	81.4	
NZ_CP024968.1	11	627964 	627888 	Arg	TCT	0	0	77.9	
NZ_CP024968.1	12	609300 	609226 	Cys	GCA	0	0	71.5	
NZ_CP024968.1	13	609089 	609013 	Arg	ACG	0	0	81.9	
NZ_CP024968.1	14	608966 	608890 	Pro	TGG	0	0	83.1	
NZ_CP024968.1	15	608874 	608799 	Ala	TGC	0	0	82.5	
NZ_CP024968.1	16	608789 	608713 	Met	CAT	0	0	85.4	
NZ_CP024968.1	17	608705 	608629 	Ile2	CAT	0	0	85.3	
NZ_CP024968.1	18	608592 	608500 	Ser	TGA	0	0	85.5	
NZ_CP024968.1	19	608492 	608417 	fMet	CAT	0	0	83.8	
NZ_CP024968.1	20	608408 	608332 	Asp	GTC	0	0	79.8	
NZ_CP024968.1	21	608329 	608254 	Phe	GAA	0	0	75.9	
NZ_CP024968.1	22	586257 	586181 	Ile	GAT	0	0	79.8	
NZ_CP024968.1	23	573239 	573150 	Ser	GCT	0	0	76.3	
NZ_CP024968.1	24	445712 	445637 	Thr	AGT	0	0	86.9	
NZ_CP024968.1	25	445629 	445546 	Tyr	GTA	0	0	72.5	
NZ_CP024968.1	26	445540 	445466 	Gln	TTG	0	0	68.9	
NZ_CP024968.1	27	445460 	445385 	Lys	TTT	0	0	76.1	
NZ_CP024968.1	28	445377 	445289 	Leu	TAA	0	0	65.9	
NZ_CP024968.1	29	268122 	268038 	Leu	CAA	0	0	70.3	
NZ_CP025057.1	1	83673  	83730  	Undet	NNN	0	0	25.3	
NZ_CP025057.1	2	138066 	138141 	Asn	GTT	0	0	88.4	
NZ_CP025057.1	3	138149 	138224 	Glu	TTC	0	0	63.5	
NZ_CP025057.1	4	138247 	138322 	Val	TAC	0	0	82.8	
NZ_CP025057.1	5	138331 	138406 	Thr	TGT	0	0	84.5	
NZ_CP025057.1	6	138594 	138669 	Lys	TTT	0	0	76.8	
NZ_CP025057.1	7	138675 	138759 	Leu	TAG	0	0	73.7	
NZ_CP025057.1	8	150731 	150805 	Cys	GCA	0	0	64.7	
NZ_CP025057.1	9	150971 	151047 	Arg	ACG	0	0	77.4	
NZ_CP025057.1	10	151091 	151167 	Pro	TGG	0	0	83.1	
NZ_CP025057.1	11	151193 	151268 	Ala	TGC	0	0	83.8	
NZ_CP025057.1	12	151274 	151350 	Met	CAT	0	0	78.9	
NZ_CP025057.1	13	151376 	151452 	Ile2	CAT	0	0	87.8	
NZ_CP025057.1	14	151497 	151589 	Ser	TGA	0	0	84.5	
NZ_CP025057.1	15	151597 	151672 	fMet	CAT	0	0	82.8	
NZ_CP025057.1	16	151676 	151752 	Asp	GTC	0	0	79.8	
NZ_CP025057.1	17	151758 	151833 	Phe	GAA	0	0	74.3	
NZ_CP025057.1	18	151948 	152024 	Ile	GAT	0	0	76.5	
NZ_CP025057.1	19	196243 	196333 	Ser	GCT	0	0	84.7	
NZ_CP025057.1	20	387313 	387389 	Arg	TCT	0	0	76.4	
NZ_CP025057.1	21	458811 	458884 	Gly	TCC	0	0	76.2	
NZ_CP025057.1	22	1042498	1042580	Leu	CAA	0	0	68.3	
NZ_CP025057.1	23	1134839	1134764	His	GTG	0	0	64.4	
NZ_CP025057.1	24	1092597	1092522	Sup	TCA	0	0	81.5	
NZ_CP025057.1	25	1092483	1092408	Trp	CCA	0	0	77.7	
NZ_CP025057.1	26	930742 	930667 	Thr	AGT	0	0	88.8	
NZ_CP025057.1	27	930653 	930570 	Tyr	GTA	0	0	67.6	
NZ_CP025057.1	28	930564 	930490 	Gln	TTG	0	0	68.2	
NZ_CP025057.1	29	930475 	930400 	Lys	TTT	0	0	76.8	
NZ_CP025057.1	30	930387 	930299 	Leu	TAA	0	0	69.7	
NZ_CP025257.1	1	182720 	182796 	Ile	GAT	0	0	79.8	
NZ_CP025257.1	2	196406 	196481 	His	GTG	0	0	65.9	
NZ_CP025257.1	3	201874 	201949 	Sup	TCA	0	0	83.1	
NZ_CP025257.1	4	201993 	202067 	Trp	CCA	0	0	77.6	
NZ_CP025257.1	5	381035 	381110 	Thr	AGT	0	0	85.9	
NZ_CP025257.1	6	381121 	381204 	Tyr	GTA	0	0	66.9	
NZ_CP025257.1	7	381214 	381288 	Gln	TTG	0	0	69.0	
NZ_CP025257.1	8	381298 	381373 	Lys	TTT	0	0	84.9	
NZ_CP025257.1	9	381394 	381482 	Leu	TAA	0	0	66.7	
NZ_CP025257.1	10	407188 	407261 	Gly	TCC	0	0	75.9	
NZ_CP025257.1	11	808692 	808776 	Undet	NNN	0	0	24.2	pseudo
NZ_CP025257.1	12	771994 	771919 	Asn	GTT	0	0	82.3	
NZ_CP025257.1	13	771908 	771833 	Glu	TTC	0	0	66.1	
NZ_CP025257.1	14	771812 	771737 	Val	TAC	0	0	76.1	
NZ_CP025257.1	15	771721 	771646 	Thr	TGT	0	0	85.3	
NZ_CP025257.1	16	770600 	770525 	Lys	TTT	0	0	84.9	
NZ_CP025257.1	17	770518 	770435 	Leu	TAG	0	0	73.4	
NZ_CP025257.1	18	745388 	745314 	Cys	GCA	0	0	69.7	
NZ_CP025257.1	19	745141 	745065 	Arg	ACG	0	0	79.6	
NZ_CP025257.1	20	744995 	744919 	Pro	TGG	0	0	83.1	
NZ_CP025257.1	21	744911 	744836 	Ala	TGC	0	0	82.2	
NZ_CP025257.1	22	744818 	744742 	Met	CAT	0	0	79.0	
NZ_CP025257.1	23	744731 	744655 	Ile2	CAT	0	0	85.3	
NZ_CP025257.1	24	744604 	744512 	Ser	TGA	0	0	85.5	
NZ_CP025257.1	25	744490 	744415 	fMet	CAT	0	0	85.0	
NZ_CP025257.1	26	744411 	744335 	Asp	GTC	0	0	77.5	
NZ_CP025257.1	27	744329 	744254 	Phe	GAA	0	0	76.0	
NZ_CP025257.1	28	722654 	722565 	Ser	GCT	0	0	78.7	
NZ_CP025257.1	29	579868 	579792 	Arg	TCT	0	0	77.9	
NZ_CP025257.1	30	246605 	246521 	Leu	CAA	0	0	61.0	
NZ_CP025543.1	1	80425  	80526  	Tyr	GTA	0	0	29.5	
NZ_CP025543.1	2	144622 	144697 	Asn	GTT	0	0	89.6	
NZ_CP025543.1	3	144707 	144782 	Glu	TTC	0	0	63.5	
NZ_CP025543.1	4	144803 	144878 	Val	TAC	0	0	82.8	
NZ_CP025543.1	5	144887 	144962 	Thr	TGT	0	0	84.5	
NZ_CP025543.1	6	145475 	145550 	Lys	TTT	0	0	76.8	
NZ_CP025543.1	7	145556 	145640 	Leu	TAG	0	0	73.7	
NZ_CP025543.1	8	154991 	155065 	Cys	GCA	0	0	64.7	
NZ_CP025543.1	9	155230 	155306 	Arg	ACG	0	0	77.4	
NZ_CP025543.1	10	155350 	155426 	Pro	TGG	0	0	83.1	
NZ_CP025543.1	11	155453 	155528 	Ala	TGC	0	0	83.8	
NZ_CP025543.1	12	155536 	155612 	Met	CAT	0	0	78.9	
NZ_CP025543.1	13	155640 	155716 	Ile2	CAT	0	0	87.8	
NZ_CP025543.1	14	155761 	155853 	Ser	TGA	0	0	84.5	
NZ_CP025543.1	15	155861 	155936 	fMet	CAT	0	0	82.8	
NZ_CP025543.1	16	155940 	156016 	Asp	GTC	0	0	79.8	
NZ_CP025543.1	17	156022 	156097 	Phe	GAA	0	0	73.2	
NZ_CP025543.1	18	156212 	156288 	Ile	GAT	0	0	75.5	
NZ_CP025543.1	19	188744 	188834 	Ser	GCT	0	0	84.7	
NZ_CP025543.1	20	295161 	295237 	Arg	TCT	0	0	76.4	
NZ_CP025543.1	21	369866 	369939 	Gly	TCC	0	0	76.2	
NZ_CP025543.1	22	731356 	731438 	Leu	CAA	0	0	68.3	
NZ_CP025543.1	23	781631 	781556 	His	GTG	0	0	68.5	
NZ_CP025543.1	24	779092 	779017 	Sup	TCA	0	0	81.5	
NZ_CP025543.1	25	778980 	778905 	Trp	CCA	0	0	78.6	
NZ_CP025543.1	26	628907 	628832 	Thr	AGT	0	0	88.8	
NZ_CP025543.1	27	628818 	628735 	Tyr	GTA	0	0	68.4	
NZ_CP025543.1	28	628729 	628655 	Gln	TTG	0	0	68.2	
NZ_CP025543.1	29	628645 	628570 	Lys	TTT	0	0	76.8	
NZ_CP025543.1	30	628553 	628465 	Leu	TAA	0	0	69.2	
NZ_PKUQ01000001.1	1	2655   	2730   	Thr	TGT	0	0	91.4	
NZ_PKUQ01000001.1	2	450399 	450473 	Thr	GGT	0	0	84.8	
NZ_PKUQ01000001.1	3	581728 	581804 	Met	CAT	0	0	78.5	
NZ_PKUQ01000001.1	4	494637 	494561 	Ile2	CAT	0	0	74.6	
NZ_PKUQ01000001.1	5	440901 	440826 	Phe	GAA	0	0	84.5	
NZ_PKUQ01000001.1	6	398360 	398286 	Val	GAC	0	0	74.6	
NZ_PKUQ01000001.1	7	116754 	116670 	Leu	TAA	0	0	76.2	
NZ_PKUQ01000001.1	8	10579  	10503  	fMet	CAT	0	0	81.1	
NZ_PKUQ01000001.1	9	10413  	10337  	fMet	CAT	0	0	81.1	
NZ_PKUQ01000001.1	10	367    	283    	Tyr	GTA	0	0	79.0	
NZ_PKUQ01000001.1	11	262    	189    	Gly	TCC	0	0	81.8	
NZ_PKUQ01000010.1	1	40158  	40060  	Leu	CAG	0	0	50.9	
NZ_PKUQ01000011.1	1	72559  	72644  	Leu	CAA	0	0	61.6	
NZ_PKUQ01000011.1	2	110170 	110246 	Arg	CCT	0	0	78.0	
NZ_PKUQ01000013.1	1	37673  	37749  	Arg	TCT	0	0	83.0	
NZ_PKUQ01000015.1	1	21631  	21707  	Arg	ACG	0	0	90.2	
NZ_PKUQ01000016.1	1	242298 	242382 	Leu	TAG	0	0	66.7	
NZ_PKUQ01000016.1	2	252098 	252174 	Asp	GTC	0	0	85.5	
NZ_PKUQ01000016.1	3	252224 	252300 	Asp	GTC	0	0	84.9	
NZ_PKUQ01000016.1	4	438187 	438276 	Ser	TGA	0	0	90.6	
NZ_PKUQ01000016.1	5	482132 	482207 	Lys	TTT	0	0	86.7	
NZ_PKUQ01000016.1	6	482421 	482496 	Lys	TTT	0	0	86.7	
NZ_PKUQ01000016.1	7	519762 	519835 	Cys	GCA	0	0	75.8	
NZ_PKUQ01000016.1	8	526797 	526872 	Asn	GTT	0	0	78.8	
NZ_PKUQ01000016.1	9	251688 	251612 	Val	TAC	0	0	86.2	
NZ_PKUQ01000016.1	10	251494 	251418 	Val	TAC	0	0	86.2	
NZ_PKUQ01000002.1	1	47979  	48053  	Glu	TTC	0	0	64.2	
NZ_PKUQ01000002.1	2	4979   	4903   	Pro	TGG	0	0	80.0	
NZ_PKUQ01000022.1	1	72069  	72145  	Pro	GGG	0	0	69.5	
NZ_PKUQ01000022.1	2	274915 	274988 	Gln	CTG	0	0	71.3	
NZ_PKUQ01000022.1	3	465196 	465270 	Gln	TTG	0	0	66.7	
NZ_PKUQ01000022.1	4	464936 	464860 	Pro	TGG	0	0	80.0	
NZ_PKUQ01000022.1	5	49293  	49204  	Ser	GCT	0	0	90.4	
NZ_PKUQ01000031.1	1	244979 	245054 	Thr	CGT	0	0	81.7	
NZ_PKUQ01000031.1	2	260735 	260809 	Gly	GCC	0	0	78.1	
NZ_PKUQ01000031.1	3	403150 	403239 	Ser	CGA	0	0	81.0	
NZ_PKUQ01000031.1	4	31808  	31719  	Ser	GGA	0	0	85.4	
NZ_PKUQ01000004.1	1	28149  	28235  	Leu	GAG	0	0	72.3	
NZ_PKUQ01000042.1	1	181692 	181767 	Ala	GGC	0	0	73.6	
NZ_PKUQ01000042.1	2	17058  	16985  	Gly	CCC	0	0	78.3	
NZ_PKUQ01000054.1	1	126448 	126372 	Ile	GAT	0	0	87.0	
NZ_PKUQ01000054.1	2	126326 	126251 	Ala	TGC	0	0	82.5	
NZ_PKUQ01000054.1	3	12543  	12469  	Glu	TTC	0	0	64.2	
NZ_PKUQ01000055.1	1	28261  	28347  	Gly	CCC	0	0	26.3	
NZ_PKUQ01000055.1	2	144193 	144269 	His	GTG	0	0	78.6	
NZ_PHNF01000001.1	1	103854 	103938 	Leu	CAA	0	0	64.6	
NZ_PHNF01000001.1	2	112431 	112523 	Undet	NNN	0	0	20.5	
NZ_PHNF01000001.1	3	422994 	423069 	Sup	TCA	0	0	80.7	
NZ_PHNF01000001.1	4	423105 	423180 	Trp	CCA	0	0	80.3	
NZ_PHNF01000001.1	5	493403 	493479 	Arg	TCT	0	0	69.8	
NZ_PHNF01000001.1	6	511038 	511112 	Cys	GCA	0	0	70.4	
NZ_PHNF01000001.1	7	511251 	511327 	Arg	ACG	0	0	79.6	
NZ_PHNF01000001.1	8	511374 	511450 	Pro	TGG	0	0	83.1	
NZ_PHNF01000001.1	9	511465 	511540 	Ala	TGC	0	0	82.5	
NZ_PHNF01000001.1	10	511549 	511625 	Met	CAT	0	0	75.3	
NZ_PHNF01000001.1	11	511636 	511712 	Ile2	CAT	0	0	86.8	
NZ_PHNF01000001.1	12	511755 	511847 	Ser	TGA	0	0	85.5	
NZ_PHNF01000001.1	13	511859 	511934 	fMet	CAT	0	0	82.6	
NZ_PHNF01000001.1	14	511938 	512014 	Asp	GTC	0	0	77.9	
NZ_PHNF01000001.1	15	512023 	512098 	Phe	GAA	0	0	75.9	
NZ_PHNF01000001.1	16	233141 	233066 	His	GTG	0	0	69.3	
NZ_PHNF01000001.1	17	161035 	160960 	Asn	GTT	0	0	82.3	
NZ_PHNF01000001.1	18	160951 	160876 	Glu	TTC	0	0	64.2	
NZ_PHNF01000001.1	19	160868 	160793 	Val	TAC	0	0	76.1	
NZ_PHNF01000001.1	20	160775 	160700 	Thr	TGT	0	0	81.2	
NZ_PHNF01000001.1	21	160599 	160524 	Lys	TTT	0	0	74.2	
NZ_PHNF01000001.1	22	160517 	160434 	Leu	TAG	0	0	73.0	
NZ_PHNF01000001.1	23	34371  	34298  	Gly	TCC	0	0	75.9	
NZ_PHNF01000002.1	1	3039   	3115   	Ile	GAT	0	0	79.5	
NZ_PHNF01000002.1	2	22189  	22278  	Ser	GCT	0	0	78.5	
NZ_PHNF01000002.1	3	125053 	125128 	Thr	AGT	0	0	82.3	
NZ_PHNF01000002.1	4	125136 	125218 	Tyr	GTA	0	0	71.9	
NZ_PHNF01000002.1	5	125224 	125298 	Gln	TTG	0	0	69.4	
NZ_PHNF01000002.1	6	125304 	125379 	Lys	TTT	0	0	74.2	
NZ_PHNF01000002.1	7	125388 	125476 	Leu	TAA	0	0	69.4	
NZ_PHND01000001.1	1	49256  	49332  	Arg	TCT	0	0	69.8	
NZ_PHND01000001.1	2	67123  	67197  	Cys	GCA	0	0	70.4	
NZ_PHND01000001.1	3	67337  	67413  	Arg	ACG	0	0	79.6	
NZ_PHND01000001.1	4	67460  	67536  	Pro	TGG	0	0	83.1	
NZ_PHND01000001.1	5	67551  	67626  	Ala	TGC	0	0	82.5	
NZ_PHND01000001.1	6	67634  	67710  	Met	CAT	0	0	75.3	
NZ_PHND01000001.1	7	67721  	67797  	Ile2	CAT	0	0	86.8	
NZ_PHND01000001.1	8	67840  	67932  	Ser	TGA	0	0	85.5	
NZ_PHND01000001.1	9	67944  	68019  	fMet	CAT	0	0	82.6	
NZ_PHND01000001.1	10	68023  	68099  	Asp	GTC	0	0	77.9	
NZ_PHND01000001.1	11	68108  	68183  	Phe	GAA	0	0	75.9	
NZ_PHND01000001.1	12	91664  	91740  	Ile	GAT	0	0	79.5	
NZ_PHND01000001.1	13	117472 	117561 	Ser	GCT	0	0	78.5	
NZ_PHND01000001.1	14	224406 	224481 	Thr	AGT	0	0	82.3	
NZ_PHND01000001.1	15	224489 	224571 	Tyr	GTA	0	0	71.9	
NZ_PHND01000001.1	16	224577 	224651 	Gln	TTG	0	0	69.4	
NZ_PHND01000001.1	17	224657 	224732 	Lys	TTT	0	0	74.2	
NZ_PHND01000001.1	18	224741 	224829 	Leu	TAA	0	0	69.4	
NZ_PHND01000001.1	19	639305 	639380 	His	GTG	0	0	69.3	
NZ_PHND01000001.1	20	718876 	718951 	Asn	GTT	0	0	82.3	
NZ_PHND01000001.1	21	718960 	719035 	Glu	TTC	0	0	64.2	
NZ_PHND01000001.1	22	719043 	719118 	Val	TAC	0	0	76.1	
NZ_PHND01000001.1	23	719135 	719210 	Thr	TGT	0	0	81.2	
NZ_PHND01000001.1	24	719311 	719386 	Lys	TTT	0	0	74.2	
NZ_PHND01000001.1	25	719392 	719475 	Leu	TAG	0	0	73.0	
NZ_PHND01000001.1	26	844546 	844619 	Gly	TCC	0	0	75.9	
NZ_PHND01000001.1	27	774961 	774877 	Leu	CAA	0	0	64.6	
NZ_PHND01000001.1	28	454800 	454725 	Sup	TCA	0	0	79.4	
NZ_PHND01000001.1	29	454689 	454614 	Trp	CCA	0	0	80.3	
NZ_PXNQ02000001.1	1	269060 	269136 	Pro	CGG	0	0	82.7	
NZ_PXNQ02000001.1	2	409086 	409160 	Val	GAC	0	0	79.3	
NZ_PXNQ02000001.1	3	536388 	536464 	Arg	CCT	0	0	84.3	
NZ_PXNQ02000001.1	4	623889 	623978 	Ser	CGA	0	0	83.4	
NZ_PXNQ02000001.1	5	315688 	315612 	Arg	TCT	0	0	76.5	
NZ_PXNQ02000002.1	1	443744 	443818 	Asn	GTT	0	0	82.8	
NZ_PXNQ02000002.1	2	469956 	470032 	His	GTG	0	0	72.5	
NZ_PXNQ02000002.1	3	438733 	438659 	Val	CAC	0	0	76.2	
NZ_PXNQ02000002.1	4	411069 	410994 	Val	TAC	0	0	87.3	
NZ_PXNQ02000002.1	5	365329 	365255 	Gly	GCC	0	0	83.1	
NZ_PXNQ02000002.1	6	278911 	278827 	Leu	TAG	0	0	75.5	
NZ_PXNQ02000002.1	7	160341 	160267 	Glu	TTC	0	0	64.9	
NZ_PXNQ02000002.1	8	114466 	114389 	Pro	GGG	0	0	72.3	
NZ_PXNQ02000003.1	1	181815 	181888 	Cys	GCA	0	0	68.7	
NZ_PXNQ02000003.1	2	383344 	383417 	Gly	TCC	0	0	82.5	
NZ_PXNQ02000003.1	3	331350 	331275 	Ala	CGC	0	0	82.1	
NZ_PXNQ02000003.1	4	31729  	31654  	Thr	CGT	0	0	86.0	
NZ_PXNQ02000004.1	1	237882 	237806 	Met	CAT	0	0	79.2	
NZ_PXNQ02000006.1	1	209717 	209793 	Arg	ACG	0	0	83.7	
NZ_PXNQ02000006.1	2	256524 	256450 	Gln	TTG	0	0	75.5	
NZ_PXNQ02000006.1	3	229343 	229260 	Tyr	GTA	0	0	50.8	
NZ_PXNQ02000007.1	1	43     	119    	Asp	GTC	0	0	87.8	
NZ_PXNQ02000007.1	2	133614 	133538 	Arg	CCG	0	0	89.4	
NZ_PXNQ02000007.1	3	108712 	108635 	Arg	CCG	0	0	39.9	
NZ_PXNQ02000007.1	4	73473  	73399  	Thr	GGT	0	0	81.7	
NZ_PXNQ02000008.1	1	141210 	141299 	Ser	GGA	0	0	86.0	
NZ_PXNQ02000008.1	2	206368 	206443 	Lys	TTT	0	0	93.6	
NZ_PXNQ02000008.1	3	246309 	246220 	Ser	TGA	0	0	85.8	
NZ_PXNQ02000009.1	1	46041  	46125  	Leu	CAG	0	0	72.0	
NZ_PXNQ02000009.1	2	94514  	94587  	Gly	CCC	0	0	79.7	
NZ_PXNQ02000010.1	1	67567  	67653  	Leu	GAG	0	0	60.4	
NZ_PXNQ02000010.1	2	83441  	83516  	Phe	GAA	0	0	84.5	
NZ_PXNQ02000010.1	3	87127  	87233  	Undet	NNN	0	0	21.3	pseudo
NZ_PXNQ02000010.1	4	185587 	185662 	Thr	TGT	0	0	88.0	
NZ_PXNQ02000010.1	5	25196  	25120  	Pro	TGG	0	0	79.0	
NZ_PXNQ02000011.1	1	42862  	42938  	Ile2	CAT	0	0	81.0	
NZ_PXNQ02000011.1	2	47879  	47804  	Ala	GGC	0	0	82.5	
NZ_PXNQ02000013.1	1	60486  	60570  	Leu	TAA	0	0	78.0	
NZ_PXNQ02000013.1	2	109718 	109794 	Asp	GTC	0	0	87.8	
NZ_PXNQ02000013.1	3	94994  	94905  	Ser	GCT	0	0	91.2	
NZ_PXNQ02000018.1	1	3757   	3832   	Trp	CCA	0	0	85.5	
NZ_PXNQ02000020.1	1	247    	330    	Leu	CAA	0	0	76.1	
NZ_PXNQ02000023.1	1	2000   	2076   	Ile	GAT	0	0	85.8	
NZ_PXNQ02000023.1	2	2094   	2169   	Ala	TGC	0	0	89.6	
NZ_PXNQ02000023.1	3	5675   	5748   	fMet	CAT	0	0	73.4	
NZ_QOLC01000085.1	1	10308  	10237  	Glu	TTC	0	0	56.6	
NZ_QOLC01000096.1	1	66036  	66117  	Leu	CAA	0	0	64.7	
NZ_QOLC01000025.1	1	10567  	10494  	Thr	GGT	0	0	65.2	
NZ_QOLC01000112.1	1	5226   	5298   	Lys	TTT	0	0	78.0	
NZ_QOLC01000112.1	2	5334   	5416   	Leu	GAG	0	0	50.0	
NZ_QOLC01000086.1	1	5195   	5279   	Ser	TGA	0	0	72.4	
NZ_QOLC01000054.1	1	16657  	16584  	Arg	TCG	0	0	57.4	
NZ_QOLC01000089.1	1	145090 	145160 	Cys	GCA	0	0	62.5	
NZ_QOLC01000089.1	2	169491 	169564 	Ile2	CAT	0	0	75.4	
NZ_QOLC01000089.1	3	201651 	201724 	Ala	GGC	0	0	71.5	
NZ_QOLC01000089.1	4	14642  	14569  	Asn	GTT	0	0	75.5	
NZ_QOLC01000061.1	1	3910   	3837   	Asp	GTC	0	0	77.4	
NZ_QOLC01000070.1	1	14887  	14960  	Arg	ACG	0	0	56.8	
NZ_QOLC01000107.1	1	25627  	25546  	Leu	TAG	0	0	67.3	
NZ_QOLC01000106.1	1	4925   	4852   	Thr	TGT	0	0	77.8	
NZ_QOLC01000106.1	2	4811   	4730   	Tyr	GTA	0	0	63.6	
NZ_QOLC01000106.1	3	4422   	4350   	Gly	TCC	0	0	82.2	
NZ_QOLC01000106.1	4	4256   	4185   	Thr	GGT	0	0	63.1	
NZ_QOLC01000106.1	5	2714   	2642   	Trp	CCA	0	0	78.1	
NZ_QOLC01000036.1	1	2366   	2294   	Gly	GCC	0	0	85.9	
NZ_QOLC01000036.1	2	2065   	1980   	Leu	TAA	0	0	71.9	
NZ_QOLC01000021.1	1	12136  	12063  	Ile	GAT	0	0	74.1	
NZ_QOLC01000021.1	2	11974  	11901  	Ala	TGC	0	0	78.4	
NZ_QOLC01000098.1	1	127420 	127346 	Val	TAC	0	0	82.1	
NZ_QOLC01000098.1	2	127157 	127083 	Val	GAC	0	0	66.7	
NZ_QOLC01000059.1	1	27383  	27457  	Pro	GGG	0	0	63.0	
NZ_QOLC01000059.1	2	20300  	20226  	Pro	TGG	0	0	75.2	
NZ_QOLC01000004.1	1	3339   	3266   	Met	CAT	0	0	64.3	
NZ_QOLC01000022.1	1	24292  	24379  	Ser	GGA	0	0	73.8	
NZ_QOLC01000082.1	1	127543 	127615 	Phe	GAA	0	0	71.9	
NZ_QOLC01000082.1	2	57341  	57269  	fMet	CAT	0	0	71.2	
NZ_QOLC01000074.1	1	6620   	6545   	His	GTG	0	0	55.9	
NZ_QOLC01000033.1	1	14291  	14374  	Ser	GCT	0	0	73.2	
NZ_QOLC01000033.1	2	14396  	14470  	Pro	TGG	0	0	75.2	
NZ_QOLC01000033.1	3	14619  	14695  	Arg	TCT	0	0	84.6	
NZ_QOLC01000051.1	1	91863  	91935  	Gln	TTG	0	0	54.5	
NZ_QOLC01000081.1	1	9195   	9268   	Leu	TAG	0	0	21.9	pseudo
NZ_CP031088.1	1	941200 	941290 	Ser	GCT	0	0	68.0	
NZ_CP031088.1	2	974544 	974634 	Ser	GCT	0	0	68.0	
NZ_CP031088.1	3	1152265	1152355	Ser	GCT	0	0	71.1	
NZ_CP031088.1	4	1163642	1163732	Ser	GCT	0	0	65.5	
NZ_CP031088.1	5	1447221	1447305	Leu	CAA	0	0	66.2	
NZ_CP031088.1	6	1506611	1506686	Asn	GTT	0	0	89.0	
NZ_CP031088.1	7	1506721	1506796	Glu	TTC	0	0	69.2	
NZ_CP031088.1	8	1506801	1506876	Val	TAC	0	0	83.4	
NZ_CP031088.1	9	1506890	1506965	Thr	TGT	0	0	77.8	
NZ_CP031088.1	10	1506974	1507049	Lys	TTT	0	0	76.8	
NZ_CP031088.1	11	1507067	1507151	Leu	TAG	0	0	71.3	
NZ_CP031088.1	12	1519030	1519120	Ser	GCT	0	0	70.4	
NZ_CP031088.1	13	1684084	1683994	Ser	GCT	0	0	70.4	
NZ_CP031088.1	14	1663749	1663659	Ser	GCT	0	0	70.4	
NZ_CP031088.1	15	1643414	1643324	Ser	GCT	0	0	70.4	
NZ_CP031088.1	16	1599637	1599547	Ser	GCT	0	0	87.2	
NZ_CP031088.1	17	1590679	1590604	Sup	TCA	0	0	78.3	
NZ_CP031088.1	18	1590522	1590448	Trp	CCA	0	0	69.0	
NZ_CP031088.1	19	1590436	1590344	Ser	CGA	0	0	75.0	
NZ_CP031088.1	20	1444271	1444196	Cys	GCA	0	0	68.5	
NZ_CP031088.1	21	1444154	1444078	Arg	ACG	0	0	79.0	
NZ_CP031088.1	22	1444054	1443978	Pro	TGG	0	0	81.1	
NZ_CP031088.1	23	1443961	1443886	Ala	TGC	0	0	83.8	
NZ_CP031088.1	24	1443854	1443778	Met	CAT	0	0	73.2	
NZ_CP031088.1	25	1443776	1443700	Ile2	CAT	0	0	87.9	
NZ_CP031088.1	26	1443667	1443575	Ser	TGA	0	0	78.8	
NZ_CP031088.1	27	1443524	1443450	fMet	CAT	0	0	78.6	
NZ_CP031088.1	28	1443447	1443372	Asp	GTC	0	0	71.3	
NZ_CP031088.1	29	1443366	1443291	Phe	GAA	0	0	75.1	
NZ_CP031088.1	30	855187 	855112 	His	GTG	0	0	64.6	
NZ_CP031088.1	31	640658 	640582 	Ile	GAT	0	0	81.9	
NZ_CP031088.1	32	640563 	640488 	Ala	TGC	0	0	80.4	
NZ_CP031088.1	33	580027 	579937 	Ser	GCT	0	0	70.4	
NZ_CP031088.1	34	360919 	360843 	Arg	TCT	0	0	78.4	
NZ_CP031088.1	35	327032 	326942 	Ser	GCT	0	0	70.4	
NZ_CP031088.1	36	253541 	253466 	Val	TAC	0	0	83.4	
NZ_CP031088.1	37	253453 	253378 	Thr	TGT	0	0	79.6	
NZ_CP031088.1	38	253371 	253288 	Tyr	GTA	0	0	70.7	
NZ_CP031088.1	39	253272 	253198 	Gln	TTG	0	0	74.2	
NZ_CP031088.1	40	253193 	253118 	Lys	TTT	0	0	76.8	
NZ_CP031088.1	41	253101 	253015 	Leu	TAA	0	0	71.0	
NZ_CP031088.1	42	252931 	252858 	Gly	TCC	0	0	75.9	
NZ_CP031088.1	43	41792  	41702  	Ser	GCT	0	0	71.1	
NZ_CP031376.1	1	91764  	91834  	Undet	NNN	0	0	20.6	pseudo
NZ_CP031376.1	2	154093 	154168 	Asn	GTT	0	0	84.1	
NZ_CP031376.1	3	154186 	154261 	Glu	TTC	0	0	66.0	
NZ_CP031376.1	4	154277 	154352 	Val	TAC	0	0	79.9	
NZ_CP031376.1	5	154371 	154446 	Thr	TGT	0	0	84.5	
NZ_CP031376.1	6	155662 	155737 	Lys	TTT	0	0	82.5	
NZ_CP031376.1	7	155742 	155826 	Leu	TAG	0	0	73.7	
NZ_CP031376.1	8	177409 	177483 	Cys	GCA	0	0	65.0	
NZ_CP031376.1	9	177650 	177726 	Arg	ACG	0	0	78.9	
NZ_CP031376.1	10	177778 	177854 	Pro	TGG	0	0	82.2	
NZ_CP031376.1	11	177872 	177947 	Ala	TGC	0	0	82.2	
NZ_CP031376.1	12	177964 	178040 	Met	CAT	0	0	81.0	
NZ_CP031376.1	13	178052 	178128 	Ile2	CAT	0	0	85.3	
NZ_CP031376.1	14	178180 	178272 	Ser	TGA	0	0	84.5	
NZ_CP031376.1	15	178288 	178363 	fMet	CAT	0	0	86.3	
NZ_CP031376.1	16	178366 	178442 	Asp	GTC	0	0	77.5	
NZ_CP031376.1	17	178449 	178524 	Phe	GAA	0	0	72.4	
NZ_CP031376.1	18	187908 	187998 	Ser	GCT	0	0	84.7	
NZ_CP031376.1	19	431674 	431750 	Ile	GAT	0	0	77.2	
NZ_CP031376.1	20	447884 	447960 	Arg	TCT	0	0	76.4	
NZ_CP031376.1	21	497932 	498019 	Ser	CGA	0	0	67.6	
NZ_CP031376.1	22	783483 	783567 	Leu	CAA	0	0	72.8	
NZ_CP031376.1	23	840148 	840073 	His	GTG	0	0	63.0	
NZ_CP031376.1	24	837286 	837211 	Sup	TCA	0	0	85.4	
NZ_CP031376.1	25	837173 	837098 	Trp	CCA	0	0	85.3	
NZ_CP031376.1	26	695192 	695117 	Thr	AGT	0	0	86.1	
NZ_CP031376.1	27	695108 	695025 	Tyr	GTA	0	0	74.8	
NZ_CP031376.1	28	695020 	694946 	Gln	TTG	0	0	68.3	
NZ_CP031376.1	29	694940 	694865 	Lys	TTT	0	0	82.5	
NZ_CP031376.1	30	694833 	694745 	Leu	TAA	0	0	75.0	
NZ_CP031376.1	31	668041 	667968 	Gly	TCC	0	0	76.2	
NZ_CP031376.1	32	225550 	225454 	Undet	NNN	0	0	72.9	
NZ_QXIU01000103.1	1	2017   	1943   	Gly	CCC	0	0	83.4	
NZ_QXIU01000103.1	2	1940   	1866   	Cys	GCA	0	0	65.4	
NZ_QXIU01000103.1	3	1844   	1758   	Leu	TAA	0	0	82.3	
NZ_QXIU01000104.1	1	12828  	12754  	Ile2	CAT	0	0	78.5	
NZ_QXIU01000105.1	1	1254   	1180   	Ile2	CAT	0	0	78.5	
NZ_QXIU01000106.1	1	2745   	2658   	Ser	TGA	0	0	74.7	
NZ_QXIU01000107.1	1	5324   	5240   	Leu	AAG	0	0	61.3	
NZ_QXIU01000107.1	2	5215   	5141   	Val	TAC	0	0	78.9	
NZ_QXIU01000107.1	3	5062   	4987   	Phe	GAA	0	0	76.1	
NZ_QXIU01000011.1	1	13499  	13576  	Pro	GGG	0	0	72.6	
NZ_QXIU01000011.1	2	13585  	13661  	Pro	CGG	0	0	82.5	
NZ_QXIU01000111.1	1	15761  	15837  	Ile	GAT	0	0	74.9	
NZ_QXIU01000111.1	2	15863  	15938  	Ala	TGC	0	0	82.3	
NZ_QXIU01000114.1	1	1912   	1837   	Ala	CGC	0	0	81.9	
NZ_QXIU01000118.1	1	11277  	11203  	Val	GAC	0	0	76.3	
NZ_QXIU01000136.1	1	5480   	5405   	Trp	CCA	0	0	75.3	
NZ_QXIU01000015.1	1	5184   	5258   	Gln	TTG	0	0	67.6	
NZ_QXIU01000016.1	1	682    	756    	Gln	TTG	0	0	67.6	
NZ_QXIU01000023.1	1	11929  	11837  	Ser	GGA	0	0	87.6	
NZ_QXIU01000035.1	1	11360  	11284  	Arg	ACG	0	0	81.6	
NZ_QXIU01000035.1	2	10818  	10728  	Ser	CGA	0	0	90.7	
NZ_QXIU01000037.1	1	2856   	2947   	Ser	GCT	0	0	73.4	
NZ_QXIU01000059.1	1	1661   	1585   	Met	CAT	0	0	77.6	
NZ_QXIU01000070.1	1	3506   	3582   	Pro	TGG	0	0	71.4	
NZ_QXIU01000070.1	2	3584   	3660   	Arg	TCT	0	0	85.9	
NZ_QXIU01000070.1	3	3671   	3747   	His	GTG	0	0	72.6	
NZ_QXIU01000070.1	4	3792   	3868   	Arg	CCT	0	0	79.8	
NZ_QXIU01000070.1	5	3883   	3959   	Arg	TCG	0	0	77.7	
NZ_QXIU01000071.1	1	48     	124    	Arg	TCG	0	0	78.1	
NZ_QXIU01000071.1	2	234    	309    	Lys	CTT	0	0	77.4	
NZ_QXIU01000071.1	3	356    	440    	Leu	TAG	0	0	65.9	
NZ_QXIU01000093.1	1	1896   	1821   	Ala	GGC	0	0	79.6	
NZ_QXIU01000096.1	1	1660   	1736   	Arg	CCG	0	0	73.7	
NZ_QXIU01000098.1	1	2374   	2289   	Leu	CAG	0	0	69.2	
NZ_QYUK01000011.1	1	88621  	88697  	Ile	GAT	0	0	87.8	
NZ_QYUK01000011.1	2	88803  	88878  	Ala	TGC	0	0	76.8	
NZ_QYUK01000011.1	3	92198  	92274  	fMet	CAT	0	0	73.9	
NZ_QYUK01000011.1	4	695512 	695588 	Pro	TGG	0	0	83.8	
NZ_QYUK01000011.1	5	702753 	702829 	Arg	TCT	0	0	85.7	
NZ_QYUK01000011.1	6	711764 	711860 	Undet	NNN	0	0	21.4	pseudo
NZ_QYUK01000011.1	7	900704 	900780 	Pro	GGG	0	0	72.0	
NZ_QYUK01000011.1	8	1207029	1207121	Ser	GCT	0	0	94.8	
NZ_QYUK01000011.1	9	1315901	1315976	Lys	TTT	0	0	85.9	
NZ_QYUK01000011.1	10	1735805	1735878	Cys	GCA	0	0	77.0	
NZ_QYUK01000011.1	11	1735972	1736046	Asn	GTT	0	0	80.2	
NZ_QYUK01000011.1	12	1767097	1767170	Gln	CTG	0	0	70.2	
NZ_QYUK01000011.1	13	1779362	1779428	Undet	NNN	0	0	27.6	
NZ_QYUK01000011.1	14	2642082	2642156	Thr	TGT	0	0	76.6	
NZ_QYUK01000011.1	15	3008269	3008343	Gly	GCC	0	0	86.6	
NZ_QYUK01000011.1	16	3268040	3268114	Thr	CGT	0	0	82.6	
NZ_QYUK01000011.1	17	3529139	3529214	Phe	GAA	0	0	86.4	
NZ_QYUK01000011.1	18	3583940	3584015	Glu	CTC	0	0	66.2	
NZ_QYUK01000011.1	19	3672164	3672240	Arg	CCG	0	0	89.7	
NZ_QYUK01000011.1	20	3812265	3812424	Arg	CCG	0	0	35.7	
NZ_QYUK01000011.1	21	4221182	4221255	Ala	TGC	0	0	52.4	
NZ_QYUK01000011.1	22	4334013	4334089	Ile	GAT	0	0	87.8	
NZ_QYUK01000011.1	23	4334195	4334270	Ala	TGC	0	0	76.8	
NZ_QYUK01000011.1	24	4337588	4337664	fMet	CAT	0	0	73.9	
NZ_QYUK01000011.1	25	3748744	3748669	fMet	CAT	0	0	33.7	
NZ_QYUK01000011.1	26	3631743	3631667	Arg	ACG	0	0	87.5	
NZ_QYUK01000011.1	27	3629797	3629693	Arg	ACG	0	0	26.8	pseudo
NZ_QYUK01000011.1	28	3597382	3597306	Arg	CCG	0	0	84.6	
NZ_QYUK01000011.1	29	3221897	3221808	Ser	GGA	0	0	88.3	
NZ_QYUK01000011.1	30	3102127	3102053	Val	GAC	0	0	79.0	
NZ_QYUK01000011.1	31	2920674	2920585	Ser	CGA	0	0	77.2	
NZ_QYUK01000011.1	32	2749731	2749656	Ala	CGC	0	0	82.1	
NZ_QYUK01000011.1	33	2639859	2639774	Tyr	GTA	0	0	78.1	
NZ_QYUK01000011.1	34	2639668	2639595	Gly	TCC	0	0	84.6	
NZ_QYUK01000011.1	35	2638237	2638162	Trp	CCA	0	0	85.4	
NZ_QYUK01000011.1	36	2161989	2161905	Leu	TAA	0	0	74.3	
NZ_QYUK01000011.1	37	2073291	2073216	Ile2	CAT	0	0	80.1	
NZ_QYUK01000011.1	38	1679346	1679271	Glu	TTC	0	0	69.6	
NZ_QYUK01000011.1	39	1617808	1617733	Lys	CTT	0	0	86.0	
NZ_QYUK01000011.1	40	1520260	1520184	His	GTG	0	0	80.6	
NZ_QYUK01000011.1	41	1514608	1514524	Leu	TAG	0	0	74.8	
NZ_QYUK01000011.1	42	1507691	1507617	Val	TAC	0	0	77.7	
NZ_QYUK01000011.1	43	1506807	1506731	Asp	GTC	0	0	87.8	
NZ_QYUK01000011.1	44	1366952	1366865	Ser	TGA	0	0	86.9	
NZ_QYUK01000011.1	45	762578 	762508 	His	ATG	0	0	60.3	
NZ_QYUK01000011.1	46	762508 	762440 	His	GTG	0	0	57.7	
NZ_QYUK01000011.1	47	661630 	661556 	Val	CAC	0	0	78.3	
NZ_QYUK01000011.1	48	657491 	657417 	Gln	TTG	0	0	71.5	
NZ_QYUK01000016.1	1	275575 	275649 	Gly	CCC	0	0	83.5	
NZ_QYUK01000018.1	1	706    	782    	Ile	GAT	0	0	87.8	
NZ_QYUK01000018.1	2	887    	962    	Ala	TGC	0	0	76.8	
NZ_QYUK01000018.1	3	4490   	4414   	Ile	GAT	0	0	87.8	
NZ_QYUK01000018.1	4	4309   	4236   	Ala	TGC	0	0	62.8	
NZ_QYUK01000008.1	1	60946  	61032  	Leu	CAG	0	0	75.2	
NZ_QYUK01000008.1	2	158897 	158973 	Arg	CCT	0	0	76.8	
NZ_QYUK01000008.1	3	315853 	315927 	Thr	GGT	0	0	81.5	
NZ_QYUK01000008.1	4	495935 	496020 	Leu	CAA	0	0	79.0	
NZ_QYUK01000008.1	5	619406 	619330 	Pro	CGG	0	0	81.7	
NZ_QYUK01000008.1	6	404853 	404768 	Leu	GAG	0	0	70.2	
NZ_QYUK01000008.1	7	337669 	337593 	Met	CAT	0	0	83.4	
NZ_QYUK01000008.1	8	71969  	71894  	Ala	GGC	0	0	80.6	
NZ_QYUR01000001.1	1	2246   	2322   	Ile	GAT	0	0	88.9	
NZ_QYUR01000001.1	2	2353   	2428   	Ala	TGC	0	0	82.6	
NZ_QYUR01000002.1	1	501498 	501574 	Ile	GAT	0	0	88.9	
NZ_QYUR01000002.1	2	501605 	501680 	Ala	TGC	0	0	82.6	
NZ_QYUR01000002.1	3	570239 	570315 	Ile2	CAT	0	0	90.9	
NZ_QYUR01000002.1	4	939290 	939366 	Arg	CCG	0	0	87.9	
NZ_QYUR01000002.1	5	947185 	947303 	Ser	TGA	0	0	27.9	pseudo
NZ_QYUR01000002.1	6	1871071	1871147	Ile	GAT	0	0	88.9	
NZ_QYUR01000002.1	7	1871178	1871253	Ala	TGC	0	0	82.6	
NZ_QYUR01000002.1	8	2289885	2289961	Pro	CGG	0	0	76.3	
NZ_QYUR01000002.1	9	2411422	2411497	Asn	GTT	0	0	77.4	
NZ_QYUR01000002.1	10	2903884	2903957	Gly	CCC	0	0	67.3	
NZ_QYUR01000002.1	11	2622340	2622265	Thr	CGT	0	0	87.5	
NZ_QYUR01000002.1	12	2563690	2563615	Ala	CGC	0	0	80.6	
NZ_QYUR01000002.1	13	2397799	2397724	Ala	GGC	0	0	77.4	
NZ_QYUR01000002.1	14	2397654	2397579	Glu	TTC	0	0	68.9	
NZ_QYUR01000002.1	15	2397527	2397452	Ala	GGC	0	0	70.8	
NZ_QYUR01000002.1	16	2397369	2397294	Glu	TTC	0	0	68.9	
NZ_QYUR01000002.1	17	2353693	2353618	Val	TAC	0	0	84.4	
NZ_QYUR01000002.1	18	2353582	2353506	Asp	GTC	0	0	90.7	
NZ_QYUR01000002.1	19	2353399	2353323	Asp	GTC	0	0	90.7	
NZ_QYUR01000002.1	20	1944566	1944477	Ser	GGA	0	0	71.7	
NZ_QYUR01000002.1	21	1878175	1878099	Ile	GAT	0	0	88.9	
NZ_QYUR01000002.1	22	1878068	1877993	Ala	TGC	0	0	82.6	
NZ_QYUR01000002.1	23	1711298	1711212	Leu	CAG	0	0	71.4	
NZ_QYUR01000002.1	24	1474295	1474220	Phe	GAA	0	0	82.8	
NZ_QYUR01000002.1	25	1468098	1468023	Thr	TGT	0	0	85.9	
NZ_QYUR01000002.1	26	508359 	508283 	Ile	GAT	0	0	88.9	
NZ_QYUR01000002.1	27	508252 	508177 	Ala	TGC	0	0	82.6	
NZ_QYUR01000002.1	28	495199 	495123 	Ile	GAT	0	0	88.9	
NZ_QYUR01000002.1	29	495092 	495017 	Ala	TGC	0	0	82.6	
NZ_QYUR01000002.1	30	488901 	488818 	Tyr	GTA	0	0	76.1	
NZ_QYUR01000002.1	31	488793 	488720 	Gly	TCC	0	0	84.8	
NZ_QYUR01000002.1	32	488694 	488619 	Thr	GGT	0	0	81.6	
NZ_QYUR01000002.1	33	487289 	487214 	Trp	CCA	0	0	86.5	
NZ_QYUR01000002.1	34	167125 	167050 	Asn	GTT	0	0	82.7	
NZ_QYUR01000002.1	35	167039 	166963 	Pro	TGG	0	0	71.6	
NZ_QYUR01000002.1	36	166957 	166882 	Lys	TTT	0	0	86.5	
NZ_QYUR01000003.1	1	312199 	312135 	Ser	TGA	0	0	23.1	pseudo
NZ_QYUR01000003.1	2	312073 	311983 	Ser	TGA	0	0	71.5	
NZ_QYUR01000003.1	3	281009 	280934 	Gly	GCC	0	0	88.4	
NZ_QYUR01000003.1	4	280890 	280817 	Cys	GCA	0	0	56.1	
NZ_QYUR01000003.1	5	280626 	280540 	Leu	TAA	0	0	76.7	
NZ_QYUR01000003.1	6	130854 	130778 	Val	GAC	0	0	82.5	
NZ_QYUR01000003.1	7	77202  	77133  	Val	GAC	0	0	33.9	
NZ_QYUR01000003.1	8	69528  	69452  	Pro	GGG	0	0	67.6	
NZ_QYUR01000006.1	1	586463 	586539 	fMet	CAT	0	0	76.7	
NZ_QYUR01000006.1	2	586666 	586742 	fMet	CAT	0	0	76.7	
NZ_QYUR01000006.1	3	812702 	812786 	Leu	CAA	0	0	71.9	
NZ_QYUR01000006.1	4	981837 	981911 	Gln	TTG	0	0	69.7	
NZ_QYUR01000006.1	5	985461 	985537 	Met	CAT	0	0	78.2	
NZ_QYUR01000006.1	6	1114511	1114594	Undet	NNN	0	0	20.7	pseudo
NZ_QYUR01000006.1	7	1227562	1227486	Ile	GAT	0	0	88.9	
NZ_QYUR01000006.1	8	1227455	1227380	Ala	TGC	0	0	82.6	
NZ_QYUR01000006.1	9	1079062	1078977	Leu	GAG	0	0	65.7	
NZ_QYUR01000006.1	10	1078878	1078802	fMet	CAT	0	0	77.6	
NZ_QYUR01000006.1	11	1016336	1016260	Ile	GAT	0	0	88.9	
NZ_QYUR01000006.1	12	1016229	1016154	Ala	TGC	0	0	82.6	
NZ_QYUR01000006.1	13	527807 	527732 	Lys	TTT	0	0	88.0	
NZ_QYUR01000006.1	14	519086 	518997 	Ser	CGA	0	0	72.8	
NZ_QYUR01000006.1	15	490544 	490469 	Val	TAC	0	0	84.4	
NZ_QYUR01000006.1	16	490450 	490374 	Asp	GTC	0	0	90.7	
NZ_QYUR01000006.1	17	368832 	368742 	Ser	GCT	0	0	76.6	
NZ_QYUR01000006.1	18	368635 	368559 	Arg	ACG	0	0	82.5	
NZ_QYUR01000006.1	19	368474 	368398 	Arg	ACG	0	0	82.5	
NZ_QYUR01000006.1	20	348985 	348911 	Arg	CCT	0	0	64.0	
NZ_QYUR01000006.1	21	185646 	185559 	Ser	CGA	0	0	33.5	
NZ_QYUR01000008.1	1	65008  	65084  	Arg	TCT	0	0	87.6	
NZ_QYUR01000008.1	2	65116  	65191  	His	GTG	0	0	73.8	
NZ_QYUR01000008.1	3	65248  	65332  	Leu	TAG	0	0	75.5	
NZ_QYUR01000008.1	4	84351  	84427  	Arg	TCT	0	0	87.6	
NZ_QYUR01000008.1	5	84459  	84534  	His	GTG	0	0	73.8	
NZ_QYUR01000008.1	6	84591  	84675  	Leu	TAG	0	0	75.5	
NZ_QYUR01000008.1	7	167820 	167923 	Leu	TAG	0	0	26.4	
NZ_QYUR01000008.1	8	230912 	230988 	Asp	GTC	0	0	91.2	
NZ_QYUR01000008.1	9	269725 	269800 	Glu	TTC	0	0	68.9	
NZ_QYUR01000008.1	10	269826 	269901 	Gly	GCC	0	0	88.4	
NZ_QYUR01000008.1	11	269934 	270009 	Glu	TTC	0	0	68.9	
NZ_QYUR01000008.1	12	270035 	270110 	Gly	GCC	0	0	88.4	
NZ_QYUR01000008.1	13	79289  	79213  	Arg	TCT	0	0	87.6	
NZ_QYUR01000008.1	14	79181  	79106  	His	GTG	0	0	73.8	
NZ_QYUR01000008.1	15	79049  	78966  	Leu	TAG	0	0	57.2	
NZ_CP034044.1	1	282419 	282493 	Cys	GCA	0	0	67.3	
NZ_CP034044.1	2	282499 	282575 	Arg	ACG	0	0	73.0	
NZ_CP034044.1	3	300263 	300346 	Leu	CAA	0	0	69.1	
NZ_CP034044.1	4	365476 	365562 	Leu	TAA	0	0	72.3	
NZ_CP034044.1	5	365568 	365643 	Lys	TTT	0	0	80.1	
NZ_CP034044.1	6	468148 	468231 	Tyr	GTA	0	0	70.9	
NZ_CP034044.1	7	468235 	468309 	Gln	TTG	0	0	65.1	
NZ_CP034044.1	8	556165 	556239 	Thr	GGT	0	0	77.2	
NZ_CP034044.1	9	712299 	712224 	Arg	TCT	0	0	76.3	
NZ_CP034044.1	10	710312 	710239 	Gly	TCC	0	0	79.9	
NZ_CP034044.1	11	710235 	710162 	Gly	GCC	0	0	70.5	
NZ_CP034044.1	12	639612 	639536 	Pro	TGG	0	0	80.3	
NZ_CP034044.1	13	639530 	639454 	Ala	TGC	0	0	78.5	
NZ_CP034044.1	14	639449 	639373 	Met	CAT	0	0	78.7	
NZ_CP034044.1	15	639347 	639272 	Ile2	CAT	0	0	86.1	
NZ_CP034044.1	16	639269 	639179 	Ser	TGA	0	0	77.3	
NZ_CP034044.1	17	639172 	639096 	fMet	CAT	0	0	78.2	
NZ_CP034044.1	18	639094 	639018 	Asp	GTC	0	0	76.2	
NZ_CP034044.1	19	639013 	638938 	Phe	GAA	0	0	79.1	
NZ_CP034044.1	20	611565 	611489 	Ile	GAT	0	0	83.1	
NZ_CP034044.1	21	556411 	556337 	Sup	TCA	0	0	72.9	
NZ_CP034044.1	22	527018 	526943 	Thr	CGT	0	0	79.8	
NZ_CP034044.1	23	526740 	526666 	Asn	GTT	0	0	80.8	
NZ_CP034044.1	24	526661 	526586 	Glu	TTC	0	0	69.4	
NZ_CP034044.1	25	526583 	526508 	Val	TAC	0	0	84.3	
NZ_CP034044.1	26	521899 	521824 	Thr	TGT	0	0	88.2	
NZ_CP034044.1	27	521820 	521737 	Leu	TAG	0	0	60.9	
NZ_CP034044.1	28	441966 	441891 	His	GTG	0	0	60.6	
NZ_CP034044.1	29	439980 	439907 	Trp	CCA	0	0	64.2	
NZ_CP034044.1	30	438024 	437949 	Lys	CTT	0	0	81.9	
NZ_CP034044.1	31	294749 	294656 	Ser	GCT	0	0	69.3	
NZ_RCOO01000001.1	1	26615  	26539  	Ile	GAT	0	0	81.9	
NZ_RCOO01000001.1	2	26520  	26445  	Ala	TGC	0	0	83.8	
NZ_RCOO01000139.1	1	2877   	2803   	Trp	CCA	0	0	69.0	
NZ_RCOO01000139.1	2	2791   	2699   	Ser	CGA	0	0	75.0	
NZ_RCOO01000223.1	1	599    	674    	His	GTG	0	0	64.6	
NZ_RCOO01000003.1	1	16280  	16364  	Leu	CAA	0	0	66.2	
NZ_RCOO01000003.1	2	12255  	12180  	Cys	GCA	0	0	68.5	
NZ_RCOO01000003.1	3	12138  	12062  	Arg	ACG	0	0	79.0	
NZ_RCOO01000003.1	4	12038  	11962  	Pro	TGG	0	0	81.1	
NZ_RCOO01000003.1	5	11944  	11869  	Ala	TGC	0	0	84.7	
NZ_RCOO01000003.1	6	11837  	11761  	Met	CAT	0	0	73.2	
NZ_RCOO01000003.1	7	11759  	11683  	Ile2	CAT	0	0	87.9	
NZ_RCOO01000003.1	8	11650  	11558  	Ser	TGA	0	0	83.7	
NZ_RCOO01000003.1	9	11504  	11430  	fMet	CAT	0	0	78.6	
NZ_RCOO01000003.1	10	11427  	11352  	Asp	GTC	0	0	71.3	
NZ_RCOO01000003.1	11	11346  	11271  	Phe	GAA	0	0	75.1	
NZ_RCOO01000053.1	1	2822   	2912   	Ser	GCT	0	0	87.2	
NZ_RCOO01000059.1	1	1380   	1456   	Arg	TCT	0	0	78.4	
NZ_CP033219.1	1	300670 	300746 	Arg	ACG	0	0	87.7	
NZ_CP033219.1	2	307464 	307540 	Arg	ACG	0	0	87.7	
NZ_CP033219.1	3	323561 	323635 	Ala	TGC	0	0	71.7	
NZ_CP033219.1	4	323736 	323812 	Ile	GAT	0	0	85.8	
NZ_CP033219.1	5	327739 	327815 	fMet	CAT	0	0	79.1	
NZ_CP033219.1	6	327868 	327937 	Leu	CAA	0	0	35.8	
NZ_CP033219.1	7	561637 	561711 	Phe	GAA	0	0	69.6	
NZ_CP033219.1	8	792252 	792339 	Ser	GCT	0	0	86.2	
NZ_CP033219.1	9	823208 	823284 	Arg	TCT	0	0	63.2	
NZ_CP033219.1	10	1003717	1003806	Ser	TGA	0	0	81.4	
NZ_CP033219.1	11	1466534	1466609	Thr	TGT	0	0	84.3	
NZ_CP033219.1	12	1475786	1475857	Undet	NNN	0	0	21.1	pseudo
NZ_CP033219.1	13	1610054	1610130	Asp	GTC	0	0	87.3	
NZ_CP033219.1	14	1610210	1610286	Asp	GTC	0	0	87.3	
NZ_CP033219.1	15	1610353	1610429	Asp	GTC	0	0	87.3	
NZ_CP033219.1	16	2011874	2011950	Pro	TGG	0	0	66.8	
NZ_CP033219.1	17	2173421	2173497	Arg	CCG	0	0	90.1	
NZ_CP033219.1	18	2396618	2396690	Ile2	CAT	0	0	73.8	
NZ_CP033219.1	19	2523922	2523996	Asn	GTT	0	0	82.8	
NZ_CP033219.1	20	2938741	2938814	Gly	TCC	0	0	68.8	
NZ_CP033219.1	21	3018847	3018920	Cys	GCA	0	0	75.4	
NZ_CP033219.1	22	3036108	3036181	Cys	GCA	0	0	29.5	pseudo
NZ_CP033219.1	23	3663248	3663324	Met	CAT	0	0	79.1	
NZ_CP033219.1	24	3793761	3793836	Ala	GGC	0	0	76.5	
NZ_CP033219.1	25	3915195	3915269	Val	GAC	0	0	77.3	
NZ_CP033219.1	26	4150365	4150451	Leu	CAG	0	0	76.5	
NZ_CP033219.1	27	4150606	4150692	Leu	CAG	0	0	76.5	
NZ_CP033219.1	28	4283666	4283741	Thr	CGT	0	0	84.4	
NZ_CP033219.1	29	4103434	4103359	Lys	TTT	0	0	88.0	
NZ_CP033219.1	30	4076078	4076002	Arg	CCT	0	0	80.8	
NZ_CP033219.1	31	4047263	4047195	Arg	CCT	0	0	25.9	
NZ_CP033219.1	32	3897793	3897719	Ala	TGC	0	0	71.7	
NZ_CP033219.1	33	3897618	3897542	Ile	GAT	0	0	85.8	
NZ_CP033219.1	34	3893611	3893535	fMet	CAT	0	0	79.1	
NZ_CP033219.1	35	3893482	3893413	Leu	CAA	0	0	35.8	
NZ_CP033219.1	36	3703528	3703453	Ala	TGC	0	0	79.7	
NZ_CP033219.1	37	3703350	3703274	Ile	GAT	0	0	85.8	
NZ_CP033219.1	38	3699347	3699271	fMet	CAT	0	0	79.1	
NZ_CP033219.1	39	3699219	3699150	Leu	CAA	0	0	37.4	
NZ_CP033219.1	40	3699098	3699029	Leu	CAA	0	0	35.8	
NZ_CP033219.1	41	3667656	3667581	Trp	CCA	0	0	82.2	
NZ_CP033219.1	42	3514303	3514229	Ala	TGC	0	0	71.7	
NZ_CP033219.1	43	3514127	3514051	Ile	GAT	0	0	85.8	
NZ_CP033219.1	44	3510126	3510050	fMet	CAT	0	0	79.1	
NZ_CP033219.1	45	3509997	3509928	Leu	CAA	0	0	37.4	
NZ_CP033219.1	46	3509875	3509806	Leu	CAA	0	0	35.8	
NZ_CP033219.1	47	3412979	3412893	Leu	GAG	0	0	70.1	
NZ_CP033219.1	48	3354391	3354316	Ala	TGC	0	0	79.7	
NZ_CP033219.1	49	3354213	3354137	Ile	GAT	0	0	85.8	
NZ_CP033219.1	50	3350206	3350130	fMet	CAT	0	0	79.1	
NZ_CP033219.1	51	3350077	3350008	Leu	CAA	0	0	37.4	
NZ_CP033219.1	52	3349955	3349886	Leu	CAA	0	0	35.8	
NZ_CP033219.1	53	3079487	3079403	Leu	TAG	0	0	73.0	
NZ_CP033219.1	54	2976728	2976652	His	GTG	0	0	65.9	
NZ_CP033219.1	55	2748242	2748157	Leu	TAA	0	0	78.8	
NZ_CP033219.1	56	2448101	2448016	Leu	CAA	0	0	70.0	
NZ_CP033219.1	57	2441137	2441076	Undet	NNN	0	0	22.7	
NZ_CP033219.1	58	2357878	2357789	Ser	GGA	0	0	80.5	
NZ_CP033219.1	59	2289673	2289598	Val	TAC	0	0	79.7	
NZ_CP033219.1	60	2128731	2128642	Ser	CGA	0	0	77.3	
NZ_CP033219.1	61	2088636	2088563	Gly	CCC	0	0	62.5	
NZ_CP033219.1	62	1905262	1905186	Pro	GGG	0	0	75.9	
NZ_CP033219.1	63	1871360	1871286	Asn	GTT	0	0	82.8	
NZ_CP033219.1	64	1694220	1694146	fMet	CAT	0	0	82.8	
NZ_CP033219.1	65	1226151	1226077	Gly	GCC	0	0	82.8	
NZ_CP033219.1	66	1223844	1223770	Gly	GCC	0	0	82.8	
NZ_CP033219.1	67	1223605	1223531	Gly	GCC	0	0	82.8	
NZ_CP033219.1	68	1210449	1210366	Tyr	GTA	0	0	49.5	
NZ_CP033219.1	69	1154425	1154351	Glu	TTC	0	0	64.7	
NZ_CP033219.1	70	1154115	1154041	Glu	TTC	0	0	64.7	
NZ_CP033219.1	71	584087 	583990 	Glu	TTC	0	0	22.8	pseudo
NZ_CP033219.1	72	553539 	553465 	Thr	GGT	0	0	77.8	
NZ_CP033219.1	73	552928 	552854 	Gln	TTG	0	0	70.9	
NZ_CP033219.1	74	121708 	121632 	Pro	TGG	0	0	77.1	
NZ_ML137218.1	1	253088 	253161 	Gly	TCC	0	0	67.0	
NZ_ML137218.1	2	598603 	598678 	Ala	TGC	0	0	80.5	
NZ_ML137218.1	3	598682 	598758 	Ile	GAT	0	0	85.8	
NZ_ML137218.1	4	602179 	602255 	fMet	CAT	0	0	79.1	
NZ_ML137218.1	5	604412 	604488 	Asp	GTC	0	0	87.8	
NZ_ML137218.1	6	604521 	604597 	Asp	GTC	0	0	87.8	
NZ_ML137218.1	7	863592 	863666 	Val	CAC	0	0	82.5	
NZ_ML137218.1	8	863680 	863755 	Val	TAC	0	0	80.6	
NZ_ML137218.1	9	886016 	886090 	Asn	GTT	0	0	82.8	
NZ_ML137218.1	10	935586 	935662 	Arg	CCG	0	0	84.6	
NZ_ML137218.1	11	957893 	957968 	Thr	TGT	0	0	81.9	
NZ_ML137218.1	12	1040707	1040783	His	GTG	0	0	65.6	
NZ_ML137218.1	13	1082943	1083017	Gln	TTG	0	0	73.4	
NZ_ML137218.1	14	1143534	1143623	Ser	CGA	0	0	83.4	
NZ_ML137218.1	15	1250831	1250908	Pro	GGG	0	0	72.3	
NZ_ML137218.1	16	1311542	1311631	Ser	GGA	0	0	85.1	
NZ_ML137218.1	17	1331385	1331458	Cys	GCA	0	0	71.4	
NZ_ML137218.1	18	1340430	1340505	Phe	GAA	0	0	85.9	
NZ_ML137218.1	19	1586539	1586613	Glu	TTC	0	0	62.2	
NZ_ML137218.1	20	1586744	1586818	Glu	TTC	0	0	62.2	
NZ_ML137218.1	21	1859447	1859523	Pro	CGG	0	0	82.7	
NZ_ML137218.1	22	2098515	2098590	Lys	TTT	0	0	92.5	
NZ_ML137218.1	23	2277124	2277198	Val	GAC	0	0	79.3	
NZ_ML137218.1	24	2204179	2204104	Thr	CGT	0	0	86.4	
NZ_ML137218.1	25	2095238	2095162	Arg	CCT	0	0	79.1	
NZ_ML137218.1	26	1814601	1814526	Trp	CCA	0	0	85.0	
NZ_ML137218.1	27	1763886	1763810	Arg	ACG	0	0	83.7	
NZ_ML137218.1	28	1610892	1610809	Leu	TAA	0	0	70.6	
NZ_ML137218.1	29	1540305	1540219	Leu	GAG	0	0	68.9	
NZ_ML137218.1	30	1505555	1505481	Thr	GGT	0	0	79.9	
NZ_ML137218.1	31	1467609	1467534	Ala	CGC	0	0	75.8	
NZ_ML137218.1	32	1398398	1398323	Ala	TGC	0	0	80.5	
NZ_ML137218.1	33	1398319	1398243	Ile	GAT	0	0	85.8	
NZ_ML137218.1	34	1394822	1394746	fMet	CAT	0	0	79.1	
NZ_ML137218.1	35	1350288	1350212	Pro	TGG	0	0	79.4	
NZ_ML137218.1	36	1089924	1089839	Leu	CAA	0	0	65.5	
NZ_ML137218.1	37	1045374	1045301	Gly	CCC	0	0	79.7	
NZ_ML137218.1	38	839622 	839547 	Ile2	CAT	0	0	79.6	
NZ_ML137218.1	39	796053 	795969 	Leu	TAG	0	0	75.5	
NZ_ML137218.1	40	780855 	780779 	Arg	TCT	0	0	71.6	
NZ_ML137218.1	41	564580 	564491 	Ser	TGA	0	0	88.8	
NZ_ML137218.1	42	509995 	509921 	Gly	GCC	0	0	78.1	
NZ_ML137218.1	43	509899 	509825 	Gly	GCC	0	0	78.1	
NZ_ML137218.1	44	504704 	504621 	Tyr	GTA	0	0	49.1	
NZ_ML137218.1	45	383207 	383132 	Ala	GGC	0	0	73.7	
NZ_ML137218.1	46	321298 	321209 	Ser	GCT	0	0	84.5	
NZ_ML137218.1	47	263253 	263177 	Met	CAT	0	0	82.1	
NZ_ML137218.1	48	68031  	67947  	Leu	CAG	0	0	70.3	
NZ_ML137219.1	1	130119 	130194 	Ala	TGC	0	0	80.5	
NZ_ML137219.1	2	130198 	130274 	Ile	GAT	0	0	85.8	
NZ_ML137219.1	3	133695 	133771 	fMet	CAT	0	0	79.1	
NZ_ML142849.1	1	571953 	572026 	Leu	CAA	0	0	59.5	
NZ_ML142849.1	2	398837 	398750 	Leu	GAG	0	0	58.8	
NZ_ML142850.1	1	424481 	424553 	Asn	GTT	0	0	74.3	
NZ_ML142850.1	2	555099 	555175 	Ile2	CAT	0	0	93.6	
NZ_ML142850.1	3	310271 	310200 	Val	TAC	0	0	78.0	
NZ_ML142850.1	4	239768 	239676 	SeC	TCA	0	0	95.7	
NZ_ML142851.1	1	545112 	545181 	Glu	CTC	0	0	30.5	pseudo
NZ_ML142851.1	2	536955 	536851 	Arg	CCT	0	0	21.1	pseudo
NZ_ML142851.1	3	57808  	57735  	Ile	GAT	0	0	77.1	
NZ_ML142851.1	4	55758  	55683  	Ala	TGC	0	0	81.6	
NZ_ML142851.1	5	42982  	42899  	Leu	CAG	0	0	57.9	
NZ_ML142851.1	6	192    	119    	Gly	CCC	0	0	81.3	
NZ_ML142852.1	1	427358 	427430 	Arg	CCT	0	0	75.1	
NZ_ML142852.1	2	403722 	403647 	Ala	CGC	0	0	90.3	
NZ_ML142852.1	3	212699 	212625 	Tyr	GTA	0	0	44.0	
NZ_ML142852.1	4	211414 	211342 	Thr	GGT	0	0	70.2	
NZ_ML142852.1	5	211310 	211237 	Met	CAT	0	0	70.7	
NZ_ML142852.1	6	204168 	204096 	Trp	CCA	0	0	81.9	
NZ_ML142852.1	7	227    	151    	fMet	CAT	0	0	83.9	
NZ_ML142854.1	1	157825 	157912 	Ser	GGA	0	0	76.4	
NZ_ML142854.1	2	186034 	186109 	Arg	ACG	0	0	79.9	
NZ_ML142854.1	3	188300 	188399 	Undet	NNN	0	0	23.9	pseudo
NZ_ML142854.1	4	319834 	319762 	Phe	GAA	0	0	72.8	
NZ_ML142854.1	5	181175 	181084 	Ser	GCT	0	0	75.4	
NZ_ML142854.1	6	170291 	170205 	Ser	CGA	0	0	73.7	
NZ_ML142854.1	7	149320 	149244 	Pro	CGG	0	0	81.6	
NZ_ML142855.1	1	333465 	333536 	Gln	CTG	0	0	53.0	
NZ_ML142855.1	2	337770 	337842 	Glu	CTC	0	0	72.7	
NZ_ML142856.1	1	142276 	142348 	Arg	CCG	0	0	76.9	
NZ_ML142856.1	2	298317 	298244 	fMet	CAT	0	0	77.0	
NZ_ML142858.1	1	191363 	191439 	Leu	TAA	0	0	70.3	
NZ_ML142859.1	1	123494 	123569 	Pro	TGG	0	0	83.2	
NZ_ML142859.1	2	195578 	195493 	Leu	TAG	0	0	67.8	
NZ_ML142859.1	3	123428 	123358 	Gly	TCC	0	0	77.1	
NZ_ML142860.1	1	46163  	46236  	Pro	GGG	0	0	63.7	
NZ_ML142861.1	1	32707  	32636  	Gln	TTG	0	0	57.0	
NZ_ML142862.1	1	196884 	196957 	Arg	TCT	0	0	80.5	
NZ_ML142862.1	2	202893 	202965 	His	GTG	0	0	69.7	
NZ_ML142862.1	3	213165 	213237 	Lys	CTT	0	0	75.2	
NZ_ML142864.1	1	133910 	134002 	Ser	TGA	0	0	67.3	
NZ_ML142864.1	2	175447 	175372 	Thr	CGT	0	0	86.0	
NZ_ML142864.1	3	119    	43     	Thr	TGT	0	0	90.1	
NZ_ML142865.1	1	167358 	167433 	Lys	TTT	0	0	81.4	
NZ_ML142865.1	2	297    	225    	Glu	TTC	0	0	58.2	
NZ_ML142865.1	3	173    	96     	Asp	GTC	0	0	77.2	
NZ_ML142869.1	1	54171  	54243  	Gly	GCC	0	0	85.0	
NZ_ML142869.1	2	54272  	54342  	Cys	GCA	0	0	68.6	
NZ_ML142869.1	3	54376  	54450  	Val	GAC	0	0	78.6	
NZ_ML142869.1	4	50857  	50786  	Val	CAC	0	0	73.1	
NZ_ML142874.1	1	173    	101    	Ala	GGC	0	0	75.7	
NZ_PSZO01000001.1	1	71753  	71679  	Asn	GTT	0	0	86.5	
NZ_PSZO01000001.1	2	71676  	71601  	Glu	TTC	0	0	72.2	
NZ_PSZO01000001.1	3	71596  	71521  	Val	TAC	0	0	83.6	
NZ_PSZO01000001.1	4	71517  	71442  	Thr	TGT	0	0	88.6	
NZ_PSZO01000001.1	5	71438  	71363  	Lys	TTT	0	0	82.8	
NZ_PSZO01000001.1	6	71325  	71241  	Leu	TAG	0	0	67.9	
NZ_PSZO01000001.1	7	71164  	71089  	Val	TAC	0	0	79.3	
NZ_PSZO01000002.1	1	91615  	91540  	His	GTG	0	0	72.0	
NZ_PSZO01000002.1	2	31411  	31328  	Tyr	GTA	0	0	69.7	
NZ_PSZO01000002.1	3	31324  	31250  	Gln	TTG	0	0	68.1	
NZ_PSZO01000019.1	1	15986  	15912  	Cys	GCA	0	0	68.6	
NZ_PSZO01000019.1	2	15907  	15831  	Arg	ACG	0	0	70.9	
NZ_PSZO01000020.1	1	1946   	2019   	Trp	CCA	0	0	69.1	
NZ_PSZO01000003.1	1	133115 	133029 	Leu	TAA	0	0	78.8	
NZ_PSZO01000003.1	2	133025 	132950 	Lys	TTT	0	0	76.6	
NZ_PSZO01000003.1	3	29242  	29166  	Ile	GAT	0	0	83.9	
NZ_PSZO01000003.1	4	29139  	29063  	Ala	TGC	0	0	73.3	
NZ_PSZO01000003.1	5	28313  	28221  	Ser	CGA	0	0	76.0	
NZ_PSZO01000022.1	1	1435   	1508   	Gly	TCC	0	0	72.9	
NZ_PSZO01000004.1	1	18311  	18387  	Arg	TCT	0	0	81.5	
NZ_PSZO01000004.1	2	38234  	38402  	Undet	NNN	0	0	23.0	
NZ_PSZO01000004.1	3	42462  	42553  	Ser	GCT	0	0	81.6	
NZ_PSZO01000006.1	1	1347   	1271   	Pro	TGG	0	0	81.4	
NZ_PSZO01000006.1	2	1267   	1191   	Ala	TGC	0	0	73.3	
NZ_PSZO01000006.1	3	1186   	1110   	Met	CAT	0	0	75.7	
NZ_PSZO01000006.1	4	1081   	1005   	Ile2	CAT	0	0	82.9	
NZ_PSZO01000006.1	5	1003   	911    	Ser	TGA	0	0	78.7	
NZ_PSZO01000007.1	1	18378  	18303  	fMet	CAT	0	0	81.7	
NZ_PSZO01000007.1	2	18300  	18224  	Asp	GTC	0	0	75.8	
NZ_PSZO01000007.1	3	18220  	18145  	Phe	GAA	0	0	74.2	
NZ_PSZO01000008.1	1	33266  	33184  	Leu	CAA	0	0	50.1	
NZ_PSZO01000081.1	1	1093   	1015   	Phe	AAA	0	0	31.4	
NZ_PSZO01000010.1	1	13197  	13272  	Sup	TCA	0	0	73.6	
NZ_PSZP01000050.1	1	2675   	2738   	Sup	TCA	0	0	41.2	
NZ_PSZP01000051.1	1	1633   	1724   	Ser	GCT	0	0	80.6	
NZ_PSZP01000007.1	1	27103  	27178  	fMet	CAT	0	0	79.7	
NZ_PSZP01000052.1	1	1111   	1187   	Ile	GAT	0	0	83.9	
NZ_PSZP01000052.1	2	1214   	1290   	Ala	TGC	0	0	79.1	
NZ_PSZP01000009.1	1	21957  	22031  	Cys	GCA	0	0	69.5	
NZ_PSZP01000076.1	1	66     	1      	Gly	TCC	0	0	46.8	
NZ_PSZP01000003.1	1	3801   	3890   	Ser	TGA	0	0	60.7	
NZ_PSZP01000003.1	2	7018   	6942   	Pro	TGG	0	0	81.4	
NZ_PSZP01000003.1	3	6938   	6862   	Ala	TGC	0	0	79.1	
NZ_PSZP01000003.1	4	6860   	6784   	Met	CAT	0	0	77.6	
NZ_PSZP01000003.1	5	6760   	6684   	Ile2	CAT	0	0	82.9	
NZ_PSZP01000018.1	1	16121  	16038  	Tyr	GTA	0	0	69.7	
NZ_PSZP01000018.1	2	16036  	15970  	Gln	TTG	0	0	50.6	
NZ_PSZP01000027.1	1	6173   	6249   	Arg	TCT	0	0	81.5	
NZ_PSZP01000030.1	1	10921  	11040  	Asn	GTT	0	0	50.1	
NZ_PSZP01000030.1	2	11045  	11120  	Val	TAC	0	0	83.3	
NZ_PSZP01000030.1	3	11124  	11199  	Thr	TGT	0	0	89.5	
NZ_PSZP01000030.1	4	11203  	11278  	Lys	TTT	0	0	80.9	
NZ_PSZP01000030.1	5	11307  	11391  	Leu	TAG	0	0	67.9	
NZ_PSZP01000005.1	1	44728  	44811  	Leu	CAA	0	0	53.0	
NZ_PSZP01000031.1	1	2109   	2182   	Trp	CCA	0	0	71.8	
NZ_PSZP01000031.1	2	14244  	14169  	Phe	GAA	0	0	74.2	
NZ_PSZP01000039.1	1	6031   	6106   	His	GTG	0	0	72.0	
NZ_PSZP01000006.1	1	13329  	13414  	Leu	TAA	0	0	70.7	
NZ_PSZP01000006.1	2	13418  	13493  	Lys	TTT	0	0	80.9	
NZ_PSZP01000047.1	1	3461   	3369   	Ser	CGA	0	0	70.8	
NZ_PSZP01000047.1	2	3367   	3292   	Thr	GGT	0	0	78.0	
NZ_CP037922.1	1	400133 	400207 	Val	GAC	0	0	69.2	
NZ_CP037922.1	2	505447 	505522 	Gly	GCC	0	0	81.0	
NZ_CP037922.1	3	506143 	506225 	Leu	TAA	0	0	55.8	
NZ_CP037922.1	4	650458 	650540 	Tyr	GTA	0	0	68.8	
NZ_CP037922.1	5	650636 	650708 	Gly	TCC	0	0	84.8	
NZ_CP037922.1	6	650779 	650850 	Thr	GGT	0	0	74.3	
NZ_CP037922.1	7	652332 	652402 	Trp	CCA	0	0	65.6	
NZ_CP037922.1	8	1139886	1139956	Cys	GCA	0	0	61.0	
NZ_CP037922.1	9	1251938	1252011	Ile	GAT	0	0	72.3	
NZ_CP037922.1	10	1252043	1252116	Ala	TGC	0	0	76.5	
NZ_CP037922.1	11	1474930	1475002	Lys	TTT	0	0	71.8	
NZ_CP037922.1	12	1661257	1661417	Undet	NNN	0	0	24.1	pseudo
NZ_CP037922.1	13	1676446	1676528	Leu	GAG	0	0	48.3	
NZ_CP037922.1	14	2276632	2276704	Thr	TGT	0	0	75.9	
NZ_CP037922.1	15	2447789	2447862	Met	CAT	0	0	73.4	
NZ_CP037922.1	16	3371889	3371960	Arg	CCG	0	0	48.6	
NZ_CP037922.1	17	3464206	3464287	Leu	CAA	0	0	63.4	
NZ_CP037922.1	18	3733493	3733566	Ala	GGC	0	0	67.9	
NZ_CP037922.1	19	3814269	3814341	Gln	TTG	0	0	56.2	
NZ_CP037922.1	20	4321442	4321514	Thr	CGT	0	0	77.4	
NZ_CP037922.1	21	4544666	4544594	fMet	CAT	0	0	71.7	
NZ_CP037922.1	22	4144324	4144251	His	GTG	0	0	66.3	
NZ_CP037922.1	23	4131417	4131344	Ile	GAT	0	0	72.3	
NZ_CP037922.1	24	4131312	4131239	Ala	TGC	0	0	76.5	
NZ_CP037922.1	25	3608475	3608389	Ser	CGA	0	0	81.5	
NZ_CP037922.1	26	3608363	3608279	Ser	TGA	0	0	64.2	
NZ_CP037922.1	27	3537580	3537499	Leu	CAG	0	0	55.3	
NZ_CP037922.1	28	3353697	3353621	Ile2	CAT	0	0	85.5	
NZ_CP037922.1	29	3224443	3224356	Ser	GGA	0	0	62.7	
NZ_CP037922.1	30	2872910	2872823	Ser	GCT	0	0	69.9	
NZ_CP037922.1	31	2872734	2872661	Pro	TGG	0	0	75.8	
NZ_CP037922.1	32	2872600	2872527	Arg	TCT	0	0	71.6	
NZ_CP037922.1	33	1986084	1986011	Asp	GTC	0	0	77.2	
NZ_CP037922.1	34	1872902	1872831	Glu	TTC	0	0	52.7	
NZ_CP037922.1	35	1244904	1244823	Leu	TAG	0	0	68.0	
NZ_CP037922.1	36	849411 	849338 	Arg	ACG	0	0	69.3	
NZ_CP037922.1	37	624431 	624359 	Gly	CCC	0	0	79.5	
NZ_CP037922.1	38	441098 	441024 	Arg	CCT	0	0	62.5	
NZ_CP037922.1	39	332903 	332827 	Asn	GTT	0	0	75.7	
NZ_CP037922.1	40	95075  	95001  	Val	TAC	0	0	80.0	
NZ_CP037922.1	41	81700  	81627  	Pro	GGG	0	0	59.4	
NZ_CP037922.1	42	81526  	81453  	Pro	CGG	0	0	71.7	
NZ_CP037922.1	43	68533  	68461  	Phe	GAA	0	0	75.8	
NZ_SNWN01000009.1	1	12015  	12115  	Leu	TAA	12055	12070	21.0	pseudo
NZ_SNWN01000009.1	2	163444 	163358 	Leu	TAA	0	0	68.8	
NZ_SNWN01000009.1	3	163352 	163277 	Lys	TTT	0	0	80.1	
NZ_SNWN01000009.1	4	163128 	163047 	Leu	CAA	0	0	68.1	
NZ_SNWN01000009.1	5	100946 	100870 	Ile	GAT	0	0	85.5	
NZ_SNWN01000009.1	6	100256 	100180 	Pro	TGG	0	0	81.6	
NZ_SNWN01000009.1	7	100173 	100097 	Ala	TGC	0	0	77.3	
NZ_SNWN01000009.1	8	100092 	100016 	Met	CAT	0	0	78.1	
NZ_SNWN01000009.1	9	99992  	99917  	Ile2	CAT	0	0	80.0	
NZ_SNWN01000009.1	10	99915  	99823  	Ser	TGA	0	0	77.2	
NZ_SNWN01000009.1	11	99786  	99711  	fMet	CAT	0	0	80.0	
NZ_SNWN01000009.1	12	99709  	99633  	Asp	GTC	0	0	75.8	
NZ_SNWN01000009.1	13	99629  	99554  	Phe	GAA	0	0	74.3	
NZ_SNWN01000009.1	14	97316  	97242  	Sup	TCA	0	0	71.5	
NZ_SNWN01000010.1	1	88041  	88124  	Tyr	GTA	0	0	72.8	
NZ_SNWN01000010.1	2	88128  	88202  	Gln	TTG	0	0	65.2	
NZ_SNWN01000010.1	3	102934 	103008 	Cys	GCA	0	0	67.9	
NZ_SNWN01000010.1	4	103058 	103134 	Arg	TCG	0	0	72.0	
NZ_SNWN01000011.1	1	23100  	23024  	Arg	TCT	0	0	76.2	
NZ_SNWN01000011.1	2	5521   	5446   	His	GTG	0	0	56.5	
NZ_SNWN01000014.1	1	33404  	33330  	Thr	GGT	0	0	73.8	
NZ_SNWN01000015.1	1	16897  	16971  	Asn	GTT	0	0	88.4	
NZ_SNWN01000015.1	2	16973  	17048  	Glu	TTC	0	0	69.9	
NZ_SNWN01000015.1	3	17053  	17128  	Val	TAC	0	0	83.2	
NZ_SNWN01000015.1	4	17133  	17208  	Thr	TGT	0	0	86.9	
NZ_SNWN01000015.1	5	17229  	17313  	Leu	TAG	0	0	64.8	
NZ_SNWN01000015.1	6	42462  	42552  	Ser	GCT	0	0	75.4	
NZ_SNWN01000015.1	7	3054   	2981   	Trp	CCA	0	0	63.6	
NZ_SNWN01000001.1	1	11788  	11861  	Gly	TCC	0	0	73.7	
NZ_SNWN01000003.1	1	8478   	8553   	Arg	GCG	0	0	70.3	
NZ_CP038013.1	1	113754 	113833 	Leu	TAG	113781	113796	27.6	pseudo
NZ_CP038013.1	2	167254 	167329 	Asn	GTT	0	0	89.6	
NZ_CP038013.1	3	167338 	167413 	Glu	TTC	0	0	64.2	
NZ_CP038013.1	4	167431 	167506 	Val	TAC	0	0	79.9	
NZ_CP038013.1	5	167517 	167592 	Thr	TGT	0	0	84.5	
NZ_CP038013.1	6	168096 	168171 	Lys	TTT	0	0	76.8	
NZ_CP038013.1	7	168177 	168261 	Leu	TAG	0	0	73.4	
NZ_CP038013.1	8	182637 	182711 	Cys	GCA	0	0	64.7	
NZ_CP038013.1	9	182984 	183060 	Arg	ACG	0	0	77.0	
NZ_CP038013.1	10	183111 	183187 	Pro	TGG	0	0	83.1	
NZ_CP038013.1	11	183219 	183294 	Ala	TGC	0	0	83.8	
NZ_CP038013.1	12	183302 	183378 	Met	CAT	0	0	78.9	
NZ_CP038013.1	13	183396 	183472 	Ile2	CAT	0	0	87.8	
NZ_CP038013.1	14	183529 	183621 	Ser	TGA	0	0	84.5	
NZ_CP038013.1	15	183627 	183702 	fMet	CAT	0	0	82.8	
NZ_CP038013.1	16	183707 	183783 	Asp	GTC	0	0	79.7	
NZ_CP038013.1	17	183792 	183867 	Phe	GAA	0	0	74.4	
NZ_CP038013.1	18	186211 	186287 	Ile	GAT	0	0	76.9	
NZ_CP038013.1	19	239084 	239174 	Ser	GCT	0	0	83.3	
NZ_CP038013.1	20	373971 	374047 	Arg	TCT	0	0	76.4	
NZ_CP038013.1	21	374256 	374332 	Arg	TCT	0	0	76.4	
NZ_CP038013.1	22	472817 	472890 	Gly	TCC	0	0	76.2	
NZ_CP038013.1	23	948693 	948777 	Leu	CAA	0	0	69.1	
NZ_CP038013.1	24	1024494	1024419	His	GTG	0	0	64.4	
NZ_CP038013.1	25	1018795	1018720	Sup	TCA	0	0	81.5	
NZ_CP038013.1	26	1018678	1018603	Trp	CCA	0	0	80.8	
NZ_CP038013.1	27	827030 	826955 	Thr	AGT	0	0	88.8	
NZ_CP038013.1	28	826944 	826861 	Tyr	GTA	0	0	67.5	
NZ_CP038013.1	29	826855 	826781 	Gln	TTG	0	0	68.3	
NZ_CP038013.1	30	826769 	826694 	Lys	TTT	0	0	76.8	
NZ_CP038013.1	31	826677 	826589 	Leu	TAA	0	0	75.0	
NZ_SSOC01000001.1	1	12800  	12875  	Ala	GGC	0	0	74.7	
NZ_SSOC01000001.1	2	12890  	12965  	Glu	TTC	0	0	60.9	
NZ_SSOC01000001.1	3	13029  	13105  	Asp	GTC	0	0	90.9	
NZ_SSOC01000001.1	4	13209  	13284  	Ala	GGC	0	0	74.7	
NZ_SSOC01000001.1	5	13292  	13367  	Glu	TTC	0	0	60.9	
NZ_SSOC01000001.1	6	13430  	13506  	Asp	GTC	0	0	89.1	
NZ_SSOC01000001.1	7	95638  	95722  	Leu	GAG	0	0	67.2	
NZ_SSOC01000001.1	8	268950 	269025 	Val	TAC	0	0	81.7	
NZ_SSOC01000001.1	9	269152 	269226 	Val	CAC	0	0	82.8	
NZ_SSOC01000001.1	10	368804 	368880 	Pro	TGG	0	0	82.2	
NZ_SSOC01000001.1	11	368908 	368984 	Arg	TCT	0	0	81.3	
NZ_SSOC01000001.1	12	369031 	369106 	His	GTG	0	0	74.5	
NZ_SSOC01000001.1	13	429841 	429916 	Gly	GCC	0	0	83.2	
NZ_SSOC01000001.1	14	429991 	430064 	Cys	GCA	0	0	65.0	
NZ_SSOC01000001.1	15	686015 	686090 	Gly	GCC	0	0	83.2	
NZ_SSOC01000001.1	16	724878 	724794 	Leu	TAA	0	0	80.3	
NZ_SSOC01000001.1	17	382291 	382216 	Asn	GTT	0	0	74.3	
NZ_SSOC01000001.1	18	382163 	382088 	Asn	GTT	0	0	75.5	
NZ_SSOC01000002.1	1	194815 	194899 	Leu	TAG	0	0	74.6	
NZ_SSOC01000003.1	1	150883 	150957 	Arg	CCT	0	0	69.6	
NZ_SSOC01000003.1	2	163097 	163187 	Ser	GGA	0	0	85.2	
NZ_SSOC01000003.1	3	264495 	264570 	Thr	TGT	0	0	86.3	
NZ_SSOC01000003.1	4	264633 	264709 	fMet	CAT	0	0	81.8	
NZ_SSOC01000003.1	5	307462 	307547 	Undet	NNN	0	0	28.6	pseudo
NZ_SSOC01000003.1	6	487337 	487438 	Undet	NNN	0	0	23.1	pseudo
NZ_SSOC01000003.1	7	628514 	628439 	Phe	GAA	0	0	79.8	
NZ_SSOC01000003.1	8	563317 	563242 	Thr	CGT	0	0	83.8	
NZ_SSOC01000003.1	9	513208 	513116 	Ser	CGA	0	0	80.1	
NZ_SSOC01000003.1	10	513058 	512982 	Arg	ACG	0	0	77.0	
NZ_SSOC01000003.1	11	496382 	496307 	Ala	CGC	0	0	79.3	
NZ_SSOC01000003.1	12	456364 	456288 	Val	GAC	0	0	85.1	
NZ_SSOC01000003.1	13	448733 	448657 	Pro	GGG	0	0	72.9	
NZ_SSOC01000003.1	14	433517 	433430 	Ser	TGA	0	0	82.8	
NZ_SSOC01000003.1	15	83494  	83418  	Pro	CGG	0	0	80.9	
NZ_SSOC01000004.1	1	143779 	143875 	SeC	TCA	0	0	135.6	
NZ_SSOC01000004.1	2	534983 	534909 	Gly	CCC	0	0	67.7	
NZ_SSOC01000004.1	3	209077 	209001 	Arg	CCG	0	0	79.9	
NZ_SSOC01000005.1	1	271927 	272003 	Met	CAT	0	0	79.7	
NZ_SSOC01000005.1	2	290802 	290878 	Gln	TTG	0	0	75.9	
NZ_SSOC01000005.1	3	415811 	415727 	Tyr	GTA	0	0	75.7	
NZ_SSOC01000005.1	4	415646 	415573 	Gly	TCC	0	0	80.8	
NZ_SSOC01000005.1	5	415542 	415468 	Thr	GGT	0	0	78.5	
NZ_SSOC01000005.1	6	414146 	414071 	Trp	CCA	0	0	84.3	
NZ_SSOC01000006.1	1	118925 	118850 	Lys	TTT	0	0	83.0	
NZ_SSOC01000006.1	2	118810 	118735 	Lys	CTT	0	0	88.0	
NZ_SSOC01000008.1	1	29481  	29565  	Leu	CAG	0	0	69.6	
NZ_SSOC01000008.1	2	151586 	151662 	Ile2	CAT	0	0	87.2	
NZ_SSOC01000008.1	3	69194  	69110  	Leu	CAA	0	0	78.5	
NZ_SSOC01000009.1	1	48403  	48311  	Ser	GCT	0	0	90.3	
NZ_SSOC01000013.1	1	1685   	1761   	Ile	GAT	0	0	83.7	
NZ_SSOC01000013.1	2	1782   	1857   	Ala	TGC	0	0	86.3	
NZ_SJDU01000111.1	1	3467   	3549   	Tyr	GTA	0	0	50.4	
NZ_SJDU01000128.1	1	1040   	968    	Lys	TTT	0	0	75.4	
NZ_SJDU01000128.1	2	935    	862    	Glu	TTC	0	0	60.8	
NZ_SJDU01000139.1	1	1617   	1544   	Ile2	CAT	0	0	77.0	
NZ_SJDU01000139.1	2	1508   	1436   	Lys	CTT	0	0	68.8	
NZ_SJDU01000015.1	1	156    	239    	Leu	CAA	0	0	65.4	
NZ_SJDU01000015.1	2	9268   	9349   	Leu	GAG	0	0	55.7	
NZ_SJDU01000195.1	1	3735   	3649   	Ser	GCT	0	0	67.1	
NZ_SJDU01000020.1	1	7187   	7276   	SeC	TCA	0	0	63.3	
NZ_SJDU01000227.1	1	3146   	3067   	Leu	TAG	0	0	57.5	
NZ_SJDU01000026.1	1	12522  	12576  	Asn	GTT	0	0	27.1	
NZ_SJDU01000027.1	1	4059   	3975   	Leu	TAA	0	0	63.2	
NZ_SJDU01000030.1	1	5141   	5213   	Thr	CGT	0	0	76.6	
NZ_SJDU01000033.1	1	8344   	8272   	Thr	GGT	0	0	66.6	
NZ_SJDU01000033.1	2	4613   	4531   	Ser	TGA	0	0	66.9	
NZ_SJDU01000033.1	3	4520   	4448   	Arg	CCT	0	0	69.4	
NZ_SJDU01000347.1	1	1257   	1329   	fMet	CAT	0	0	71.1	
NZ_SJDU01000347.1	2	1334   	1407   	Met	CAT	0	0	59.7	
NZ_SJDU01000375.1	1	1565   	1494   	Gln	TTG	0	0	60.2	
NZ_SJDU01000038.1	1	10643  	10715  	Thr	TGT	0	0	70.9	
NZ_SJDU01000004.1	1	15703  	15774  	Gly	TCC	0	0	60.4	
NZ_SJDU01000444.1	1	1548   	1621   	Ala	GGC	0	0	70.4	
NZ_SJDU01000555.1	1	585    	513    	Gly	GCC	0	0	72.1	
NZ_SJDU01000565.1	1	693    	766    	Arg	GCG	0	0	60.1	
NZ_SJDU01000565.1	2	779    	863    	Ser	GGA	0	0	60.4	
NZ_SJDU01000058.1	1	4535   	4607   	Phe	GAA	0	0	70.0	
NZ_SJDU01000078.1	1	4      	68     	Arg	TCT	0	0	52.4	
NZ_SJDU01000078.1	2	97     	172    	His	GTG	0	0	69.3	
NZ_SJDU01000078.1	3	210    	283    	Arg	TCG	0	0	68.0	
NZ_SJDU01000078.1	4	2882   	2810   	Val	TAC	0	0	75.5	
NZ_SJDU01000079.1	1	5656   	5730   	Ile	GAT	0	0	71.4	
NZ_SJDU01000079.1	2	5781   	5854   	Ala	TGC	0	0	70.5	
NZ_CP040825.1	1	6975   	7049   	Cys	GCA	0	0	69.1	
NZ_CP040825.1	2	7058   	7134   	Arg	ACG	0	0	74.5	
NZ_CP040825.1	3	7216   	7289   	Gly	TCC	0	0	74.3	
NZ_CP040825.1	4	29812  	29888  	Arg	TCT	0	0	71.3	
NZ_CP040825.1	5	98037  	98112  	Lys	CTT	0	0	77.6	
NZ_CP040825.1	6	142435 	142510 	His	GTG	0	0	69.9	
NZ_CP040825.1	7	487068 	487150 	Tyr	GTA	0	0	62.7	
NZ_CP040825.1	8	487156 	487230 	Gln	TTG	0	0	63.8	
NZ_CP040825.1	9	529509 	529594 	Leu	TAA	0	0	75.7	
NZ_CP040825.1	10	529601 	529676 	Lys	TTT	0	0	78.9	
NZ_CP040825.1	11	735437 	735511 	Thr	GGT	0	0	77.1	
NZ_CP040825.1	12	780975 	781051 	Pro	TGG	0	0	81.5	
NZ_CP040825.1	13	781059 	781135 	Ala	TGC	0	0	81.0	
NZ_CP040825.1	14	781141 	781217 	Met	CAT	0	0	81.1	
NZ_CP040825.1	15	781246 	781321 	Ile2	CAT	0	0	85.3	
NZ_CP040825.1	16	781324 	781416 	Ser	TGA	0	0	77.0	
NZ_CP040825.1	17	781443 	781517 	fMet	CAT	0	0	73.2	
NZ_CP040825.1	18	781521 	781597 	Asp	GTC	0	0	75.8	
NZ_CP040825.1	19	781603 	781678 	Phe	GAA	0	0	78.1	
NZ_CP040825.1	20	549949 	549875 	Sup	TCA	0	0	73.8	
NZ_CP040825.1	21	529983 	529907 	Ile	GAT	0	0	82.2	
NZ_CP040825.1	22	406215 	406141 	Asn	GTT	0	0	79.5	
NZ_CP040825.1	23	406134 	406059 	Glu	TTC	0	0	62.1	
NZ_CP040825.1	24	406053 	405978 	Val	TAC	0	0	81.6	
NZ_CP040825.1	25	405976 	405901 	Thr	TGT	0	0	91.8	
NZ_CP040825.1	26	405865 	405782 	Leu	TAG	0	0	68.6	
NZ_CP040825.1	27	384318 	384235 	Leu	CAA	0	0	72.3	
NZ_CP040825.1	28	165492 	165402 	Ser	GCT	0	0	64.0	
NZ_CP040825.1	29	117566 	117493 	Trp	CCA	0	0	57.4	
NZ_CP040825.1	30	99845  	99772  	Thr	CGT	0	0	71.5	
NZ_CP041614.1	1	814907 	814982 	Gly	GCC	0	0	82.7	
NZ_CP041614.1	2	815153 	815228 	Gly	GCC	0	0	82.7	
NZ_CP041614.1	3	815243 	815340 	Gly	ACC	0	0	33.5	
NZ_CP041614.1	4	815389 	815464 	Gly	GCC	0	0	82.7	
NZ_CP041614.1	5	815626 	815701 	Gly	GCC	0	0	82.7	
NZ_CP041614.1	6	1405708	1405784	Trp	CCA	0	0	72.4	
NZ_CP041614.1	7	1434510	1434586	Met	CAT	0	0	76.3	
NZ_CP041614.1	8	1434725	1434809	Leu	TAG	0	0	59.2	
NZ_CP041614.1	9	1434857	1434931	Gln	TTG	0	0	68.6	
NZ_CP041614.1	10	1434964	1435038	Gln	TTG	0	0	68.6	
NZ_CP041614.1	11	1435074	1435150	Met	CAT	0	0	76.3	
NZ_CP041614.1	12	1435260	1435344	Leu	TAG	0	0	59.2	
NZ_CP041614.1	13	1435418	1435492	Gln	TTG	0	0	68.6	
NZ_CP041614.1	14	1435609	1435693	Leu	TAG	0	0	66.5	
NZ_CP041614.1	15	1435949	1436033	Leu	TAG	0	0	60.0	
NZ_CP041614.1	16	1534280	1534365	Leu	GAG	0	0	61.1	
NZ_CP041614.1	17	1534466	1534542	fMet	CAT	0	0	78.0	
NZ_CP041614.1	18	1718911	1719002	Ser	GCT	0	0	88.8	
NZ_CP041614.1	19	1719024	1719100	Arg	ACG	0	0	86.3	
NZ_CP041614.1	20	1719136	1719212	Arg	ACG	0	0	86.3	
NZ_CP041614.1	21	1719249	1719325	Arg	ACG	0	0	86.3	
NZ_CP041614.1	22	1719410	1719486	Arg	ACG	0	0	86.3	
NZ_CP041614.1	23	1719508	1719599	Ser	GCT	0	0	88.8	
NZ_CP041614.1	24	1719717	1719793	Arg	ACG	0	0	86.3	
NZ_CP041614.1	25	1719824	1719900	Arg	ACG	0	0	86.3	
NZ_CP041614.1	26	1719954	1720030	Arg	ACG	0	0	86.3	
NZ_CP041614.1	27	2320808	2320883	Ala	GGC	0	0	73.9	
NZ_CP041614.1	28	2321034	2321109	Glu	TTC	0	0	63.0	
NZ_CP041614.1	29	2321409	2321484	Glu	TTC	0	0	63.0	
NZ_CP041614.1	30	2321633	2321708	Glu	TTC	0	0	63.0	
NZ_CP041614.1	31	2322009	2322084	Glu	TTC	0	0	63.0	
NZ_CP041614.1	32	2322383	2322458	Glu	TTC	0	0	63.0	
NZ_CP041614.1	33	2322594	2322669	Glu	TTC	0	0	63.0	
NZ_CP041614.1	34	2322807	2322882	Glu	TTC	0	0	63.0	
NZ_CP041614.1	35	2323019	2323094	Glu	TTC	0	0	63.0	
NZ_CP041614.1	36	2323134	2323209	Ala	GGC	0	0	73.9	
NZ_CP041614.1	37	2323320	2323395	Ala	GGC	0	0	73.9	
NZ_CP041614.1	38	2551187	2551263	Ile	GAT	0	0	79.2	
NZ_CP041614.1	39	2551417	2551492	Ala	TGC	0	0	79.1	
NZ_CP041614.1	40	2667698	2667773	Lys	TTT	0	0	93.7	
NZ_CP041614.1	41	2667892	2667967	Lys	TTT	0	0	93.7	
NZ_CP041614.1	42	2668008	2668100	Undet	NNN	0	0	33.9	
NZ_CP041614.1	43	2668223	2668298	Lys	TTT	0	0	93.7	
NZ_CP041614.1	44	2668354	2668429	Lys	TTT	0	0	93.7	
NZ_CP041614.1	45	2668478	2668564	Undet	NNN	0	0	17.7	
NZ_CP041614.1	46	2668625	2668700	Lys	TTT	0	0	93.7	
NZ_CP041614.1	47	2668742	2668833	Undet	NNN	0	0	36.1	
NZ_CP041614.1	48	2668890	2668965	Lys	TTT	0	0	93.7	
NZ_CP041614.1	49	2669021	2669096	Lys	TTT	0	0	93.7	
NZ_CP041614.1	50	2669153	2669228	Lys	TTT	0	0	93.7	
NZ_CP041614.1	51	2761719	2761809	Ser	TGA	0	0	80.7	
NZ_CP041614.1	52	2766102	2766177	Gly	GCC	0	0	82.7	
NZ_CP041614.1	53	2766369	2766442	Cys	GCA	0	0	59.5	
NZ_CP041614.1	54	2766530	2766615	Leu	TAA	0	0	66.3	
NZ_CP041614.1	55	3223349	3223424	Gly	GCC	0	0	82.7	
NZ_CP041614.1	56	3223510	3223583	Cys	GCA	0	0	59.5	
NZ_CP041614.1	57	3223666	3223751	Leu	TAA	0	0	66.3	
NZ_CP041614.1	58	3392563	3392639	fMet	CAT	0	0	74.2	
NZ_CP041614.1	59	3392647	3392723	Val	GAC	0	0	82.2	
NZ_CP041614.1	60	3392888	3392964	Val	GAC	0	0	82.2	
NZ_CP041614.1	61	3393159	3393235	fMet	CAT	0	0	74.2	
NZ_CP041614.1	62	3393280	3393356	fMet	CAT	0	0	74.2	
NZ_CP041614.1	63	3393550	3393626	fMet	CAT	0	0	74.2	
NZ_CP041614.1	64	3393671	3393747	fMet	CAT	0	0	74.2	
NZ_CP041614.1	65	3393792	3393868	fMet	CAT	0	0	74.2	
NZ_CP041614.1	66	3393913	3393989	fMet	CAT	0	0	74.2	
NZ_CP041614.1	67	3394034	3394110	fMet	CAT	0	0	74.2	
NZ_CP041614.1	68	3394155	3394231	fMet	CAT	0	0	74.2	
NZ_CP041614.1	69	3394276	3394352	fMet	CAT	0	0	74.2	
NZ_CP041614.1	70	3394373	3394449	Val	GAC	0	0	82.2	
NZ_CP041614.1	71	3452296	3452380	Tyr	GTA	0	0	77.6	
NZ_CP041614.1	72	3452412	3452496	Tyr	GTA	0	0	77.6	
NZ_CP041614.1	73	3452591	3452675	Tyr	GTA	0	0	77.6	
NZ_CP041614.1	74	3452772	3452856	Tyr	GTA	0	0	77.6	
NZ_CP041614.1	75	3459547	3459622	Asn	GTT	0	0	76.3	
NZ_CP041614.1	76	3459668	3459743	Asn	GTT	0	0	76.9	
NZ_CP041614.1	77	3459778	3459853	Asn	GTT	0	0	76.3	
NZ_CP041614.1	78	3459882	3459957	Asn	GTT	0	0	76.3	
NZ_CP041614.1	79	3459995	3460070	Asn	GTT	0	0	76.3	
NZ_CP041614.1	80	3460102	3460177	Asn	GTT	0	0	76.3	
NZ_CP041614.1	81	4862339	4862414	Phe	GAA	0	0	76.8	
NZ_CP041614.1	82	4862422	4862497	Thr	TGT	0	0	87.3	
NZ_CP041614.1	83	4862949	4863024	Phe	GAA	0	0	76.8	
NZ_CP041614.1	84	4863061	4863136	Thr	TGT	0	0	87.3	
NZ_CP041614.1	85	4863321	4863420	Undet	NNN	0	0	40.2	
NZ_CP041614.1	86	6366838	6366762	Asp	GTC	0	0	93.0	
NZ_CP041614.1	87	6158139	6158063	Ile	GAT	0	0	79.2	
NZ_CP041614.1	88	6157927	6157852	Ala	TGC	0	0	79.1	
NZ_CP041614.1	89	6154248	6154172	Asp	GTC	0	0	93.0	
NZ_CP041614.1	90	6150557	6150482	Thr	TGT	0	0	87.3	
NZ_CP041614.1	91	6150474	6150390	Tyr	GTA	0	0	77.6	
NZ_CP041614.1	92	6150354	6150281	Gly	TCC	0	0	69.1	
NZ_CP041614.1	93	5981942	5981866	Ile	GAT	0	0	79.2	
NZ_CP041614.1	94	5981730	5981655	Ala	TGC	0	0	79.1	
NZ_CP041614.1	95	5892119	5892029	Ser	TGA	0	0	80.4	
NZ_CP041614.1	96	5779488	5779412	Arg	CCG	0	0	82.8	
NZ_CP041614.1	97	5779357	5779282	His	GTG	0	0	70.9	
NZ_CP041614.1	98	5779072	5778996	Pro	TGG	0	0	77.3	
NZ_CP041614.1	99	5778799	5778723	Pro	TGG	0	0	77.3	
NZ_CP041614.1	100	5493292	5493208	Leu	CAA	0	0	64.9	
NZ_CP041614.1	101	5485621	5485546	Thr	GGT	0	0	80.0	
NZ_CP041614.1	102	4319033	4318957	Pro	TGG	0	0	77.3	
NZ_CP041614.1	103	4318766	4318690	Arg	TCT	0	0	96.4	
NZ_CP041614.1	104	4318681	4318606	His	GTG	0	0	70.9	
NZ_CP041614.1	105	3520239	3520163	Asp	GTC	0	0	93.0	
NZ_CP041614.1	106	3520094	3520008	Asp	GTC	0	0	31.5	pseudo
NZ_CP041614.1	107	3519985	3519909	Asp	GTC	0	0	93.0	
NZ_CP041614.1	108	3407387	3407303	Tyr	GTA	0	0	77.6	
NZ_CP041614.1	109	3370670	3370580	Ser	TGA	0	0	80.7	
NZ_CP041614.1	110	2982241	2982151	Ser	GGA	0	0	69.8	
NZ_CP041614.1	111	2584768	2584692	Pro	GGG	0	0	71.7	
NZ_CP041614.1	112	2318758	2318683	Val	TAC	0	0	82.8	
NZ_CP041614.1	113	2318619	2318544	Val	TAC	0	0	82.8	
NZ_CP041614.1	114	2318480	2318405	Val	TAC	0	0	82.8	
NZ_CP041614.1	115	2318341	2318266	Val	TAC	0	0	82.8	
NZ_CP041614.1	116	2318203	2318128	Val	TAC	0	0	82.8	
NZ_CP041614.1	117	2318065	2317990	Val	TAC	0	0	82.8	
NZ_CP041614.1	118	2152531	2152456	Arg	CCT	0	0	58.4	
NZ_CP041614.1	119	2067051	2066958	Undet	NNN	0	0	26.6	pseudo
NZ_CP041614.1	120	1391094	1391019	Phe	GAA	0	0	76.8	
NZ_CP041614.1	121	1308327	1308251	Ile2	CAT	0	0	79.5	
NZ_CP041614.1	122	1108497	1108411	Leu	CAG	0	0	71.6	
NZ_CP036290.1	1	41557  	41633  	Val	TAC	0	0	85.4	
NZ_CP036290.1	2	283153 	283229 	Arg	CCT	0	0	85.1	
NZ_CP036290.1	3	1579168	1579242	Gly	GCC	0	0	85.1	
NZ_CP036290.1	4	1585470	1585547	Pro	GGG	0	0	70.4	
NZ_CP036290.1	5	1632746	1632822	Ile2	CAT	0	0	83.4	
NZ_CP036290.1	6	1721468	1721544	Asp	GTC	0	0	86.6	
NZ_CP036290.1	7	1977625	1977699	Gln	TTG	0	0	62.7	
NZ_CP036290.1	8	2010378	2010452	Thr	CGT	0	0	86.8	
NZ_CP036290.1	9	2109311	2109387	Met	CAT	0	0	81.0	
NZ_CP036290.1	10	2320091	2320167	fMet	CAT	0	0	77.7	
NZ_CP036290.1	11	2402148	2402224	Lys	TTT	0	0	86.0	
NZ_CP036290.1	12	2407053	2407130	Glu	TTC	0	0	67.5	
NZ_CP036290.1	13	2806521	2806607	Leu	CAG	0	0	66.2	
NZ_CP036290.1	14	2811074	2811151	Trp	CCA	0	0	78.5	
NZ_CP036290.1	15	2845773	2845848	Asn	GTT	0	0	80.1	
NZ_CP036290.1	16	3004916	3005004	Leu	TAA	0	0	80.8	
NZ_CP036290.1	17	3624470	3624556	Leu	AAG	0	0	74.7	
NZ_CP036290.1	18	4439246	4439321	Phe	GAA	0	0	90.7	
NZ_CP036290.1	19	4359217	4359142	Val	CAC	0	0	74.0	
NZ_CP036290.1	20	3895754	3895678	Ile	GAT	0	0	91.0	
NZ_CP036290.1	21	3895615	3895540	Ala	TGC	0	0	86.9	
NZ_CP036290.1	22	3843723	3843648	Thr	TGT	0	0	89.9	
NZ_CP036290.1	23	3843297	3843213	Tyr	GTA	0	0	73.3	
NZ_CP036290.1	24	3842989	3842915	Gly	TCC	0	0	87.3	
NZ_CP036290.1	25	3842730	3842656	Thr	GGT	0	0	87.9	
NZ_CP036290.1	26	3789675	3789599	Arg	ACG	0	0	78.8	
NZ_CP036290.1	27	3788503	3788416	Ser	CGA	0	0	75.4	
NZ_CP036290.1	28	3788293	3788204	Ser	GGA	0	0	70.2	
NZ_CP036290.1	29	3386583	3386485	SeC	TCA	0	0	115.9	
NZ_CP036290.1	30	3269655	3269579	Pro	CGG	0	0	83.7	
NZ_CP036290.1	31	3004825	3004749	Cys	GCA	0	0	77.7	
NZ_CP036290.1	32	2932611	2932535	His	GTG	0	0	71.9	
NZ_CP036290.1	33	2805509	2805418	Val	GAC	0	0	26.0	pseudo
NZ_CP036290.1	34	2772577	2772492	Leu	CAA	0	0	72.9	
NZ_CP036290.1	35	2639121	2639045	Val	GAC	0	0	85.6	
NZ_CP036290.1	36	2567248	2567173	Pro	TGG	0	0	77.9	
NZ_CP036290.1	37	2567160	2567084	Arg	TCT	0	0	85.8	
NZ_CP036290.1	38	2529235	2529160	Ala	GGC	0	0	80.4	
NZ_CP036290.1	39	1723681	1723606	Ala	CGC	0	0	84.8	
NZ_CP036290.1	40	1525625	1525550	Gly	CCC	0	0	92.4	
NZ_CP036290.1	41	1503818	1503704	Gly	CCC	0	0	23.3	pseudo
NZ_CP036290.1	42	1466270	1466189	Undet	NNN	0	0	20.5	pseudo
NZ_CP036290.1	43	1439307	1439198	Undet	NNN	0	0	25.5	pseudo
NZ_CP036290.1	44	1425100	1425036	Gly	CCC	0	0	27.5	pseudo
NZ_CP036290.1	45	1016548	1016461	Ser	TGA	0	0	75.8	
NZ_CP036290.1	46	1016295	1016204	Ser	GCT	0	0	85.1	
NZ_CP036290.1	47	554300 	554216 	Gly	TCC	0	0	29.6	pseudo
NZ_CP036290.1	48	141286 	141210 	Arg	CCG	0	0	86.1	
NZ_CP042305.1	1	207743 	207816 	Pro	GGG	0	0	72.9	
NZ_CP042305.1	2	404536 	404621 	Leu	GAG	0	0	57.3	
NZ_CP042305.1	3	510398 	510480 	Leu	CAA	0	0	71.3	
NZ_CP042305.1	4	589608 	589683 	Val	CAC	0	0	81.3	
NZ_CP042305.1	5	787175 	787245 	Gly	TCC	0	0	77.9	
NZ_CP042305.1	6	813343 	813418 	His	GTG	0	0	71.7	
NZ_CP042305.1	7	1086742	1086814	Lys	CTT	0	0	71.3	
NZ_CP042305.1	8	1104025	1104100	Undet	NNN	0	0	20.6	
NZ_CP042305.1	9	1141962	1142043	Leu	TAG	0	0	60.3	
NZ_CP042305.1	10	1167295	1167368	fMet	CAT	0	0	77.0	
NZ_CP042305.1	11	1809417	1809489	Lys	TTT	0	0	74.7	
NZ_CP042305.1	12	2298286	2298358	Glu	TTC	0	0	67.0	
NZ_CP042305.1	13	2298407	2298480	Asp	GTC	0	0	78.2	
NZ_CP042305.1	14	2298544	2298616	Phe	GAA	0	0	66.1	
NZ_CP042305.1	15	2634887	2634960	Gly	CCC	0	0	80.9	
NZ_CP042305.1	16	2803423	2803496	Ile	GAT	0	0	74.4	
NZ_CP042305.1	17	2803639	2803711	Ala	TGC	0	0	85.0	
NZ_CP042305.1	18	2820567	2820652	Leu	CAG	0	0	52.3	
NZ_CP042305.1	19	3090376	3090460	Ser	TGA	0	0	65.0	
NZ_CP042305.1	20	3174713	3174804	Ser	GCT	0	0	84.3	
NZ_CP042305.1	21	3204238	3204321	Ser	GCT	0	0	38.3	
NZ_CP042305.1	22	3244301	3244376	Arg	ACG	0	0	83.7	
NZ_CP042305.1	23	3498111	3498192	Tyr	GTA	0	0	63.7	
NZ_CP042305.1	24	3532425	3532499	Thr	GGT	0	0	77.0	
NZ_CP042305.1	25	3532539	3532612	Met	CAT	0	0	69.1	
NZ_CP042305.1	26	3570959	3571031	Trp	CCA	0	0	82.8	
NZ_CP042305.1	27	3898929	3899004	Thr	CGT	0	0	85.4	
NZ_CP042305.1	28	4118110	4118035	Arg	CCG	0	0	84.2	
NZ_CP042305.1	29	3875042	3874969	Pro	CGG	0	0	74.7	
NZ_CP042305.1	30	3746335	3746248	Ser	GGA	0	0	75.9	
NZ_CP042305.1	31	3109418	3109361	Undet	NNN	0	0	38.2	
NZ_CP042305.1	32	2247612	2247523	Ser	CGA	0	0	82.2	
NZ_CP042305.1	33	1777784	1777709	Thr	TGT	0	0	86.8	
NZ_CP042305.1	34	1737694	1737623	Arg	CCT	0	0	61.7	
NZ_CP042305.1	35	1696776	1696704	Ala	CGC	0	0	73.8	
NZ_CP042305.1	36	1396401	1396330	Gln	TTG	0	0	60.2	
NZ_CP042305.1	37	1334525	1334452	Leu	TAA	0	0	60.6	
NZ_CP042305.1	38	1055093	1055022	Gln	CTG	0	0	53.6	
NZ_CP042305.1	39	961321 	961246 	Glu	CTC	0	0	69.1	
NZ_CP042305.1	40	942777 	942702 	Glu	CTC	0	0	23.5	pseudo
NZ_CP042305.1	41	812295 	812223 	Arg	TCT	0	0	71.6	
NZ_CP042305.1	42	787009 	786935 	Pro	TGG	0	0	78.5	
NZ_CP042305.1	43	751415 	751340 	Ala	GGC	0	0	81.0	
NZ_CP042305.1	44	689536 	689464 	Asn	GTT	0	0	65.4	
NZ_CP042305.1	45	683108 	683035 	Ile2	CAT	0	0	77.9	
NZ_CP042305.1	46	649267 	649195 	Val	TAC	0	0	71.4	
NZ_CP042305.1	47	589413 	589341 	Gly	GCC	0	0	81.2	
NZ_CP042305.1	48	589278 	589205 	Cys	GCA	0	0	77.9	
NZ_CP042305.1	49	589164 	589093 	Val	GAC	0	0	73.9	
NZ_CP043026.1	1	132859 	132916 	Ser	CGA	0	0	25.3	
NZ_CP043026.1	2	203592 	203667 	Asn	GTT	0	0	89.6	
NZ_CP043026.1	3	203676 	203751 	Glu	TTC	0	0	65.4	
NZ_CP043026.1	4	203768 	203843 	Val	TAC	0	0	79.9	
NZ_CP043026.1	5	203853 	203928 	Thr	TGT	0	0	84.5	
NZ_CP043026.1	6	208694 	208769 	Lys	TTT	0	0	76.8	
NZ_CP043026.1	7	208778 	208862 	Leu	TAG	0	0	68.4	
NZ_CP043026.1	8	241962 	242036 	Cys	GCA	0	0	64.7	
NZ_CP043026.1	9	242337 	242413 	Arg	ACG	0	0	77.4	
NZ_CP043026.1	10	242459 	242535 	Pro	TGG	0	0	83.1	
NZ_CP043026.1	11	242562 	242637 	Ala	TGC	0	0	83.8	
NZ_CP043026.1	12	242643 	242719 	Met	CAT	0	0	78.9	
NZ_CP043026.1	13	242736 	242812 	Ile2	CAT	0	0	85.3	
NZ_CP043026.1	14	242862 	242954 	Ser	TGA	0	0	84.5	
NZ_CP043026.1	15	242960 	243035 	fMet	CAT	0	0	82.8	
NZ_CP043026.1	16	243040 	243116 	Asp	GTC	0	0	79.8	
NZ_CP043026.1	17	243125 	243200 	Phe	GAA	0	0	74.4	
NZ_CP043026.1	18	257515 	257591 	Ile	GAT	0	0	75.5	
NZ_CP043026.1	19	355137 	355227 	Ser	GCT	0	0	85.6	
NZ_CP043026.1	20	523913 	523989 	Arg	TCT	0	0	76.4	
NZ_CP043026.1	21	605487 	605560 	Gly	TCC	0	0	76.2	
NZ_CP043026.1	22	1129384	1129466	Leu	CAA	0	0	68.3	
NZ_CP043026.1	23	1187718	1187643	His	GTG	0	0	69.5	
NZ_CP043026.1	24	1183184	1183109	Sup	TCA	0	0	81.5	
NZ_CP043026.1	25	1183068	1182993	Trp	CCA	0	0	81.4	
NZ_CP043026.1	26	997156 	997081 	Thr	AGT	0	0	88.8	
NZ_CP043026.1	27	997075 	996992 	Tyr	GTA	0	0	65.8	
NZ_CP043026.1	28	996986 	996912 	Gln	TTG	0	0	71.1	
NZ_CP043026.1	29	996892 	996817 	Lys	TTT	0	0	76.8	
NZ_CP043026.1	30	996802 	996714 	Leu	TAA	0	0	70.4	
NZ_CP043026.1	31	229369 	229273 	Undet	NNN	0	0	68.6	
NZ_CP043329.1	1	8406   	8479   	Ile	GAT	0	0	71.6	
NZ_CP043329.1	2	8568   	8641   	Ala	TGC	0	0	76.5	
NZ_CP043329.1	3	316614 	316686 	Thr	TGT	0	0	75.7	
NZ_CP043329.1	4	316696 	316775 	Tyr	GTA	0	0	56.2	
NZ_CP043329.1	5	316786 	316858 	Gly	TCC	0	0	83.0	
NZ_CP043329.1	6	316924 	316995 	Thr	GGT	0	0	75.0	
NZ_CP043329.1	7	318308 	318378 	Trp	CCA	0	0	63.7	
NZ_CP043329.1	8	506043 	506124 	Leu	TAG	0	0	63.7	
NZ_CP043329.1	9	559784 	559866 	Leu	GAG	0	0	49.7	
NZ_CP043329.1	10	1277692	1277764	Gly	GCC	0	0	82.0	
NZ_CP043329.1	11	1277800	1277885	Leu	TAA	0	0	66.2	
NZ_CP043329.1	12	1277945	1278020	Gly	GCC	0	0	88.9	
NZ_CP043329.1	13	1278070	1278155	Leu	TAA	0	0	66.2	
NZ_CP043329.1	14	1338787	1338871	Ser	TGA	0	0	66.6	
NZ_CP043329.1	15	1386531	1386601	Cys	GCA	0	0	62.8	
NZ_CP043329.1	16	1406865	1406938	Arg	TCT	0	0	70.5	
NZ_CP043329.1	17	1782966	1783041	Lys	TTT	0	0	77.7	
NZ_CP043329.1	18	1783094	1783169	Lys	TTT	0	0	77.7	
NZ_CP043329.1	19	1995240	1995313	Ala	GGC	0	0	67.5	
NZ_CP043329.1	20	2205885	2205956	Glu	TTC	0	0	60.3	
NZ_CP043329.1	21	2327329	2327399	Gln	TTG	0	0	50.3	
NZ_CP043329.1	22	2962337	2962410	Asp	GTC	0	0	77.9	
NZ_CP043329.1	23	3386428	3386539	Asp	GTC	0	0	37.7	
NZ_CP043329.1	24	3799299	3799372	Pro	TGG	0	0	69.6	
NZ_CP043329.1	25	3779139	3779053	Ser	GGA	0	0	75.6	
NZ_CP043329.1	26	2786146	2786075	Arg	CCT	0	0	64.0	
NZ_CP043329.1	27	2785753	2785689	Arg	CCT	0	0	31.9	
NZ_CP043329.1	28	2542206	2542134	fMet	CAT	0	0	66.1	
NZ_CP043329.1	29	2542082	2542011	Glu	TTC	0	0	54.4	
NZ_CP043329.1	30	2476991	2476914	Val	TAC	0	0	90.1	
NZ_CP043329.1	31	2476900	2476826	Val	TAC	0	0	81.6	
NZ_CP043329.1	32	2476276	2476204	Ile	TAT	0	0	40.4	
NZ_CP043329.1	33	2474747	2474675	Ile	TAT	0	0	40.4	
NZ_CP043329.1	34	2474389	2474317	Ile	TAT	0	0	40.4	
NZ_CP043329.1	35	2474031	2473959	Ile	TAT	0	0	40.4	
NZ_CP043329.1	36	2473673	2473601	Ile	TAT	0	0	40.4	
NZ_CP043329.1	37	2473315	2473243	Ile	TAT	0	0	40.4	
NZ_CP043329.1	38	2472957	2472885	Ile	TAT	0	0	40.4	
NZ_CP043329.1	39	2472599	2472527	Ile	TAT	0	0	40.4	
NZ_CP043329.1	40	2446756	2446683	Asn	GTT	0	0	75.9	
NZ_CP043329.1	41	2417052	2416979	Asn	GTT	0	0	75.9	
NZ_CP043329.1	42	2271733	2271660	Arg	ACG	0	0	69.6	
NZ_CP043329.1	43	2188708	2188633	Phe	GAA	0	0	73.4	
NZ_CP043329.1	44	2065469	2065396	Ile	GAT	0	0	71.6	
NZ_CP043329.1	45	2065307	2065234	Ala	TGC	0	0	76.5	
NZ_CP043329.1	46	1861034	1860961	His	GTG	0	0	58.9	
NZ_CP043329.1	47	1803929	1803859	Cys	GCA	0	0	54.6	
NZ_CP043329.1	48	1753508	1753422	Ser	GCT	0	0	78.7	
NZ_CP043329.1	49	1659538	1659465	Ile	GAT	0	0	71.6	
NZ_CP043329.1	50	1659376	1659303	Ala	TGC	0	0	76.5	
NZ_CP043329.1	51	1603120	1603039	Leu	CAA	0	0	60.3	
NZ_CP043329.1	52	1330042	1329971	Arg	CCG	0	0	58.8	
NZ_CP043329.1	53	1105497	1105414	Ser	TGA	0	0	55.8	
NZ_CP043329.1	54	262886 	262813 	Met	CAT	0	0	66.3	
NZ_CP043329.1	55	81855  	81782  	Ile2	CAT	0	0	69.8	
NZ_CP044496.1	1	18071  	18143  	Thr	AGT	0	0	76.5	
NZ_CP044496.1	2	75571  	75643  	Asn	GTT	0	0	69.8	
NZ_CP044496.1	3	221712 	221784 	Thr	GGT	0	0	55.6	
NZ_CP044496.1	4	374941 	375015 	Gly	GCC	0	0	84.7	
NZ_CP044496.1	5	375053 	375126 	Pro	CGG	0	0	65.8	
NZ_CP044496.1	6	486060 	486134 	Ile	GAT	0	0	78.4	
NZ_CP044496.1	7	486185 	486257 	Ala	TGC	0	0	68.8	
NZ_CP044496.1	8	489495 	489567 	Val	TAC	0	0	70.5	
NZ_CP044496.1	9	489571 	489643 	Lys	TTT	0	0	76.0	
NZ_CP044496.1	10	489656 	489737 	Leu	TAG	0	0	57.2	
NZ_CP044496.1	11	489774 	489846 	Thr	TGT	0	0	72.2	
NZ_CP044496.1	12	489858 	489929 	Gly	GCC	0	0	77.8	
NZ_CP044496.1	13	489940 	490025 	Leu	TAA	0	0	69.6	
NZ_CP044496.1	14	490035 	490108 	Arg	ACG	0	0	68.5	
NZ_CP044496.1	15	490116 	490189 	Pro	TGG	0	0	81.1	
NZ_CP044496.1	16	490222 	490295 	Met	CAT	0	0	61.8	
NZ_CP044496.1	17	490309 	490382 	Ile2	CAT	0	0	77.9	
NZ_CP044496.1	18	490407 	490480 	fMet	CAT	0	0	64.3	
NZ_CP044496.1	19	490483 	490556 	Asp	GTC	0	0	61.2	
NZ_CP044496.1	20	490563 	490635 	Phe	GAA	0	0	67.1	
NZ_CP044496.1	21	490657 	490727 	Gly	TCC	0	0	65.0	
NZ_CP044496.1	22	490733 	490807 	Ile	GAT	0	0	78.4	
NZ_CP044496.1	23	490810 	490899 	Ser	GCT	0	0	57.3	
NZ_CP044496.1	24	491455 	491526 	Glu	TTC	0	0	55.0	
NZ_CP044496.1	25	491568 	491657 	Ser	TGA	0	0	78.3	
NZ_CP044496.1	26	491664 	491737 	fMet	CAT	0	0	64.3	
NZ_CP044496.1	27	491740 	491813 	Asp	GTC	0	0	61.2	
NZ_CP044496.1	28	491820 	491892 	Phe	GAA	0	0	67.1	
NZ_CP044496.1	29	491900 	491981 	Tyr	GTA	0	0	60.5	
NZ_CP044496.1	30	491987 	492057 	Trp	CCA	0	0	55.1	
NZ_CP044496.1	31	492071 	492143 	His	GTG	0	0	63.2	
NZ_CP044496.1	32	492151 	492222 	Gln	TTG	0	0	69.7	
NZ_CP044496.1	33	492246 	492316 	Cys	GCA	0	0	68.6	
NZ_CP044496.1	34	492354 	492438 	Leu	CAA	0	0	61.3	
NZ_CP044496.1	35	503832 	503906 	Ile	GAT	0	0	78.4	
NZ_CP044496.1	36	503957 	504029 	Ala	TGC	0	0	68.8	
NZ_CP044496.1	37	507273 	507345 	Asn	GTT	0	0	69.8	
NZ_CP044496.1	38	507353 	507443 	Ser	GGA	0	0	73.5	
NZ_CP044496.1	39	507473 	507545 	Val	TAC	0	0	70.5	
NZ_CP044496.1	40	507663 	507734 	Glu	TTC	0	0	63.7	
NZ_CP044496.1	41	507739 	507811 	Val	TAC	0	0	70.5	
NZ_CP044496.1	42	625960 	626033 	Arg	TCT	0	0	68.7	
NZ_CP044496.1	43	1154845	1154916	Arg	CCG	0	0	44.9	
NZ_CP044496.1	44	1600707	1600780	Arg	TCG	0	0	56.6	
NZ_CP044496.1	45	1600786	1600859	Pro	TGG	0	0	81.1	
NZ_CP044496.1	46	1388311	1388239	Asn	GTT	0	0	69.8	
NZ_CP044496.1	47	1366564	1366492	Thr	CGT	0	0	69.2	
NZ_CP044496.1	48	1351503	1351432	Gln	TTG	0	0	65.3	
NZ_CP044496.1	49	1346971	1346890	Tyr	GTA	0	0	60.5	
NZ_CP044496.1	50	1346884	1346813	Gln	TTG	0	0	65.3	
NZ_CP044496.1	51	1332578	1332493	Leu	AAG	0	0	59.1	
NZ_CP044496.1	52	1302086	1302014	Thr	CGT	0	0	65.2	
NZ_CP044496.1	53	1249183	1249111	Arg	CCT	0	0	64.5	
NZ_CP044496.1	54	1089051	1088980	Glu	CTC	0	0	59.7	
NZ_CP044496.1	55	1088970	1088899	Gln	CTG	0	0	45.5	
NZ_CP044496.1	56	738307 	738217 	Ser	CGA	0	0	73.5	
NZ_CP044496.1	57	519302 	519219 	Leu	CAG	0	0	56.8	
NZ_CP044496.1	58	283738 	283668 	Gly	CCC	0	0	51.5	
NZ_CP044496.1	59	95722  	95650  	Lys	CTT	0	0	77.4	
NZ_CP044496.1	60	93627  	93555  	Lys	CTT	0	0	77.4	
NZ_CP045725.1	1	86849  	86925  	Arg	TCT	0	0	72.0	
NZ_CP045725.1	2	95656  	95728  	His	GTG	0	0	62.6	
NZ_CP045725.1	3	160744 	160825 	Leu	TAG	0	0	62.6	
NZ_CP045725.1	4	666940 	667012 	Glu	TTC	0	0	64.7	
NZ_CP045725.1	5	708461 	708537 	Pro	CGG	0	0	81.6	
NZ_CP045725.1	6	748319 	748406 	Ser	GGA	0	0	65.8	
NZ_CP045725.1	7	1267783	1267858	Ala	TGC	0	0	90.7	
NZ_CP045725.1	8	1340093	1340166	Ile	GAT	0	0	76.4	
NZ_CP045725.1	9	1609529	1609611	Leu	CAG	0	0	69.2	
NZ_CP045725.1	10	1799068	1799141	Gly	CCC	0	0	83.0	
NZ_CP045725.1	11	2153814	2153886	Thr	CGT	0	0	73.7	
NZ_CP045725.1	12	2292538	2292613	Arg	CCT	0	0	79.0	
NZ_CP045725.1	13	2303727	2303799	Ala	CGC	0	0	75.9	
NZ_CP045725.1	14	2339849	2339930	Gln	TTG	0	0	59.9	
NZ_CP045725.1	15	2359608	2359680	Leu	TAA	0	0	65.0	
NZ_CP045725.1	16	2642968	2643040	Ala	GGC	0	0	75.2	
NZ_CP045725.1	17	2643113	2643188	Ala	GGC	0	0	82.0	
NZ_CP045725.1	18	2772672	2772745	Ile2	CAT	0	0	74.2	
NZ_CP045725.1	19	2792085	2792161	Val	TAC	0	0	90.7	
NZ_CP045725.1	20	3040937	3041010	Pro	GGG	0	0	74.2	
NZ_CP045725.1	21	3283217	3283288	Val	CAC	0	0	78.4	
NZ_CP045725.1	22	3490645	3490730	Leu	GAG	0	0	53.9	
NZ_CP045725.1	23	3632189	3632261	Pro	TGG	0	0	76.3	
NZ_CP045725.1	24	3639435	3639508	Gly	TCC	0	0	84.6	
NZ_CP045725.1	25	3414019	3413945	Gln	CTG	0	0	62.3	
NZ_CP045725.1	26	3413873	3413798	Glu	CTC	0	0	78.6	
NZ_CP045725.1	27	3413620	3413548	Glu	CTC	0	0	71.7	
NZ_CP045725.1	28	3282941	3282869	Gly	GCC	0	0	85.2	
NZ_CP045725.1	29	3282766	3282696	Cys	GCA	0	0	68.5	
NZ_CP045725.1	30	3282694	3282620	Val	GAC	0	0	83.5	
NZ_CP045725.1	31	3281679	3281607	Gly	GCC	0	0	85.2	
NZ_CP045725.1	32	3281543	3281473	Cys	GCA	0	0	67.3	
NZ_CP045725.1	33	3281471	3281397	Val	GAC	0	0	83.5	
NZ_CP045725.1	34	3236302	3236208	SeC	TCA	0	0	111.0	
NZ_CP045725.1	35	2881449	2881375	Arg	CCG	0	0	81.3	
NZ_CP045725.1	36	2858273	2858197	fMet	CAT	0	0	80.1	
NZ_CP045725.1	37	2769698	2769623	Asn	GTT	0	0	76.7	
NZ_CP045725.1	38	2664806	2664733	fMet	CAT	0	0	74.2	
NZ_CP045725.1	39	2592145	2592061	Leu	CAA	0	0	61.0	
NZ_CP045725.1	40	2269652	2269578	Thr	TGT	0	0	72.9	
NZ_CP045725.1	41	2083289	2083216	Asp	GTC	0	0	82.9	
NZ_CP045725.1	42	2083152	2083079	Phe	GAA	0	0	70.8	
NZ_CP045725.1	43	812347 	812261 	Ser	TGA	0	0	72.5	
NZ_CP045725.1	44	810120 	810027 	Ser	GCT	0	0	80.4	
NZ_CP045725.1	45	804570 	804495 	Arg	ACG	0	0	81.6	
NZ_CP045725.1	46	777083 	776996 	Ser	CGA	0	0	75.9	
NZ_CP045725.1	47	664370 	664298 	Lys	TTT	0	0	73.6	
NZ_CP045725.1	48	605497 	605416 	Tyr	GTA	0	0	68.9	
NZ_CP045725.1	49	605289 	605217 	Thr	GGT	0	0	67.2	
NZ_CP045725.1	50	605137 	605061 	Met	CAT	0	0	89.5	
NZ_CP045725.1	51	600783 	600711 	Trp	CCA	0	0	74.7	
NZ_CP045725.1	52	159191 	159116 	Lys	CTT	0	0	76.0	
NZ_CP046276.1	1	185926 	186005 	Leu	TAG	185953	185968	23.3	pseudo
NZ_CP046276.1	2	240026 	240101 	Asn	GTT	0	0	89.6	
NZ_CP046276.1	3	240110 	240185 	Glu	TTC	0	0	64.2	
NZ_CP046276.1	4	240206 	240281 	Val	TAC	0	0	79.9	
NZ_CP046276.1	5	240290 	240365 	Thr	TGT	0	0	84.5	
NZ_CP046276.1	6	240875 	240950 	Lys	TTT	0	0	78.6	
NZ_CP046276.1	7	240956 	241040 	Leu	TAG	0	0	74.3	
NZ_CP046276.1	8	255067 	255141 	Cys	GCA	0	0	64.7	
NZ_CP046276.1	9	255881 	255957 	Arg	ACG	0	0	77.0	
NZ_CP046276.1	10	256006 	256082 	Pro	TGG	0	0	83.1	
NZ_CP046276.1	11	256115 	256190 	Ala	TGC	0	0	83.8	
NZ_CP046276.1	12	256196 	256272 	Met	CAT	0	0	78.9	
NZ_CP046276.1	13	256291 	256367 	Ile2	CAT	0	0	87.8	
NZ_CP046276.1	14	256425 	256517 	Ser	TGA	0	0	84.5	
NZ_CP046276.1	15	256523 	256598 	fMet	CAT	0	0	86.3	
NZ_CP046276.1	16	256601 	256677 	Asp	GTC	0	0	79.7	
NZ_CP046276.1	17	256687 	256762 	Phe	GAA	0	0	74.4	
NZ_CP046276.1	18	260823 	260899 	Ile	GAT	0	0	76.9	
NZ_CP046276.1	19	304579 	304669 	Ser	GCT	0	0	82.4	
NZ_CP046276.1	20	443941 	444017 	Arg	TCT	0	0	76.4	
NZ_CP046276.1	21	563947 	564020 	Gly	TCC	0	0	76.2	
NZ_CP046276.1	22	1028233	1028317	Leu	CAA	0	0	69.1	
NZ_CP046276.1	23	1131213	1131138	His	GTG	0	0	68.0	
NZ_CP046276.1	24	1125540	1125465	Sup	TCA	0	0	80.5	
NZ_CP046276.1	25	1125425	1125350	Trp	CCA	0	0	80.8	
NZ_CP046276.1	26	884231 	884156 	Thr	AGT	0	0	88.8	
NZ_CP046276.1	27	884143 	884060 	Tyr	GTA	0	0	67.5	
NZ_CP046276.1	28	884054 	883980 	Gln	TTG	0	0	71.1	
NZ_CP046276.1	29	883961 	883886 	Lys	TTT	0	0	78.6	
NZ_CP046276.1	30	883872 	883784 	Leu	TAA	0	0	73.1	
NZ_CP046566.1	1	3177   	3250   	Asn	GTT	0	0	59.3	
NZ_CP046566.1	2	490951 	491022 	Arg	CCG	0	0	46.5	
NZ_CP046566.1	3	873932 	874020 	Ser	GCT	0	0	73.5	
NZ_CP046566.1	4	874639 	874712 	Pro	TGG	0	0	75.5	
NZ_CP046566.1	5	921725 	921798 	Ile	GAT	0	0	70.6	
NZ_CP046566.1	6	921893 	921966 	Ala	TGC	0	0	80.5	
NZ_CP046566.1	7	1334867	1334939	Thr	TGT	0	0	76.9	
NZ_CP046566.1	8	1335018	1335103	Tyr	GTA	0	0	73.3	
NZ_CP046566.1	9	1335210	1335282	Gly	TCC	0	0	75.3	
NZ_CP046566.1	10	1335371	1335445	Thr	GGT	0	0	85.3	
NZ_CP046566.1	11	1336831	1336901	Trp	CCA	0	0	70.6	
NZ_CP046566.1	12	1378665	1378736	Glu	TTC	0	0	63.1	
NZ_CP046566.1	13	1696484	1696557	Gly	GCC	0	0	73.2	
NZ_CP046566.1	14	1696633	1696721	Leu	TAA	0	0	69.9	
NZ_CP046566.1	15	1728364	1728437	Arg	ACG	0	0	56.9	
NZ_CP046566.1	16	1730932	1731005	Ile	GAT	0	0	70.6	
NZ_CP046566.1	17	1731100	1731173	Ala	TGC	0	0	80.5	
NZ_CP046566.1	18	1838355	1838428	Ala	GGC	0	0	66.7	
NZ_CP046566.1	19	1906013	1906083	Gln	TTG	0	0	49.6	
NZ_CP046566.1	20	2632888	2632971	Leu	CAA	0	0	69.3	
NZ_CP046566.1	21	2856020	2856093	His	GTG	0	0	60.4	
NZ_CP046566.1	22	3061861	3061987	Undet	NNN	0	0	23.4	
NZ_CP046566.1	23	4038426	4038498	Phe	GAA	0	0	66.8	
NZ_CP046566.1	24	4178159	4178230	Arg	CCT	0	0	61.7	
NZ_CP046566.1	25	4001609	4001536	Pro	CGG	0	0	72.6	
NZ_CP046566.1	26	3074083	3073997	Ser	GGA	0	0	78.8	
NZ_CP046566.1	27	2592138	2592066	Lys	TTT	0	0	73.5	
NZ_CP046566.1	28	2386268	2386197	fMet	CAT	0	0	73.9	
NZ_CP046566.1	29	2206415	2206280	Gly	CCC	0	0	60.4	
NZ_CP046566.1	30	2040359	2040276	Leu	CAG	0	0	56.3	
NZ_CP046566.1	31	1966322	1966248	Val	TAC	0	0	76.0	
NZ_CP046566.1	32	1929172	1929088	Ser	TGA	0	0	70.1	
NZ_CP046566.1	33	1826956	1826883	Asp	GTC	0	0	80.0	
NZ_CP046566.1	34	1694817	1694734	Leu	GAG	0	0	53.7	
NZ_CP046566.1	35	955044 	954971 	Met	CAT	0	0	71.2	
NZ_CP046566.1	36	925634 	925558 	Pro	GGG	0	0	75.4	
NZ_CP046566.1	37	168180 	168107 	Ile2	CAT	0	0	77.5	
NZ_CP046566.1	38	99103  	99023  	Leu	TAG	0	0	43.7	
NZ_WUJP01001131.1	1	542    	618    	fMet	CAT	0	0	74.9	
NZ_WUJP01000592.1	1	5604   	5679   	Ala	TGC	0	0	78.3	
NZ_WUJP01000703.1	1	1554   	1454   	Ser	CGA	0	0	25.7	pseudo
NZ_WUJP01000712.1	1	1655   	1730   	Arg	CCG	0	0	81.6	
NZ_WUJP01000727.1	1	3648   	3725   	Pro	GGG	0	0	74.5	
NZ_WUJP01000711.1	1	1858   	1783   	Ala	CGC	0	0	78.4	
NZ_WUJP01000754.1	1	9481   	9568   	Ser	GGA	0	0	85.2	
NZ_WUJP01000754.1	2	9695   	9796   	Leu	CAA	0	0	21.9	
NZ_WUJP01000754.1	3	4060   	3986   	Glu	CTC	0	0	67.6	
NZ_WUJP01000780.1	1	5648   	5734   	Leu	GAG	0	0	70.3	
NZ_WUJP01000770.1	1	3262   	3187   	Arg	ACG	0	0	78.2	
NZ_WUJP01000101.1	1	3126   	3052   	Cys	GCA	0	0	81.8	
NZ_WUJP01000101.1	2	970    	895    	Asn	GTT	0	0	79.7	
NZ_WUJP01000105.1	1	4800   	4874   	Lys	TTT	0	0	80.5	
NZ_WUJP01000011.1	1	8832   	8746   	Leu	CAG	0	0	74.9	
NZ_WUJP01000021.1	1	2955   	3028   	Gln	CTG	0	0	72.3	
NZ_WUJP01000039.1	1	3317   	3393   	Pro	CGG	0	0	85.0	
NZ_WUJP01000044.1	1	4751   	4667   	Leu	TAA	0	0	68.0	
NZ_WUJP01000068.1	1	2729   	2804   	Lys	CTT	0	0	89.4	
NZ_WUJP01000068.1	2	9534   	9459   	His	GTG	0	0	71.7	
NZ_WUJP01000068.1	3	2591   	2517   	Gly	CCC	0	0	85.5	
NZ_WUJP01000847.1	1	5470   	5383   	Ser	TGA	0	0	88.3	
NZ_WUJP01000873.1	1	5713   	5624   	Ser	CGA	0	0	78.7	
NZ_WUJP01000900.1	1	5287   	5194   	Ser	GCT	0	0	88.4	
NZ_WUJP01000909.1	1	4848   	4962   	Arg	ACG	0	0	31.4	
NZ_WUJP01000912.1	1	956    	1035   	Ser	CGA	0	0	24.2	pseudo
NZ_WUJP01000921.1	1	2370   	2445   	Arg	TCT	0	0	85.6	
NZ_WUJP01000114.1	1	4848   	4773   	Ile2	CAT	0	0	82.2	
NZ_WUJP01000220.1	1	3484   	3623   	Undet	NNN	0	0	25.2	pseudo
NZ_WUJP01000213.1	1	2481   	2567   	Leu	CAA	0	0	74.0	
NZ_WUJP01000214.1	1	30117  	30042  	Met	CAT	0	0	76.9	
NZ_WUJP01001011.1	1	922    	846    	Arg	CCT	0	0	86.0	
NZ_WUJP01001020.1	1	2152   	2228   	Pro	TGG	0	0	78.2	
NZ_WUJP01000291.1	1	6182   	6107   	Phe	GAA	0	0	87.9	
NZ_WUJP01001041.1	1	15093  	15018  	Trp	CCA	0	0	85.8	
NZ_WUJP01001048.1	1	292    	218    	Met	CAT	0	0	78.2	
NZ_WUJP01001054.1	1	5665   	5591   	Gln	TTG	0	0	71.9	
NZ_WUJP01000350.1	1	7051   	6976   	Ala	GGC	0	0	77.5	
NZ_WUJP01000356.1	1	2811   	2704   	Ser	CGA	0	0	21.0	pseudo
NZ_WUJP01000357.1	1	7961   	7887   	Val	GAC	0	0	82.3	
NZ_WUJP01000369.1	1	4813   	4887   	Val	TAC	0	0	78.8	
NZ_WUJP01000369.1	2	4670   	4594   	Asp	GTC	0	0	88.6	
NZ_WUJP01000370.1	1	3391   	3307   	Leu	TAG	0	0	77.2	
NZ_WUJP01000384.1	1	6919   	6994   	Thr	CGT	0	0	86.1	
NZ_WUJP01000389.1	1	2185   	2260   	Thr	TGT	0	0	86.2	
NZ_WUJP01000389.1	2	327    	242    	Tyr	GTA	0	0	81.0	
NZ_WUJP01000389.1	3	194    	121    	Gly	TCC	0	0	79.7	
NZ_WUJP01000434.1	1	5828   	5902   	Val	CAC	0	0	86.6	
NZ_WUJP01000397.1	1	16     	91     	Thr	GGT	0	0	85.4	
NZ_WUJP01001102.1	1	3061   	2985   	Ile	GAT	0	0	84.1	
NZ_WUJP01000510.1	1	15323  	15397  	Gly	GCC	0	0	86.6	
NZ_WUJP01000488.1	1	4886   	4811   	Glu	TTC	0	0	60.5	
NZ_CP035042.1	1	554782 	554858 	Ile	GAT	0	0	87.0	
NZ_CP035042.1	2	554969 	555044 	Ala	TGC	0	0	82.6	
NZ_CP035042.1	3	730304 	730396 	Ser	GCT	0	0	93.5	
NZ_CP035042.1	4	730430 	730506 	Arg	ACG	0	0	89.5	
NZ_CP035042.1	5	730599 	730675 	Arg	ACG	0	0	89.5	
NZ_CP035042.1	6	1084301	1084376	Lys	TTT	0	0	92.8	
NZ_CP035042.1	7	1084410	1084485	Lys	TTT	0	0	92.8	
NZ_CP035042.1	8	1145488	1145563	Val	TAC	0	0	88.9	
NZ_CP035042.1	9	1145618	1145694	Asp	GTC	0	0	90.7	
NZ_CP035042.1	10	1145724	1145800	Asp	GTC	0	0	90.7	
NZ_CP035042.1	11	1145854	1145930	Val	CAC	0	0	84.6	
NZ_CP035042.1	12	1145934	1146010	Asp	GTC	0	0	90.7	
NZ_CP035042.1	13	1247858	1247934	Ile2	CAT	0	0	88.9	
NZ_CP035042.1	14	1624781	1624856	Ala	GGC	0	0	73.8	
NZ_CP035042.1	15	1624887	1624962	Glu	TTC	0	0	67.8	
NZ_CP035042.1	16	1732108	1732183	Glu	TTC	0	0	67.8	
NZ_CP035042.1	17	1732233	1732307	Gly	GCC	0	0	88.7	
NZ_CP035042.1	18	1732408	1732482	Glu	TTC	0	0	61.8	
NZ_CP035042.1	19	1732541	1732615	Gly	GCC	0	0	88.7	
NZ_CP035042.1	20	1732636	1732711	Glu	TTC	0	0	66.5	
NZ_CP035042.1	21	1732757	1732831	Gly	GCC	0	0	88.7	
NZ_CP035042.1	22	1736907	1736994	Ser	GGA	0	0	77.8	
NZ_CP035042.1	23	2246771	2246847	Val	GAC	0	0	82.0	
NZ_CP035042.1	24	2246865	2246941	Val	GAC	0	0	79.8	
NZ_CP035042.1	25	2445889	2445965	Pro	TGG	0	0	83.6	
NZ_CP035042.1	26	2446033	2446109	Arg	TCT	0	0	83.0	
NZ_CP035042.1	27	2446234	2446308	His	GTG	0	0	76.3	
NZ_CP035042.1	28	2446352	2446426	His	GTG	0	0	76.3	
NZ_CP035042.1	29	2983607	2983681	Gly	GCC	0	0	88.7	
NZ_CP035042.1	30	2983776	2983849	Cys	GCA	0	0	62.9	
NZ_CP035042.1	31	2983889	2983975	Leu	TAA	0	0	77.5	
NZ_CP035042.1	32	3163767	3163851	Leu	TAG	0	0	70.8	
NZ_CP035042.1	33	3270992	3271068	Met	CAT	0	0	80.1	
NZ_CP035042.1	34	3355338	3355411	Gly	CCC	0	0	80.9	
NZ_CP035042.1	35	3626207	3626283	Arg	CCT	0	0	84.4	
NZ_CP035042.1	36	4371138	4371214	Pro	CGG	0	0	81.8	
NZ_CP035042.1	37	4741608	4741703	Tyr	GTA	0	0	24.5	pseudo
NZ_CP035042.1	38	4856408	4856503	SeC	TCA	0	0	123.4	
NZ_CP035042.1	39	4889379	4889303	Arg	CCG	0	0	89.5	
NZ_CP035042.1	40	4716410	4716324	Leu	GAG	0	0	67.4	
NZ_CP035042.1	41	4716191	4716115	fMet	CAT	0	0	70.2	
NZ_CP035042.1	42	4681788	4681712	Ile	GAT	0	0	87.0	
NZ_CP035042.1	43	4681596	4681521	Ala	TGC	0	0	82.6	
NZ_CP035042.1	44	4661536	4661461	Phe	GAA	0	0	81.6	
NZ_CP035042.1	45	4661454	4661380	Gln	TTG	0	0	66.8	
NZ_CP035042.1	46	4661331	4661256	Thr	TGT	0	0	89.5	
NZ_CP035042.1	47	4432978	4432902	Ile	GAT	0	0	87.0	
NZ_CP035042.1	48	4432815	4432740	Ala	TGC	0	0	82.6	
NZ_CP035042.1	49	4427102	4427019	Tyr	GTA	0	0	77.0	
NZ_CP035042.1	50	4426972	4426899	Gly	TCC	0	0	85.1	
NZ_CP035042.1	51	4426858	4426784	Thr	GGT	0	0	79.3	
NZ_CP035042.1	52	4426640	4426565	Trp	CCA	0	0	87.0	
NZ_CP035042.1	53	4255701	4255615	Leu	CAA	0	0	78.0	
NZ_CP035042.1	54	3418919	3418843	Ile	GAT	0	0	87.0	
NZ_CP035042.1	55	3418732	3418657	Ala	TGC	0	0	82.6	
NZ_CP035042.1	56	3278560	3278484	Met	CAT	0	0	78.4	
NZ_CP035042.1	57	3278350	3278275	Asn	GTT	0	0	84.7	
NZ_CP035042.1	58	3278244	3278169	Asn	GTT	0	0	83.9	
NZ_CP035042.1	59	3278068	3277993	Asn	GTT	0	0	84.7	
NZ_CP035042.1	60	2980149	2980074	Ala	GGC	0	0	73.9	
NZ_CP035042.1	61	2688124	2688048	Pro	GGG	0	0	75.9	
NZ_CP035042.1	62	2529242	2529153	Ser	TGA	0	0	82.3	
NZ_CP035042.1	63	1160932	1160846	Leu	CAG	0	0	72.6	
NZ_CP035042.1	64	1160777	1160691	Leu	CAG	0	0	73.4	
NZ_CP035042.1	65	1160644	1160558	Leu	CAG	0	0	73.4	
NZ_CP035042.1	66	580035 	579959 	fMet	CAT	0	0	72.4	
NZ_CM020866.1	1	88228  	88318  	Ser	GCT	0	0	87.4	
NZ_CM020866.1	2	290995 	291070 	Asn	GTT	0	0	82.6	
NZ_CM020866.1	3	291106 	291181 	Glu	TTC	0	0	69.2	
NZ_CM020866.1	4	291186 	291261 	Val	TAC	0	0	82.9	
NZ_CM020866.1	5	291276 	291351 	Thr	TGT	0	0	80.7	
NZ_CM020866.1	6	291360 	291435 	Lys	TTT	0	0	71.6	
NZ_CM020866.1	7	291454 	291538 	Leu	TAG	0	0	70.4	
NZ_CM020866.1	8	437675 	437751 	Ile	GAT	0	0	82.8	
NZ_CM020866.1	9	437768 	437843 	Ala	TGC	0	0	83.8	
NZ_CM020866.1	10	621676 	621752 	Arg	TCT	0	0	74.7	
NZ_CM020866.1	11	804873 	804946 	Undet	NNN	0	0	20.9	pseudo
NZ_CM020866.1	12	804959 	805034 	Thr	TGT	0	0	82.5	
NZ_CM020866.1	13	805040 	805123 	Tyr	GTA	0	0	73.1	
NZ_CM020866.1	14	805139 	805213 	Gln	TTG	0	0	70.5	
NZ_CM020866.1	15	805221 	805296 	Lys	TTT	0	0	71.6	
NZ_CM020866.1	16	805313 	805399 	Leu	TAA	0	0	71.0	
NZ_CM020866.1	17	805477 	805550 	Gly	TCC	0	0	76.2	
NZ_CM020866.1	18	1486281	1486365	Leu	CAA	0	0	64.3	
NZ_CM020866.1	19	1731208	1731133	His	GTG	0	0	62.6	
NZ_CM020866.1	20	1480874	1480799	Cys	GCA	0	0	67.4	
NZ_CM020866.1	21	1480760	1480684	Arg	ACG	0	0	79.0	
NZ_CM020866.1	22	1480660	1480584	Pro	TGG	0	0	79.2	
NZ_CM020866.1	23	1480568	1480493	Ala	TGC	0	0	82.6	
NZ_CM020866.1	24	1480458	1480382	Met	CAT	0	0	73.2	
NZ_CM020866.1	25	1480380	1480304	Ile2	CAT	0	0	87.9	
NZ_CM020866.1	26	1480272	1480180	Ser	TGA	0	0	82.8	
NZ_CM020866.1	27	1480124	1480049	fMet	CAT	0	0	75.5	
NZ_CM020866.1	28	1480046	1479971	Asp	GTC	0	0	72.3	
NZ_CM020866.1	29	1479965	1479890	Phe	GAA	0	0	75.4	
NZ_CM020866.1	30	213805 	213730 	Sup	TCA	0	0	75.0	
NZ_CM020866.1	31	213635 	213561 	Trp	CCA	0	0	73.5	
NZ_CM020866.1	32	213547 	213455 	Ser	CGA	0	0	75.0	
NZ_CP047895.1	1	160136 	160212 	Pro	CGG	0	0	78.2	
NZ_CP047895.1	2	627171 	627245 	Gly	GCC	0	0	86.6	
NZ_CP047895.1	3	1518782	1518856	Val	GAC	0	0	77.0	
NZ_CP047895.1	4	1529279	1529364	Leu	TAA	0	0	73.7	
NZ_CP047895.1	5	1717556	1717632	His	GTG	0	0	76.6	
NZ_CP047895.1	6	1730977	1731053	Met	CAT	0	0	81.6	
NZ_CP047895.1	7	1901668	1901744	Arg	CCT	0	0	84.1	
NZ_CP047895.1	8	2015490	2015574	Leu	TAG	0	0	76.3	
NZ_CP047895.1	9	2022843	2022917	Val	CAC	0	0	78.1	
NZ_CP047895.1	10	2187983	2188075	Ser	GCT	0	0	84.9	
NZ_CP047895.1	11	2469498	2469571	Cys	GCA	0	0	73.6	
NZ_CP047895.1	12	2834298	2834212	Leu	CAG	0	0	73.6	
NZ_CP047895.1	13	2813375	2813300	Thr	CGT	0	0	86.3	
NZ_CP047895.1	14	2799027	2798937	Ser	GGA	0	0	89.3	
NZ_CP047895.1	15	2732793	2732717	Ile	GAT	0	0	86.0	
NZ_CP047895.1	16	2732695	2732620	Ala	TGC	0	0	78.7	
NZ_CP047895.1	17	2729237	2729161	fMet	CAT	0	0	80.8	
NZ_CP047895.1	18	2716031	2715955	Arg	TCT	0	0	85.8	
NZ_CP047895.1	19	2674510	2674424	Leu	CAA	0	0	79.6	
NZ_CP047895.1	20	2500954	2500880	Gln	TTG	0	0	75.3	
NZ_CP047895.1	21	2456815	2456739	Arg	ACG	0	0	82.7	
NZ_CP047895.1	22	2267950	2267874	Arg	CCG	0	0	87.7	
NZ_CP047895.1	23	2245547	2245472	Ile2	CAT	0	0	74.3	
NZ_CP047895.1	24	2231610	2231534	Pro	TGG	0	0	85.2	
NZ_CP047895.1	25	2124967	2124878	Ser	TGA	0	0	90.7	
NZ_CP047895.1	26	2116030	2115958	Undet	NNN	0	0	23.0	
NZ_CP047895.1	27	2068538	2068463	Val	TAC	0	0	83.2	
NZ_CP047895.1	28	1980623	1980549	Asn	GTT	0	0	81.0	
NZ_CP047895.1	29	1760869	1760794	Lys	TTT	0	0	91.1	
NZ_CP047895.1	30	1640695	1640620	Lys	CTT	0	0	85.9	
NZ_CP047895.1	31	1558625	1558552	Gly	CCC	0	0	69.8	
NZ_CP047895.1	32	1519962	1519887	Ala	GGC	0	0	77.2	
NZ_CP047895.1	33	1370333	1370247	Leu	GAG	0	0	71.1	
NZ_CP047895.1	34	1312102	1312027	Thr	TGT	0	0	92.7	
NZ_CP047895.1	35	1282489	1282400	Ser	CGA	0	0	93.0	
NZ_CP047895.1	36	1169380	1169305	Trp	CCA	0	0	90.2	
NZ_CP047895.1	37	1037824	1037749	Ala	CGC	0	0	76.9	
NZ_CP047895.1	38	924788 	924712 	Pro	GGG	0	0	74.5	
NZ_CP047895.1	39	896948 	896874 	Glu	TTC	0	0	69.3	
NZ_CP047895.1	40	477653 	477578 	Phe	GAA	0	0	81.5	
NZ_CP047895.1	41	463788 	463715 	Gln	CTG	0	0	61.2	
NZ_CP047895.1	42	439265 	439189 	Ile	GAT	0	0	86.0	
NZ_CP047895.1	43	439167 	439092 	Ala	TGC	0	0	78.7	
NZ_CP047895.1	44	435708 	435632 	fMet	CAT	0	0	80.8	
NZ_CP047895.1	45	347590 	347504 	Tyr	GTA	0	0	81.2	
NZ_CP047895.1	46	280119 	280046 	Gly	TCC	0	0	78.0	
NZ_CP047895.1	47	69686  	69610  	Asp	GTC	0	0	86.5	
NZ_CP047895.1	48	9214   	9140   	Thr	GGT	0	0	73.8	
NZ_AP019651.1	1	31409  	31484  	Lys	TTT	0	0	94.9	
NZ_AP019651.1	2	31495  	31570  	Ala	TGC	0	0	79.1	
NZ_AP019651.1	3	31606  	31681  	Val	TAC	0	0	84.9	
NZ_AP019651.1	4	34990  	35066  	Asp	GTC	0	0	90.9	
NZ_AP019651.1	5	35134  	35210  	Trp	CCA	0	0	74.5	
NZ_AP019651.1	6	46159  	46246  	Trp	CCA	0	0	26.8	
NZ_AP019651.1	7	103092 	103168 	Arg	CCG	0	0	87.8	
NZ_AP019651.1	8	103202 	103277 	His	GTG	0	0	76.3	
NZ_AP019651.1	9	103341 	103417 	Pro	TGG	0	0	80.9	
NZ_AP019651.1	10	103462 	103537 	His	GTG	0	0	76.3	
NZ_AP019651.1	11	103560 	103636 	Pro	TGG	0	0	80.9	
NZ_AP019651.1	12	147383 	147459 	Ile	GAT	0	0	82.8	
NZ_AP019651.1	13	147502 	147577 	Ala	TGC	0	0	79.1	
NZ_AP019651.1	14	151028 	151104 	Asp	GTC	0	0	90.9	
NZ_AP019651.1	15	213848 	213923 	Glu	TTC	0	0	61.1	
NZ_AP019651.1	16	217302 	217375 	Asp	GTC	0	0	76.0	
NZ_AP019651.1	17	266174 	266249 	Thr	TGT	0	0	81.3	
NZ_AP019651.1	18	266296 	266380 	Tyr	GTA	0	0	70.5	
NZ_AP019651.1	19	266415 	266489 	Gly	TCC	0	0	70.6	
NZ_AP019651.1	20	266503 	266578 	Thr	GGT	0	0	76.4	
NZ_AP019651.1	21	294729 	294804 	Gly	GCC	0	0	81.4	
NZ_AP019651.1	22	294844 	294920 	fMet	CAT	0	0	76.8	
NZ_AP019651.1	23	294954 	295029 	Gly	GCC	0	0	81.4	
NZ_AP019651.1	24	295069 	295145 	fMet	CAT	0	0	76.8	
NZ_AP019651.1	25	295179 	295254 	Gly	GCC	0	0	81.4	
NZ_AP019651.1	26	295294 	295370 	fMet	CAT	0	0	76.8	
NZ_AP019651.1	27	295404 	295478 	Undet	NNN	0	0	66.3	
NZ_AP019651.1	28	295518 	295594 	fMet	CAT	0	0	76.8	
NZ_AP019651.1	29	295628 	295703 	Gly	GCC	0	0	81.4	
NZ_AP019651.1	30	295742 	295816 	Undet	NNN	0	0	66.3	
NZ_AP019651.1	31	295855 	295930 	Gly	GCC	0	0	81.4	
NZ_AP019651.1	32	415159 	415251 	Ser	GCT	0	0	79.6	
NZ_AP019651.1	33	415299 	415375 	Arg	ACG	0	0	83.9	
NZ_AP019651.1	34	415407 	415499 	Ser	GCT	0	0	79.6	
NZ_AP019651.1	35	415569 	415645 	Arg	ACG	0	0	85.5	
NZ_AP019651.1	36	415701 	415777 	Arg	ACG	0	0	83.9	
NZ_AP019651.1	37	415827 	415903 	Arg	ACG	0	0	85.5	
NZ_AP019651.1	38	415959 	416035 	Arg	ACG	0	0	83.9	
NZ_AP019651.1	39	416085 	416158 	Arg	ACG	0	0	76.1	
NZ_AP019651.1	40	416215 	416291 	Arg	ACG	0	0	83.9	
NZ_AP019651.1	41	427925 	428009 	Leu	CAA	0	0	70.0	
NZ_AP019651.1	42	443200 	443276 	Ile	GAT	0	0	82.8	
NZ_AP019651.1	43	443319 	443394 	Ala	TGC	0	0	79.1	
NZ_AP019651.1	44	446845 	446920 	Thr	GGT	0	0	80.0	
NZ_AP019651.1	45	606301 	606376 	Ala	GGC	0	0	79.6	
NZ_AP019651.1	46	606380 	606455 	Glu	TTC	0	0	61.1	
NZ_AP019651.1	47	609830 	609906 	Asp	GTC	0	0	90.9	
NZ_AP019651.1	48	609942 	610018 	Trp	CCA	0	0	74.5	
NZ_AP019651.1	49	898311 	898387 	Arg	TCT	0	0	82.7	
NZ_AP019651.1	50	2231860	2231950	Undet	NNN	0	0	22.0	pseudo
NZ_AP019651.1	51	2305765	2305848	Tyr	GTA	0	0	58.8	
NZ_AP019651.1	52	2305930	2306014	Tyr	GTA	0	0	70.4	
NZ_AP019651.1	53	2306096	2306180	Tyr	GTA	0	0	71.7	
NZ_AP019651.1	54	2306262	2306346	Tyr	GTA	0	0	71.7	
NZ_AP019651.1	55	2632038	2632113	Phe	GAA	0	0	78.6	
NZ_AP019651.1	56	2632168	2632243	Thr	TGT	0	0	81.3	
NZ_AP019651.1	57	2632251	2632326	Phe	GAA	0	0	77.7	
NZ_AP019651.1	58	2632368	2632443	Asn	GTT	0	0	78.1	
NZ_AP019651.1	59	2634716	2634791	Phe	GAA	0	0	78.6	
NZ_AP019651.1	60	2634842	2634917	Thr	TGT	0	0	81.3	
NZ_AP019651.1	61	2634953	2635028	Asn	GTT	0	0	78.1	
NZ_AP019651.1	62	2635065	2635140	Thr	TGT	0	0	81.3	
NZ_AP019651.1	63	2635176	2635251	Asn	GTT	0	0	78.1	
NZ_AP019651.1	64	2923665	2923590	Glu	TTC	0	0	61.1	
NZ_AP019651.1	65	2923587	2923512	Lys	TTT	0	0	94.9	
NZ_AP019651.1	66	2923481	2923406	Val	TAC	0	0	84.9	
NZ_AP019651.1	67	2918066	2917991	Glu	TTC	0	0	61.1	
NZ_AP019651.1	68	2917988	2917913	Lys	TTT	0	0	94.9	
NZ_AP019651.1	69	2917883	2917810	Val	TAC	0	0	69.1	
NZ_AP019651.1	70	2914360	2914270	Ser	TGA	0	0	83.3	
NZ_AP019651.1	71	2666615	2666543	Ile	GAT	0	0	58.5	
NZ_AP019651.1	72	2666505	2666433	Ala	TGC	0	0	56.7	
NZ_AP019651.1	73	2661165	2661089	Ile	GAT	0	0	82.8	
NZ_AP019651.1	74	2661048	2660973	Ala	TGC	0	0	79.1	
NZ_AP019651.1	75	2657583	2657507	Asp	GTC	0	0	90.9	
NZ_AP019651.1	76	2450602	2450519	Leu	GAG	0	0	65.4	
NZ_AP019651.1	77	2450462	2450386	fMet	CAT	0	0	79.3	
NZ_AP019651.1	78	2200404	2200328	Pro	TGG	0	0	80.9	
NZ_AP019651.1	79	1924991	1924904	Ser	GGA	0	0	73.4	
NZ_AP019651.1	80	1783117	1783044	Cys	GCA	0	0	69.2	
NZ_AP019651.1	81	1783035	1782960	Gly	GCC	0	0	81.4	
NZ_AP019651.1	82	1782873	1782787	Leu	TAA	0	0	73.7	
NZ_AP019651.1	83	1782772	1782697	Gly	GCC	0	0	81.4	
NZ_AP019651.1	84	1439625	1439549	Val	GAC	0	0	82.5	
NZ_AP019651.1	85	1439508	1439432	Val	GAC	0	0	72.4	
NZ_AP019651.1	86	877173 	877097 	Pro	GGG	0	0	68.8	
NZ_AP019651.1	87	876900 	876810 	Ser	TGA	0	0	83.3	
NZ_AP019651.1	88	875257 	875167 	Ser	TGA	0	0	83.3	
NZ_AP019651.1	89	825917 	825842 	Asn	GTT	0	0	78.1	
NZ_AP019651.1	90	787274 	787198 	Met	CAT	0	0	83.4	
NZ_AP019651.1	91	787160 	787076 	Leu	TAG	0	0	70.1	
NZ_AP019651.1	92	787044 	786970 	Gln	TTG	0	0	68.0	
NZ_AP019651.1	93	786894 	786818 	Met	CAT	0	0	83.4	
NZ_AP019651.1	94	786765 	786681 	Leu	TAG	0	0	70.1	
NZ_AP019651.1	95	786653 	786569 	Leu	TAG	0	0	70.6	
NZ_AP019651.1	96	786539 	786465 	Gln	TTG	0	0	68.0	
NZ_AP019651.1	97	786413 	786329 	Leu	TAG	0	0	70.6	
NZ_AP019651.1	98	786312 	786236 	Met	CAT	0	0	83.4	
NZ_AP019651.1	99	786183 	786099 	Leu	TAG	0	0	70.6	
NZ_AP019651.1	100	786073 	785989 	Leu	TAG	0	0	70.1	
NZ_AP019651.1	101	785957 	785890 	Undet	NNN	0	0	30.7	
NZ_AP019651.1	102	785838 	785754 	Leu	TAG	0	0	70.6	
NZ_AP019651.1	103	785724 	785650 	Gln	TTG	0	0	68.0	
NZ_AP019651.1	104	785598 	785514 	Leu	TAG	0	0	70.6	
NZ_AP019651.1	105	785497 	785421 	Met	CAT	0	0	83.4	
NZ_AP019651.1	106	785368 	785284 	Leu	TAG	0	0	70.6	
NZ_AP019651.1	107	785258 	785174 	Leu	TAG	0	0	70.1	
NZ_AP019651.1	108	785142 	785068 	Gln	TTG	0	0	68.0	
NZ_AP019651.1	109	785016 	784932 	Leu	TAG	0	0	70.6	
NZ_AP019651.1	110	784902 	784828 	Gln	TTG	0	0	68.0	
NZ_AP019651.1	111	784776 	784692 	Leu	TAG	0	0	70.6	
NZ_AP019651.1	112	784662 	784588 	Gln	TTG	0	0	68.0	
NZ_AP019651.1	113	784536 	784452 	Leu	TAG	0	0	70.6	
NZ_AP019651.1	114	764309 	764233 	Arg	CCT	0	0	72.0	
NZ_AP019651.1	115	377781 	377706 	Ile2	CAT	0	0	81.9	
NZ_AP019652.1	1	385339 	385429 	Ser	TGA	0	0	83.3	
NZ_AP019652.1	2	915941 	915868 	Cys	GCA	0	0	69.2	
NZ_AP019652.1	3	915848 	915773 	Gly	GCC	0	0	81.4	
NZ_AP019652.1	4	915741 	915668 	Cys	GCA	0	0	69.2	
NZ_AP019652.1	5	915559 	915473 	Leu	TAA	0	0	72.1	
NZ_AP019652.1	6	915354 	915281 	Cys	GCA	0	0	69.2	
NZ_AP019652.1	7	909963 	909877 	Leu	TAA	0	0	72.1	
NZ_AP019652.1	8	909846 	909774 	Undet	NNN	0	0	44.1	
NZ_AP019652.1	9	735981 	735907 	Gly	TCC	0	0	68.0	
NZ_CP047591.1	1	452853 	452927 	Glu	CTC	0	0	73.2	
NZ_CP047591.1	2	983996 	984072 	Arg	ACG	0	0	75.3	
NZ_CP047591.1	3	1412122	1412196	Arg	CCT	0	0	58.6	
NZ_CP047591.1	4	1412266	1412341	Ala	GGC	0	0	73.7	
NZ_CP047591.1	5	1734910	1734984	Ala	TGC	0	0	81.1	
NZ_CP047591.1	6	1740476	1740551	Ala	TGC	0	0	83.5	
NZ_CP047591.1	7	1982081	1982155	Thr	CGT	0	0	79.6	
NZ_CP047591.1	8	1982165	1982241	Pro	CGG	0	0	80.3	
NZ_CP047591.1	9	1983553	1983629	Pro	CGG	0	0	42.5	pseudo
NZ_CP047591.1	10	2273448	2273524	Thr	GGT	0	0	69.3	
NZ_CP047591.1	11	2537669	2537745	Ile	GAT	0	0	88.2	
NZ_CP047591.1	12	2583596	2583670	Asn	GTT	0	0	71.8	
NZ_CP047591.1	13	2583706	2583794	Leu	TAA	0	0	70.9	
NZ_CP047591.1	14	2583832	2583907	fMet	CAT	0	0	81.0	
NZ_CP047591.1	15	2612149	2612229	fMet	CAT	0	0	21.0	pseudo
NZ_CP047591.1	16	2635489	2635565	Met	CAT	0	0	78.5	
NZ_CP047591.1	17	2635573	2635648	Val	TAC	0	0	85.7	
NZ_CP047591.1	18	2635661	2635737	Asp	GTC	0	0	78.7	
NZ_CP047591.1	19	2635777	2635852	His	GTG	0	0	56.4	
NZ_CP047591.1	20	2635870	2635944	Gln	CTG	0	0	70.1	
NZ_CP047591.1	21	2635975	2636049	Cys	GCA	0	0	75.0	
NZ_CP047591.1	22	2712930	2713004	Asn	GTT	0	0	71.8	
NZ_CP047591.1	23	2713122	2713197	Val	TAC	0	0	85.7	
NZ_CP047591.1	24	2713209	2713285	Asp	GTC	0	0	78.7	
NZ_CP047591.1	25	2713311	2713385	Thr	TGT	0	0	83.0	
NZ_CP047591.1	26	2713429	2713513	Tyr	GTA	0	0	70.0	
NZ_CP047591.1	27	2713522	2713596	Gly	GCC	0	0	87.3	
NZ_CP047591.1	28	2713602	2713675	Gly	TCC	0	0	84.0	
NZ_CP047591.1	29	2713695	2713771	Arg	TCT	0	0	73.7	
NZ_CP047591.1	30	2713788	2713863	Lys	TTT	0	0	71.8	
NZ_CP047591.1	31	2713896	2713984	Ser	TGA	0	0	82.4	
NZ_CP047591.1	32	2713996	2714087	Ser	GCT	0	0	80.5	
NZ_CP047591.1	33	2714098	2714173	Trp	CCA	0	0	78.8	
NZ_CP047591.1	34	2714189	2714265	Pro	TGG	0	0	83.4	
NZ_CP047591.1	35	2714278	2714354	Ile2	CAT	0	0	81.7	
NZ_CP047591.1	36	2714371	2714446	Phe	GAA	0	0	73.8	
NZ_CP047591.1	37	2714622	2714697	Val	TAC	0	0	85.7	
NZ_CP047591.1	38	2714709	2714785	Asp	GTC	0	0	78.7	
NZ_CP047591.1	39	2714811	2714885	Thr	TGT	0	0	83.0	
NZ_CP047591.1	40	2715086	2715170	Tyr	GTA	0	0	70.0	
NZ_CP047591.1	41	2715179	2715253	Gly	GCC	0	0	87.3	
NZ_CP047591.1	42	2715259	2715332	Gly	TCC	0	0	84.0	
NZ_CP047591.1	43	2715352	2715428	Arg	TCT	0	0	73.7	
NZ_CP047591.1	44	2715487	2715561	Gln	TTG	0	0	75.0	
NZ_CP047591.1	45	2715565	2715640	Lys	TTT	0	0	71.8	
NZ_CP047591.1	46	2715673	2715761	Ser	TGA	0	0	82.4	
NZ_CP047591.1	47	2715787	2715863	Pro	TGG	0	0	83.4	
NZ_CP047591.1	48	2715916	2715991	Phe	GAA	0	0	73.8	
NZ_CP047591.1	49	2984838	2984926	Ser	CGA	0	0	81.9	
NZ_CP047591.1	50	3325093	3325174	Leu	GAG	0	0	55.8	
NZ_CP047591.1	51	3325245	3325331	Leu	CAA	0	0	69.7	
NZ_CP047591.1	52	2849422	2849347	Arg	TCG	0	0	72.9	
NZ_CP047591.1	53	2048121	2048048	Gly	CCC	0	0	82.0	
NZ_CP047591.1	54	1681828	1681753	Lys	CTT	0	0	75.5	
NZ_CP047591.1	55	1681675	1681600	Lys	CTT	0	0	78.9	
NZ_CP047591.1	56	1246894	1246807	Ser	GGA	0	0	62.3	
NZ_CP047591.1	57	1116519	1116445	Gly	GCC	0	0	87.3	
NZ_CP047591.1	58	775474 	775389 	Leu	CAG	0	0	66.5	
NZ_CP047591.1	59	728570 	728494 	Ile	GAT	0	0	88.2	
NZ_CP047591.1	60	462710 	462635 	Ala	TGC	0	0	83.5	
NZ_CP047591.1	61	459250 	459176 	Glu	TTC	0	0	75.0	
NZ_CP047591.1	62	459169 	459087 	Leu	TAG	0	0	69.9	
NZ_CP047591.1	63	450674 	450598 	Ile	GAT	0	0	88.2	
NZ_CP047591.1	64	447214 	447140 	Glu	TTC	0	0	75.0	
NZ_CP047591.1	65	447133 	447051 	Leu	TAG	0	0	69.9	
NZ_JAAXOY010000001.1	1	2546   	2619   	Pro	GGG	0	0	72.0	
NZ_JAAXOY010000119.1	1	2158   	2086   	Arg	CCG	0	0	82.1	
NZ_JAAXOY010000012.1	1	3749   	3677   	Glu	TTC	0	0	63.5	
NZ_JAAXOY010000012.1	2	3631   	3558   	Asp	GTC	0	0	81.7	
NZ_JAAXOY010000012.1	3	3518   	3446   	Phe	GAA	0	0	65.0	
NZ_JAAXOY010000120.1	1	6180   	6098   	Leu	CAG	0	0	67.6	
NZ_JAAXOY010000128.1	1	4239   	4166   	Leu	CAA	0	0	57.9	
NZ_JAAXOY010000133.1	1	3108   	3036   	Trp	CCA	0	0	81.3	
NZ_JAAXOY010000143.1	1	2280   	2207   	Pro	CGG	0	0	75.2	
NZ_JAAXOY010000144.1	1	5607   	5526   	Tyr	GTA	0	0	70.7	
NZ_JAAXOY010000144.1	2	4669   	4597   	Thr	GGT	0	0	75.4	
NZ_JAAXOY010000144.1	3	4546   	4473   	Met	CAT	0	0	77.0	
NZ_JAAXOY010000015.1	1	7148   	7074   	Gln	CTG	0	0	41.6	
NZ_JAAXOY010000153.1	1	2804   	2877   	Ile2	CAT	0	0	82.4	
NZ_JAAXOY010000153.1	2	3522   	3594   	Asn	GTT	0	0	72.5	
NZ_JAAXOY010000163.1	1	3764   	3837   	Gly	CCC	0	0	85.1	
NZ_JAAXOY010000191.1	1	3656   	3585   	Gln	TTG	0	0	53.6	
NZ_JAAXOY010000002.1	1	1507   	1579   	Ala	GGC	0	0	76.3	
NZ_JAAXOY010000222.1	1	2870   	2942   	Arg	ACG	0	0	78.1	
NZ_JAAXOY010000023.1	1	10372  	10447  	Lys	CTT	0	0	84.9	
NZ_JAAXOY010000023.1	2	9003   	8918   	Leu	TAG	0	0	69.2	
NZ_JAAXOY010000023.1	3	8366   	8282   	Ser	GGA	0	0	69.1	
NZ_JAAXOY010000003.1	1	23966  	23877  	Ser	CGA	0	0	78.8	
NZ_JAAXOY010000030.1	1	9009   	9080   	Gly	GCC	0	0	84.7	
NZ_JAAXOY010000030.1	2	9137   	9207   	Cys	GCA	0	0	70.6	
NZ_JAAXOY010000030.1	3	9225   	9299   	Val	GAC	0	0	81.2	
NZ_JAAXOY010000030.1	4	6024   	5950   	Val	CAC	0	0	83.6	
NZ_JAAXOY010000304.1	1	2649   	2574   	Thr	CGT	0	0	83.8	
NZ_JAAXOY010000312.1	1	546    	616    	Gly	TCC	0	0	78.1	
NZ_JAAXOY010000312.1	2	448    	375    	Pro	TGG	0	0	73.5	
NZ_JAAXOY010000366.1	1	2627   	2703   	Thr	TGT	0	0	85.2	
NZ_JAAXOY010000039.1	1	3471   	3398   	fMet	CAT	0	0	76.0	
NZ_JAAXOY010000394.1	1	3017   	2942   	Arg	TCT	0	0	78.9	
NZ_JAAXOY010000004.1	1	12186  	12258  	Arg	CCT	0	0	74.4	
NZ_JAAXOY010000049.1	1	276    	364    	Ser	GCT	0	0	73.5	
NZ_JAAXOY010000005.1	1	3373   	3298   	Lys	TTT	0	0	82.0	
NZ_JAAXOY010000060.1	1	6798   	6871   	Ile	GAT	0	0	79.1	
NZ_JAAXOY010000060.1	2	7055   	7127   	Ala	TGC	0	0	80.5	
NZ_JAAXOY010000627.1	1	941    	866    	His	GTG	0	0	76.6	
NZ_JAAXOY010000066.1	1	4176   	4249   	Val	TAC	0	0	80.1	
NZ_JAAXOY010000706.1	1	854    	781    	Leu	TAA	0	0	57.2	
NZ_JAAXOY010000008.1	1	1488   	1570   	Leu	GAG	0	0	62.1	
NZ_JAAXOY010000867.1	1	556    	465    	Ser	TGA	0	0	78.5	
NZ_JAAXOY010000903.1	1	616    	544    	Ala	CGC	0	0	76.9	
NZ_CP053096.1	1	61473  	61546  	Trp	CCA	0	0	65.0	
NZ_CP053096.1	2	270020 	270096 	Ile	GAT	0	0	84.0	
NZ_CP053096.1	3	273414 	273504 	Ser	GCT	0	0	70.3	
NZ_CP053096.1	4	426917 	426991 	Sup	TCA	0	0	73.2	
NZ_CP053096.1	5	429957 	430030 	Thr	CGT	0	0	80.1	
NZ_CP053096.1	6	479076 	479152 	Arg	TCT	0	0	71.0	
NZ_CP053096.1	7	561707 	561796 	Ser	CGA	0	0	67.1	
NZ_CP053096.1	8	585257 	585332 	Lys	CTT	0	0	78.5	
NZ_CP053096.1	9	585807 	585893 	Leu	TAA	0	0	69.7	
NZ_CP053096.1	10	585922 	585997 	Lys	TTT	0	0	80.1	
NZ_CP053096.1	11	691224 	691307 	Leu	CAA	0	0	70.6	
NZ_CP053096.1	12	714539 	714470 	Undet	NNN	0	0	20.3	
NZ_CP053096.1	13	491329 	491254 	His	GTG	0	0	69.7	
NZ_CP053096.1	14	480142 	480059 	Tyr	GTA	0	0	70.4	
NZ_CP053096.1	15	480055 	479981 	Gln	TTG	0	0	69.5	
NZ_CP053096.1	16	423337 	423262 	Thr	GGT	0	0	76.2	
NZ_CP053096.1	17	255315 	255239 	Pro	TGG	0	0	85.4	
NZ_CP053096.1	18	255236 	255160 	Ala	TGC	0	0	84.3	
NZ_CP053096.1	19	255155 	255079 	Met	CAT	0	0	78.4	
NZ_CP053096.1	20	255053 	254978 	Ile2	CAT	0	0	74.4	
NZ_CP053096.1	21	254976 	254884 	Ser	TGA	0	0	75.1	
NZ_CP053096.1	22	254841 	254765 	fMet	CAT	0	0	69.3	
NZ_CP053096.1	23	254761 	254685 	Asp	GTC	0	0	73.9	
NZ_CP053096.1	24	254680 	254605 	Phe	GAA	0	0	74.3	
NZ_CP053096.1	25	170830 	170757 	Gly	TCC	0	0	77.7	
NZ_CP053096.1	26	162967 	162893 	Cys	GCA	0	0	67.2	
NZ_CP053096.1	27	162886 	162810 	Arg	ACG	0	0	71.4	
NZ_CP053096.1	28	162660 	162587 	Gly	GCC	0	0	65.3	
NZ_CP053096.1	29	162460 	162386 	Asn	GTT	0	0	80.8	
NZ_CP053096.1	30	162381 	162306 	Glu	TTC	0	0	62.1	
NZ_CP053096.1	31	162302 	162227 	Val	TAC	0	0	77.5	
NZ_CP053096.1	32	161557 	161482 	Thr	TGT	0	0	93.6	
NZ_CP053096.1	33	161477 	161393 	Leu	TAG	0	0	68.5	
NZ_JAAXCS010000001.1	1	32501  	32572  	Glu	TTC	0	0	65.5	
NZ_JAAXCS010000001.1	2	38443  	38361  	Leu	CAA	0	0	64.2	
NZ_JAAXCS010000010.1	1	20150  	20079  	Thr	TGT	0	0	51.1	
NZ_JAAXCS010000108.1	1	563    	479    	Leu	CAG	0	0	46.7	
NZ_JAAXCS010000119.1	1	1522   	1457   	Cys	GCA	0	0	17.1	pseudo
NZ_JAAXCS010000013.1	1	10271  	10185  	Leu	TAA	0	0	70.1	
NZ_JAAXCS010000013.1	2	2519   	2445   	Arg	ACG	0	0	56.3	
NZ_JAAXCS010000134.1	1	2802   	2730   	Gln	TTG	0	0	43.3	
NZ_JAAXCS010000014.1	1	16078  	15992  	Ser	GGA	0	0	74.0	
NZ_JAAXCS010000143.1	1	446    	519    	Arg	CCG	0	0	74.8	
NZ_JAAXCS010000015.1	1	12377  	12290  	Ser	TGA	0	0	74.1	
NZ_JAAXCS010000145.1	1	868    	944    	Ile	GAT	0	0	66.8	
NZ_JAAXCS010000146.1	1	901    	975    	Arg	ACG	0	0	56.3	
NZ_JAAXCS010000161.1	1	458    	377    	Leu	TAG	0	0	58.7	
NZ_JAAXCS010000018.1	1	7123   	7196   	Asp	GTC	0	0	76.4	
NZ_JAAXCS010000018.1	2	7960   	7887   	Arg	CCT	0	0	48.8	
NZ_JAAXCS010000018.1	3	1379   	1307   	Phe	GAA	0	0	74.0	
NZ_JAAXCS010000175.1	1	1558   	1631   	Ile2	CAT	0	0	81.4	
NZ_JAAXCS010000175.1	2	326    	254    	Gly	GCC	0	0	80.5	
NZ_JAAXCS010000185.1	1	1362   	1444   	Tyr	GTA	0	0	76.4	
NZ_JAAXCS010000185.1	2	1449   	1520   	Gly	TCC	0	0	69.0	
NZ_JAAXCS010000186.1	1	1464   	1548   	Leu	CAG	0	0	54.7	
NZ_JAAXCS010000002.1	1	19923  	19999  	fMet	CAT	0	0	79.4	
NZ_JAAXCS010000022.1	1	4434   	4507   	Arg	TCT	0	0	83.2	
NZ_JAAXCS010000024.1	1	9004   	9076   	Lys	TTT	0	0	76.2	
NZ_JAAXCS010000024.1	2	8840   	8765   	Ala	TGC	0	0	76.6	
NZ_JAAXCS010000003.1	1	70     	143    	Thr	CGT	0	0	54.0	
NZ_JAAXCS010000033.1	1	27     	99     	Trp	CCA	0	0	74.2	
NZ_JAAXCS010000036.1	1	5815   	5741   	Asp	GTC	0	0	60.7	
NZ_JAAXCS010000037.1	1	7124   	7053   	Glu	TTC	0	0	26.3	pseudo
NZ_JAAXCS010000038.1	1	4970   	5042   	Thr	GGT	0	0	71.0	
NZ_JAAXCS010000040.1	1	356    	284    	Thr	TGT	0	0	74.8	
NZ_JAAXCS010000041.1	1	4490   	4572   	Leu	CAA	0	0	48.9	
NZ_JAAXCS010000005.1	1	23136  	23049  	Leu	GAG	0	0	63.5	
NZ_JAAXCS010000050.1	1	623    	539    	Leu	CAG	0	0	20.4	
NZ_JAAXCS010000051.1	1	8893   	8822   	Thr	TGT	0	0	39.3	
NZ_JAAXCS010000051.1	2	1397   	1324   	Arg	CCT	0	0	48.8	
NZ_JAAXCS010000058.1	1	1658   	1583   	His	GTG	0	0	70.5	
NZ_JAAXCS010000061.1	1	5638   	5566   	Thr	GGT	0	0	71.0	
NZ_JAAXCS010000007.1	1	7860   	7788   	Gln	TTG	0	0	43.3	
NZ_JAAXCS010000077.1	1	3793   	3865   	Val	TAC	0	0	73.6	
NZ_JAAXCS010000078.1	1	1409   	1481   	Phe	GAA	0	0	34.1	pseudo
NZ_JAAXCS010000008.1	1	11232  	11160  	Met	CAT	0	0	64.2	
NZ_JAAXCS010000095.1	1	1978   	1907   	Cys	GCA	0	0	39.0	
NZ_JADDUM010000103.1	1	22357  	22430  	Cys	GCA	0	0	64.0	
NZ_JADDUM010000112.1	1	37281  	37356  	Gly	GCC	0	0	88.4	
NZ_JADDUM010000114.1	1	26750  	26675  	Phe	GAA	0	0	81.1	
NZ_JADDUM010000114.1	2	19050  	18929  	Undet	NNN	0	0	20.2	pseudo
NZ_JADDUM010000115.1	1	19546  	19470  	Arg	CCG	0	0	83.6	
NZ_JADDUM010000137.1	1	76954  	76865  	Ser	GGA	0	0	75.7	
NZ_JADDUM010000142.1	1	32363  	32447  	Leu	CAA	0	0	70.8	
NZ_JADDUM010000154.1	1	57982  	58058  	Ile2	CAT	0	0	82.6	
NZ_JADDUM010000158.1	1	26281  	26357  	Pro	GGG	0	0	67.6	
NZ_JADDUM010000222.1	1	12234  	12324  	Ser	TGA	0	0	75.4	
NZ_JADDUM010000225.1	1	18903  	18828  	Val	TAC	0	0	84.4	
NZ_JADDUM010000225.1	2	18808  	18732  	Asp	GTC	0	0	90.7	
NZ_JADDUM010000248.1	1	4316   	4389   	Gly	CCC	0	0	74.9	
NZ_JADDUM010000027.1	1	65663  	65589  	Gln	TTG	0	0	69.7	
NZ_JADDUM010000027.1	2	43111  	43035  	Met	CAT	0	0	79.2	
NZ_JADDUM010000270.1	1	9747   	9823   	Arg	TCT	0	0	89.3	
NZ_JADDUM010000270.1	2	9865   	9922   	His	GTG	0	0	37.6	
NZ_JADDUM010000003.1	1	25982  	25907  	Asn	GTT	0	0	80.6	
NZ_JADDUM010000003.1	2	25897  	25821  	Pro	TGG	0	0	75.6	
NZ_JADDUM010000003.1	3	17375  	17303  	Thr	CGT	0	0	71.6	
NZ_JADDUM010000031.1	1	20176  	20261  	Leu	GAG	0	0	60.3	
NZ_JADDUM010000031.1	2	20358  	20434  	fMet	CAT	0	0	78.4	
NZ_JADDUM010000032.1	1	7335   	7410   	Thr	TGT	0	0	87.9	
NZ_JADDUM010000330.1	1	4913   	4988   	Val	TAC	0	0	84.4	
NZ_JADDUM010000330.1	2	5044   	5120   	Asp	GTC	0	0	90.7	
NZ_JADDUM010000330.1	3	5226   	5302   	Asp	GTC	0	0	90.7	
NZ_JADDUM010000336.1	1	1810   	1900   	Ser	GCT	0	0	75.0	
NZ_JADDUM010000035.1	1	37526  	37451  	Asn	GTT	0	0	77.6	
NZ_JADDUM010000355.1	1	3912   	3999   	Leu	CAG	0	0	63.7	
NZ_JADDUM010000365.1	1	54     	129    	Glu	TTC	0	0	68.9	
NZ_JADDUM010000042.1	1	134    	58     	Ile	GAT	0	0	88.9	
NZ_JADDUM010000062.1	1	47152  	47227  	Lys	TTT	0	0	86.5	
NZ_JADDUM010000064.1	1	5184   	5270   	Leu	TAA	0	0	71.0	
NZ_JADDUM010000090.1	1	3467   	3543   	Arg	CCT	0	0	72.4	
NZ_JADDUM010000090.1	2	14331  	14270  	Undet	NNN	0	0	21.3	pseudo
NZ_JADDUM010000095.1	1	54088  	54004  	Tyr	GTA	0	0	77.1	
NZ_JADDUM010000095.1	2	53979  	53906  	Gly	TCC	0	0	83.2	
NZ_JADDUM010000095.1	3	53880  	53805  	Thr	GGT	0	0	80.7	
NZ_JADDUM010000095.1	4	53643  	53568  	Trp	CCA	0	0	86.5	
NZ_JADDUM010000097.1	1	4991   	5080   	Ser	CGA	0	0	71.0	
NZ_CP064795.1	1	11764  	11840  	Arg	CCG	0	0	85.4	
NZ_CP064795.1	2	196680 	196755 	Phe	GAA	0	0	77.4	
NZ_CP064795.1	3	290891 	290967 	Trp	CCA	0	0	75.0	
NZ_CP064795.1	4	432948 	433023 	Ala	TGC	0	0	77.2	
NZ_CP064795.1	5	433198 	433274 	Ile	GAT	0	0	80.5	
NZ_CP064795.1	6	443501 	443576 	Thr	TGT	0	0	86.3	
NZ_CP064795.1	7	443586 	443670 	Tyr	GTA	0	0	77.5	
NZ_CP064795.1	8	443703 	443777 	Gly	TCC	0	0	70.6	
NZ_CP064795.1	9	443786 	443861 	Thr	GGT	0	0	84.7	
NZ_CP064795.1	10	469166 	469252 	Leu	CAG	0	0	71.7	
NZ_CP064795.1	11	571612 	571687 	Ala	TGC	0	0	77.2	
NZ_CP064795.1	12	571862 	571938 	Ile	GAT	0	0	80.5	
NZ_CP064795.1	13	1103838	1103914	Pro	TGG	0	0	78.3	
NZ_CP064795.1	14	1103939	1104015	Arg	TCT	0	0	94.3	
NZ_CP064795.1	15	1104131	1104206	His	GTG	0	0	74.8	
NZ_CP064795.1	16	1104214	1104298	Leu	TAG	0	0	65.4	
NZ_CP064795.1	17	1104327	1104403	Pro	TGG	0	0	78.3	
NZ_CP064795.1	18	1232738	1232814	Ile	GAT	0	0	80.5	
NZ_CP064795.1	19	1232925	1233000	Ala	TGC	0	0	77.2	
NZ_CP064795.1	20	1357364	1357440	Pro	GGG	0	0	65.8	
NZ_CP064795.1	21	1469997	1470073	fMet	CAT	0	0	75.9	
NZ_CP064795.1	22	1470147	1470223	fMet	CAT	0	0	77.8	
NZ_CP064795.1	23	1470255	1470331	fMet	CAT	0	0	77.8	
NZ_CP064795.1	24	1672247	1672338	Ser	TGA	0	0	87.3	
NZ_CP064795.1	25	1672431	1672522	Ser	TGA	0	0	87.3	
NZ_CP064795.1	26	1672615	1672706	Ser	TGA	0	0	87.3	
NZ_CP064795.1	27	1682207	1682282	Gly	GCC	0	0	89.6	
NZ_CP064795.1	28	1682470	1682543	Cys	GCA	0	0	62.6	
NZ_CP064795.1	29	1682595	1682680	Leu	TAA	0	0	64.9	
NZ_CP064795.1	30	2350881	2350956	Gln	TTG	0	0	73.7	
NZ_CP064795.1	31	2358310	2358386	Met	CAT	0	0	84.4	
NZ_CP064795.1	32	2358419	2358503	Leu	TAG	0	0	65.4	
NZ_CP064795.1	33	2358507	2358582	Gln	TTG	0	0	67.8	
NZ_CP064795.1	34	2358624	2358699	Gln	TTG	0	0	73.7	
NZ_CP064795.1	35	2358748	2358824	Met	CAT	0	0	84.0	
NZ_CP064795.1	36	2358865	2358940	Gln	TTG	0	0	73.7	
NZ_CP064795.1	37	2447211	2447286	Val	TAC	0	0	86.7	
NZ_CP064795.1	38	2447315	2447390	Val	TAC	0	0	86.7	
NZ_CP064795.1	39	2447416	2447491	Val	TAC	0	0	87.1	
NZ_CP064795.1	40	2606630	2606706	Asn	GTT	0	0	72.7	
NZ_CP064795.1	41	2606732	2606808	Asn	GTT	0	0	72.7	
NZ_CP064795.1	42	2818789	2818863	Arg	CCT	0	0	64.0	
NZ_CP064795.1	43	2944135	2944211	Ile2	CAT	0	0	79.9	
NZ_CP064795.1	44	3339801	3339726	Gly	GCC	0	0	89.6	
NZ_CP064795.1	45	3339704	3339629	Gly	GCC	0	0	89.6	
NZ_CP064795.1	46	3318052	3317977	Thr	TGT	0	0	86.3	
NZ_CP064795.1	47	2722232	2722142	Ser	GCT	0	0	79.0	
NZ_CP064795.1	48	2722102	2722026	Arg	ACG	0	0	85.2	
NZ_CP064795.1	49	2721974	2721898	Arg	ACG	0	0	85.2	
NZ_CP064795.1	50	2671075	2670999	Trp	CCA	0	0	75.0	
NZ_CP064795.1	51	2512822	2512747	Lys	TTT	0	0	93.0	
NZ_CP064795.1	52	2512713	2512638	Lys	TTT	0	0	93.0	
NZ_CP064795.1	53	2512567	2512492	Lys	TTT	0	0	93.0	
NZ_CP064795.1	54	2510257	2510167	Ser	GGA	0	0	80.4	
NZ_CP064795.1	55	2445438	2445363	Ala	GGC	0	0	77.6	
NZ_CP064795.1	56	2445032	2444957	Glu	TTC	0	0	66.6	
NZ_CP064795.1	57	2444751	2444676	Glu	TTC	0	0	66.6	
NZ_CP064795.1	58	2444469	2444394	Glu	TTC	0	0	66.6	
NZ_CP064795.1	59	2444096	2444021	Glu	TTC	0	0	66.6	
NZ_CP064795.1	60	2307161	2307085	Val	GAC	0	0	77.7	
NZ_CP064795.1	61	2151180	2151104	Asp	GTC	0	0	93.0	
NZ_CP064795.1	62	2151075	2150999	Asp	GTC	0	0	93.0	
NZ_CP064795.1	63	2150969	2150893	Asp	GTC	0	0	93.0	
NZ_CP064795.1	64	2150868	2150792	Asp	GTC	0	0	93.0	
NZ_CP064795.1	65	2021150	2021065	Leu	GAG	0	0	63.1	
NZ_CP064795.1	66	1756965	1756881	Tyr	GTA	0	0	73.6	
NZ_CP064795.1	67	1535000	1534916	Undet	NNN	0	0	21.4	pseudo
NZ_CP064795.1	68	681832 	681748 	Leu	CAA	0	0	67.4	
NZ_BNJG01000001.1	1	87787  	87864  	Met	CAT	0	0	32.3	pseudo
NZ_BNJG01000001.1	2	87875  	87954  	Ala	CGC	0	0	36.2	
NZ_BNJG01000001.1	3	192208 	192288 	Leu	CAA	0	0	60.3	
NZ_BNJG01000001.1	4	869515 	869588 	Val	GAC	0	0	71.9	
NZ_BNJG01000001.1	5	955623 	955696 	Glu	TTC	0	0	64.4	
NZ_BNJG01000001.1	6	1097061	1097144	Leu	CAG	0	0	55.8	
NZ_BNJG01000001.1	7	1097450	1097533	Leu	CAG	0	0	55.8	
NZ_BNJG01000001.1	8	1154220	1154306	Ser	GCT	0	0	75.0	
NZ_BNJG01000001.1	9	1154349	1154421	Trp	CCA	0	0	49.1	
NZ_BNJG01000001.1	10	1267114	1267186	Ala	CGC	0	0	62.9	
NZ_BNJG01000001.1	11	1267490	1267565	Ala	GGC	0	0	75.5	
NZ_BNJG01000001.1	12	1866872	1866948	Pro	CGG	0	0	77.2	
NZ_BNJG01000001.1	13	1914451	1914525	Thr	TGT	0	0	85.9	
NZ_BNJG01000001.1	14	1996517	1996589	Ile	TAT	0	0	67.0	
NZ_BNJG01000001.1	15	2261978	2262059	Leu	GAG	0	0	49.8	
NZ_BNJG01000001.1	16	2262128	2262201	Val	TAC	0	0	78.2	
NZ_BNJG01000001.1	17	2335863	2335946	Tyr	GTA	0	0	69.9	
NZ_BNJG01000001.1	18	2335972	2336043	Thr	GGT	0	0	68.7	
NZ_BNJG01000001.1	19	2376192	2376274	Leu	TAG	0	0	61.6	
NZ_BNJG01000001.1	20	2376353	2376427	Gly	GCC	0	0	89.6	
NZ_BNJG01000001.1	21	2376652	2376726	Gly	GCC	0	0	89.6	
NZ_BNJG01000001.1	22	2995103	2995190	Undet	NNN	0	0	36.9	
NZ_BNJG01000001.1	23	2995442	2995513	Glu	TTC	0	0	44.0	
NZ_BNJG01000001.1	24	3035490	3035561	Gly	GCC	0	0	82.7	
NZ_BNJG01000001.1	25	3035601	3035674	Cys	GCA	0	0	70.7	
NZ_BNJG01000001.1	26	3111822	3111907	Ser	CGA	0	0	71.3	
NZ_BNJG01000001.1	27	3111916	3112004	Ser	GGA	0	0	73.8	
NZ_BNJG01000001.1	28	3167782	3167854	Arg	TCT	0	0	71.0	
NZ_BNJG01000001.1	29	3240626	3240698	Ala	GGC	0	0	58.4	
NZ_BNJG01000001.1	30	3423189	3423262	Asp	GTC	0	0	69.0	
NZ_BNJG01000001.1	31	3948699	3948770	Val	CAC	0	0	71.8	
NZ_BNJG01000001.1	32	4193140	4193235	SeC	TCA	0	0	76.4	
NZ_BNJG01000001.1	33	4657720	4657788	Val	GAC	0	0	53.7	
NZ_BNJG01000001.1	34	4657871	4657942	Met	CAT	0	0	48.5	
NZ_BNJG01000001.1	35	4657944	4658041	Undet	NNN	0	0	25.6	pseudo
NZ_BNJG01000001.1	36	4658167	4658240	Val	AAC	4658202	4658205	20.6	
NZ_BNJG01000001.1	37	4658278	4658354	Asn	GTT	0	0	69.7	
NZ_BNJG01000001.1	38	4658420	4658569	Undet	NNN	0	0	37.1	
NZ_BNJG01000001.1	39	4310178	4310102	Glu	CTC	0	0	77.4	
NZ_BNJG01000001.1	40	4310024	4309948	Glu	CTC	0	0	77.4	
NZ_BNJG01000001.1	41	3611384	3611311	Arg	TCG	0	0	71.0	
NZ_BNJG01000001.1	42	2996089	2996007	Leu	TAA	0	0	67.5	
NZ_BNJG01000001.1	43	2895862	2895792	Gln	CTG	0	0	54.2	
NZ_BNJG01000001.1	44	2895725	2895655	Gln	CTG	0	0	54.2	
NZ_BNJG01000001.1	45	2460536	2460464	Phe	GAA	0	0	77.0	
NZ_BNJG01000001.1	46	2388424	2388353	Lys	TTT	0	0	71.4	
NZ_BNJG01000001.1	47	2211280	2211206	Asn	GTT	0	0	80.0	
NZ_BNJG01000001.1	48	2049279	2049205	Lys	CTT	0	0	73.6	
NZ_BNJG01000001.1	49	1998552	1998478	fMet	CAT	0	0	68.6	
NZ_BNJG01000001.1	50	1998453	1998378	fMet	CAT	0	0	80.3	
NZ_BNJG01000001.1	51	1998285	1998213	Met	CAT	0	0	63.1	
NZ_BNJG01000001.1	52	1853438	1853366	Arg	CCT	0	0	72.2	
NZ_BNJG01000001.1	53	1635056	1634983	Pro	GGG	0	0	64.7	
NZ_BNJG01000001.1	54	1608611	1608538	Ile	GAT	0	0	68.6	
NZ_BNJG01000001.1	55	1608519	1608444	Ala	TGC	0	0	85.1	
NZ_BNJG01000001.1	56	1608265	1608192	Ile	GAT	0	0	68.6	
NZ_BNJG01000001.1	57	981573 	981499 	Arg	CCG	0	0	69.3	
NZ_BNJG01000001.1	58	960057 	959974 	Ser	TGA	0	0	65.4	
NZ_BNJG01000001.1	59	917092 	917017 	Arg	GCG	0	0	74.1	
NZ_BNJG01000001.1	60	916966 	916894 	Arg	GCG	0	0	67.2	
NZ_BNJG01000001.1	61	611017 	610945 	Pro	TGG	0	0	75.8	
NZ_BNJG01000001.1	62	610940 	610868 	Gly	TCC	0	0	77.9	
NZ_BNJG01000001.1	63	563744 	563680 	Ser	CGA	0	0	30.4	
NZ_BNJG01000001.1	64	149686 	149612 	Gln	TTG	0	0	71.0	
NZ_BNJG01000001.1	65	122716 	122644 	Ile2	CAT	0	0	71.1	
NZ_BNJG01000001.1	66	18122  	18045  	His	GTG	0	0	60.5	
NZ_BNJG01000003.1	1	281099 	281029 	Glu	TTC	0	0	25.9	
NZ_BNJG01000003.1	2	199396 	199325 	Undet	NNN	0	0	34.4	pseudo
NZ_BNJG01000009.1	1	32731  	32802  	Gly	CCC	0	0	79.8	
NZ_BNJG01000009.1	2	21029  	20957  	Thr	CGT	0	0	83.3	
NZ_BNJJ01000001.1	1	457836 	457899 	Arg	CCT	0	0	33.9	
NZ_BNJJ01000001.1	2	177333 	177258 	Ala	TGC	0	0	83.3	
NZ_BNJJ01000001.1	3	72306  	72235  	Asn	GTT	0	0	72.0	
NZ_BNJJ01000003.1	1	528262 	528334 	Arg	TCT	0	0	83.7	
NZ_BNJJ01000003.1	2	316876 	316803 	Asp	GTC	0	0	69.0	
NZ_BNJJ01000003.1	3	278183 	278110 	Asp	GTC	0	0	69.0	
NZ_BNJJ01000003.1	4	253904 	253831 	Arg	TCG	0	0	74.1	
NZ_BNJJ01000005.1	1	398995 	399068 	Val	GAC	0	0	70.6	
NZ_BNJJ01000005.1	2	399110 	399183 	Val	GAC	0	0	67.5	
NZ_BNJJ01000005.1	3	132482 	132410 	Pro	TGG	0	0	74.2	
NZ_BNJJ01000005.1	4	132405 	132333 	Gly	TCC	0	0	79.3	
NZ_BNJJ01000006.1	1	204045 	203974 	Val	CAC	0	0	74.0	
NZ_BNJJ01000009.1	1	3652   	3723   	Asn	GTT	0	0	72.0	
NZ_BNJJ01000009.1	2	351925 	351997 	Arg	CCT	0	0	73.2	
NZ_BNJJ01000009.1	3	291569 	291497 	Phe	GAA	0	0	77.2	
NZ_BNJJ01000009.1	4	231140 	231064 	Pro	CGG	0	0	78.2	
NZ_BNJJ01000009.1	5	98854  	98779  	Ala	GGC	0	0	66.9	
NZ_BNJJ01000010.1	1	290507 	290572 	Ser	CGA	0	0	23.8	
NZ_BNJJ01000010.1	2	290679 	290753 	Lys	TTT	0	0	16.1	pseudo
NZ_BNJJ01000010.1	3	192196 	192124 	Gln	CTG	0	0	52.5	
NZ_BNJJ01000011.1	1	14171  	14247  	Glu	CTC	0	0	75.0	
NZ_BNJJ01000011.1	2	86205  	86306  	SeC	TCA	0	0	76.9	
NZ_BNJJ01000011.1	3	294948 	294876 	Ile2	CAT	0	0	78.1	
NZ_BNJJ01000011.1	4	221062 	220987 	His	GTG	0	0	63.0	
NZ_BNJJ01000013.1	1	84901  	84972  	His	GTG	0	0	42.6	pseudo
NZ_BNJJ01000013.1	2	182116 	182187 	Thr	TGT	0	0	77.2	
NZ_BNJJ01000013.1	3	259933 	260016 	Tyr	GTA	0	0	74.3	
NZ_BNJJ01000013.1	4	260049 	260120 	Thr	GGT	0	0	67.8	
NZ_BNJJ01000013.1	5	255671 	255596 	fMet	CAT	0	0	80.0	
NZ_BNJJ01000013.1	6	255570 	255495 	fMet	CAT	0	0	80.9	
NZ_BNJJ01000013.1	7	255469 	255394 	fMet	CAT	0	0	80.0	
NZ_BNJJ01000013.1	8	253503 	253428 	Met	CAT	0	0	75.0	
NZ_BNJJ01000013.1	9	58598  	58527  	Lys	CTT	0	0	72.6	
NZ_BNJJ01000016.1	1	206800 	206714 	Leu	CAG	0	0	68.1	
NZ_BNJJ01000016.1	2	206500 	206417 	Leu	CAG	0	0	61.2	
NZ_BNJJ01000016.1	3	178020 	177931 	Ser	GCT	0	0	81.5	
NZ_BNJJ01000016.1	4	177922 	177851 	Trp	CCA	0	0	70.5	
NZ_BNJJ01000019.1	1	44512  	44440  	Ala	CGC	0	0	74.5	
NZ_BNJJ01000019.1	2	44184  	44109  	Ala	GGC	0	0	72.8	
NZ_BNJJ01000020.1	1	15456  	15541  	Ser	CGA	0	0	67.5	
NZ_BNJJ01000020.1	2	15549  	15634  	Ser	GGA	0	0	66.7	
NZ_BNJJ01000020.1	3	122222 	122304 	Leu	TAA	0	0	72.8	
NZ_BNJJ01000020.1	4	88384  	88313  	Gly	GCC	0	0	83.8	
NZ_BNJJ01000020.1	5	88301  	88228  	Cys	GCA	0	0	72.7	
NZ_BNJJ01000021.1	1	6934   	7005   	Thr	CGT	0	0	76.2	
NZ_BNJJ01000023.1	1	62233  	62154  	Leu	GAG	0	0	48.0	
NZ_BNJJ01000023.1	2	62087  	62014  	Val	TAC	0	0	78.4	
NZ_BNJJ01000023.1	3	4711   	4629   	Leu	TAG	0	0	61.2	
NZ_BNJJ01000023.1	4	4592   	4518   	Gly	GCC	0	0	90.7	
NZ_BNJJ01000024.1	1	119599 	119526 	Met	CAT	0	0	47.9	pseudo
NZ_BNJJ01000024.1	2	119517 	119446 	Ala	CGC	0	0	21.6	pseudo
NZ_BNJJ01000024.1	3	119356 	119285 	Val	TAC	0	0	54.8	
NZ_BNJJ01000024.1	4	119106 	119034 	Glu	CTC	0	0	52.3	
NZ_BNJJ01000027.1	1	2064   	2129   	Undet	NNN	0	0	20.0	pseudo
NZ_BNJJ01000029.1	1	27977  	28047  	Gln	TTG	0	0	59.5	
NZ_BNJJ01000031.1	1	24000  	24082  	Ser	TGA	0	0	66.4	
NZ_BNJJ01000031.1	2	60058  	60133  	Arg	GCG	0	0	79.0	
NZ_BNJJ01000031.1	3	60264  	60339  	Arg	GCG	0	0	79.0	
NZ_BNJJ01000031.1	4	28391  	28318  	Glu	TTC	0	0	64.4	
NZ_BNJJ01000032.1	1	25050  	25130  	Leu	CAA	0	0	60.6	
NZ_BNJJ01000041.1	1	33361  	33288  	Glu	CTC	0	0	68.1	
NZ_BNJJ01000050.1	1	6833   	6907   	Gly	GCC	0	0	90.7	
NZ_BNJJ01000050.1	2	7242   	7313   	Lys	TTT	0	0	71.4	
NZ_BNJJ01000052.1	1	5313   	5384   	Arg	CCG	0	0	69.2	
NZ_BNJJ01000058.1	1	340    	413    	Gln	CTG	0	0	61.2	
NZ_AP023355.1	1	139920 	139993 	Thr	CGT	0	0	82.4	
NZ_AP023355.1	2	460965 	461038 	Ala	CGC	0	0	77.6	
NZ_AP023355.1	3	489590 	489661 	Gln	TTG	0	0	50.4	
NZ_AP023355.1	4	567257 	567338 	Leu	TAA	0	0	63.0	
NZ_AP023355.1	5	821051 	821122 	Arg	CCG	0	0	73.2	
NZ_AP023355.1	6	993756 	993828 	Ala	GGC	0	0	76.2	
NZ_AP023355.1	7	1345603	1345679	Pro	TGG	0	0	82.5	
NZ_AP023355.1	8	1479886	1479961	Lys	CTT	0	0	85.1	
NZ_AP023355.1	9	2246383	2246457	Val	TAC	0	0	89.6	
NZ_AP023355.1	10	2247377	2247443	Val	TAC	0	0	28.7	pseudo
NZ_AP023355.1	11	2478865	2478937	Glu	CTC	0	0	68.9	
NZ_AP023355.1	12	3619157	3619231	Val	CAC	0	0	78.4	
NZ_AP023355.1	13	4008763	4008838	His	GTG	0	0	71.7	
NZ_AP023355.1	14	5028469	5028541	Trp	CCA	0	0	71.6	
NZ_AP023355.1	15	5028656	5028730	Pro	TGG	0	0	37.8	pseudo
NZ_AP023355.1	16	5028752	5028826	Glu	CTC	0	0	64.4	
NZ_AP023355.1	17	5028828	5028900	Gly	TCC	0	0	52.3	
NZ_AP023355.1	18	5028906	5028980	Leu	CAA	0	0	52.6	
NZ_AP023355.1	19	5028986	5029058	Thr	GGT	0	0	48.9	
NZ_AP023355.1	20	5029063	5029134	Gly	GCC	0	0	68.3	
NZ_AP023355.1	21	5029719	5029790	Gln	CTG	0	0	56.8	
NZ_AP023355.1	22	5029795	5029867	Leu	GAG	0	0	45.6	
NZ_AP023355.1	23	5029869	5029939	Thr	CGT	0	0	43.4	
NZ_AP023355.1	24	5029972	5030043	Ala	TGC	0	0	23.1	pseudo
NZ_AP023355.1	25	5030045	5030119	Leu	CAG	0	0	52.2	
NZ_AP023355.1	26	5030163	5030240	Ile	GAT	0	0	60.4	
NZ_AP023355.1	27	5030242	5030315	Arg	ACG	0	0	71.8	
NZ_AP023355.1	28	5030321	5030398	Pro	CGG	0	0	80.5	
NZ_AP023355.1	29	5030400	5030487	Ser	CGA	0	0	42.9	
NZ_AP023355.1	30	5030489	5030560	Lys	CTT	0	0	71.4	
NZ_AP023355.1	31	5030592	5030660	Met	CAT	0	0	31.8	pseudo
NZ_AP023355.1	32	5030671	5030742	Glu	TTC	0	0	53.4	
NZ_AP023355.1	33	5030747	5030822	Asn	GTT	0	0	70.6	
NZ_AP023355.1	34	5030860	5030932	Val	TAC	0	0	80.9	
NZ_AP023355.1	35	5030935	5031008	His	GTG	0	0	47.1	
NZ_AP023355.1	36	5031013	5031097	Tyr	GTA	0	0	49.9	
NZ_AP023355.1	37	5031099	5031171	Arg	CCG	0	0	75.4	
NZ_AP023355.1	38	5031183	5031261	Cys	GCA	0	0	39.8	
NZ_AP023355.1	39	5031301	5031383	Asn	GTT	0	0	29.1	pseudo
NZ_AP023355.1	40	5641270	5641341	Leu	TAG	0	0	51.0	
NZ_AP023355.1	41	5916457	5916601	Undet	NNN	0	0	23.1	pseudo
NZ_AP023355.1	42	6494066	6494152	Ser	CGA	0	0	68.8	
NZ_AP023355.1	43	7315732	7315660	Lys	TTT	0	0	77.4	
NZ_AP023355.1	44	7301718	7301655	Lys	TTT	0	0	19.7	pseudo
NZ_AP023355.1	45	7246764	7246680	Ser	GGA	0	0	67.1	
NZ_AP023355.1	46	7124522	7124449	Gly	CCC	0	0	79.9	
NZ_AP023355.1	47	6939054	6938981	Ile	GAT	0	0	82.6	
NZ_AP023355.1	48	6938601	6938529	Ala	TGC	0	0	76.2	
NZ_AP023355.1	49	6874714	6874632	Leu	CAG	0	0	65.6	
NZ_AP023355.1	50	6815818	6815729	Ser	TGA	0	0	71.8	
NZ_AP023355.1	51	6695003	6694931	Arg	ACG	0	0	78.2	
NZ_AP023355.1	52	6574187	6574094	Ser	GCT	0	0	73.1	
NZ_AP023355.1	53	6483627	6483555	Glu	TTC	0	0	69.3	
NZ_AP023355.1	54	6483534	6483461	Asp	GTC	0	0	73.2	
NZ_AP023355.1	55	6483176	6483100	Phe	GAA	0	0	82.2	
NZ_AP023355.1	56	6401066	6400993	Pro	CGG	0	0	72.0	
NZ_AP023355.1	57	6006694	6006613	Tyr	GTA	0	0	67.8	
NZ_AP023355.1	58	5970856	5970784	Thr	GGT	0	0	69.8	
NZ_AP023355.1	59	5970564	5970492	Met	CAT	0	0	70.5	
NZ_AP023355.1	60	5969004	5968932	Trp	CCA	0	0	80.6	
NZ_AP023355.1	61	5635403	5635330	fMet	CAT	0	0	76.0	
NZ_AP023355.1	62	4418648	4418576	Asn	GTT	0	0	72.3	
NZ_AP023355.1	63	4270120	4270044	Ile2	CAT	0	0	90.8	
NZ_AP023355.1	64	3615064	3614992	Gly	GCC	0	0	85.0	
NZ_AP023355.1	65	3614937	3614866	Cys	GCA	0	0	67.7	
NZ_AP023355.1	66	3614864	3614790	Val	GAC	0	0	80.9	
NZ_AP023355.1	67	3558523	3558439	Leu	GAG	0	0	59.1	
NZ_AP023355.1	68	3147989	3147916	Pro	GGG	0	0	71.9	
NZ_AP023355.1	69	2808866	2808784	Leu	CAA	0	0	70.7	
NZ_AP023355.1	70	2477928	2477857	Gln	CTG	0	0	55.3	
NZ_AP023355.1	71	2477834	2477762	Glu	CTC	0	0	70.1	
NZ_AP023355.1	72	2125016	2124944	Arg	TCT	0	0	79.7	
NZ_AP023355.1	73	1839983	1839889	SeC	TCA	0	0	91.6	
NZ_AP023355.1	74	1345497	1345424	Gly	TCC	0	0	82.0	
NZ_AP023355.1	75	1227961	1227889	Gly	GCC	0	0	85.0	
NZ_AP023355.1	76	436934 	436859 	Arg	CCT	0	0	81.4	
NZ_AP023355.1	77	95918  	95843  	Thr	TGT	0	0	81.9	
NZ_CP070479.1	1	2980   	3063   	Tyr	GTA	0	0	71.7	
NZ_CP070479.1	2	3068   	3142   	Gln	TTG	0	0	64.5	
NZ_CP070479.1	3	62269  	62342  	Gly	TCC	0	0	77.6	
NZ_CP070479.1	4	95096  	95172  	Arg	TCT	0	0	71.9	
NZ_CP070479.1	5	95219  	95294  	Arg	CCT	0	0	67.2	
NZ_CP070479.1	6	279628 	279720 	Ser	GCT	0	0	73.6	
NZ_CP070479.1	7	625970 	626057 	Leu	TAA	0	0	69.8	
NZ_CP070479.1	8	626081 	626156 	Lys	TTT	0	0	72.4	
NZ_CP070479.1	9	651517 	651590 	Gly	GCC	0	0	74.6	
NZ_CP070479.1	10	713907 	713982 	Lys	CTT	0	0	75.0	
NZ_CP070479.1	11	733151 	733226 	Thr	GGT	0	0	73.0	
NZ_CP070479.1	12	745802 	745885 	Leu	CAA	0	0	63.3	
NZ_CP070479.1	13	736723 	736649 	Sup	TCA	0	0	73.3	
NZ_CP070479.1	14	733731 	733658 	Thr	CGT	0	0	79.3	
NZ_CP070479.1	15	703588 	703499 	Ser	CGA	0	0	69.1	
NZ_CP070479.1	16	679056 	678981 	His	GTG	0	0	71.5	
NZ_CP070479.1	17	511296 	511220 	Pro	TGG	0	0	81.9	
NZ_CP070479.1	18	511218 	511142 	Ala	TGC	0	0	84.8	
NZ_CP070479.1	19	511134 	511058 	Met	CAT	0	0	78.5	
NZ_CP070479.1	20	511034 	510959 	Ile2	CAT	0	0	84.6	
NZ_CP070479.1	21	510957 	510865 	Ser	TGA	0	0	77.0	
NZ_CP070479.1	22	510845 	510770 	fMet	CAT	0	0	70.4	
NZ_CP070479.1	23	510766 	510690 	Asp	GTC	0	0	77.5	
NZ_CP070479.1	24	510685 	510610 	Phe	GAA	0	0	79.1	
NZ_CP070479.1	25	464606 	464533 	Trp	CCA	0	0	66.1	
NZ_CP070479.1	26	179364 	179280 	Leu	AAG	0	0	73.9	
NZ_CP070479.1	27	171243 	171167 	Ile	GAT	0	0	82.2	
NZ_CP070479.1	28	73191  	73117  	Asn	GTT	0	0	80.8	
NZ_CP070479.1	29	73113  	73038  	Glu	TTC	0	0	64.7	
NZ_CP070479.1	30	73033  	72958  	Val	TAC	0	0	80.0	
NZ_CP070479.1	31	72952  	72877  	Thr	TGT	0	0	91.8	
NZ_CP070479.1	32	72866  	72782  	Leu	TAG	0	0	57.4	
NZ_CP070479.1	33	29681  	29607  	Cys	GCA	0	0	64.1	
NZ_CP070479.1	34	29599  	29523  	Arg	ACG	0	0	73.6	
NZ_JAFHKM010000002.1	1	1811648	1811724	Ile	GAT	0	0	86.6	
NZ_JAFHKM010000002.1	2	1811751	1811826	Ala	TGC	0	0	80.9	
NZ_JAFHKM010000002.1	3	1822652	1822740	Ser	TGA	0	0	86.7	
NZ_JAFHKM010000002.1	4	2034126	2034202	Ile	GAT	0	0	86.6	
NZ_JAFHKM010000002.1	5	2034229	2034304	Ala	TGC	0	0	80.9	
NZ_JAFHKM010000002.1	6	2037775	2037851	Met	CAT	0	0	79.0	
NZ_JAFHKM010000002.1	7	2037869	2037944	Val	TAC	0	0	88.2	
NZ_JAFHKM010000002.1	8	2037959	2038035	Asp	GTC	0	0	78.8	
NZ_JAFHKM010000002.1	9	2038062	2038137	Phe	GAA	0	0	85.9	
NZ_JAFHKM010000002.1	10	2038195	2038278	Tyr	GTA	0	0	72.2	
NZ_JAFHKM010000002.1	11	2038286	2038361	Lys	TTT	0	0	90.6	
NZ_JAFHKM010000002.1	12	2392416	2392494	Leu	CAG	0	0	37.2	
NZ_JAFHKM010000002.1	13	2589344	2589419	Thr	CGT	0	0	89.1	
NZ_JAFHKM010000002.1	14	3511375	3511450	Asn	GTT	0	0	82.4	
NZ_JAFHKM010000002.1	15	3511454	3511546	Ser	GGA	0	0	76.0	
NZ_JAFHKM010000002.1	16	3511553	3511627	Glu	TTC	0	0	74.2	
NZ_JAFHKM010000002.1	17	3511726	3511802	fMet	CAT	0	0	83.0	
NZ_JAFHKM010000002.1	18	3511837	3511913	Asp	GTC	0	0	78.8	
NZ_JAFHKM010000002.1	19	3511924	3511999	Phe	GAA	0	0	85.9	
NZ_JAFHKM010000002.1	20	3512021	3512096	Thr	TGT	0	0	86.3	
NZ_JAFHKM010000002.1	21	3512116	3512199	Tyr	GTA	0	0	74.1	
NZ_JAFHKM010000002.1	22	3512211	3512284	Trp	CCA	0	0	70.3	
NZ_JAFHKM010000002.1	23	3512308	3512383	His	GTG	0	0	69.5	
NZ_JAFHKM010000002.1	24	3512405	3512479	Gln	TTG	0	0	76.0	
NZ_JAFHKM010000002.1	25	3512484	3512558	Gly	GCC	0	0	91.0	
NZ_JAFHKM010000002.1	26	3512629	3512703	Gly	GCC	0	0	91.0	
NZ_JAFHKM010000002.1	27	3512717	3512790	Cys	GCA	0	0	75.3	
NZ_JAFHKM010000002.1	28	3512806	3512882	Arg	ACG	0	0	83.6	
NZ_JAFHKM010000002.1	29	3512890	3512975	Leu	CAA	0	0	71.5	
NZ_JAFHKM010000002.1	30	3916721	3916796	Ala	GGC	0	0	69.7	
NZ_JAFHKM010000002.1	31	4412353	4412429	fMet	CAT	0	0	83.0	
NZ_JAFHKM010000002.1	32	4412459	4412535	Ile2	CAT	0	0	87.9	
NZ_JAFHKM010000002.1	33	4413103	4413191	Leu	TAA	0	0	76.2	
NZ_JAFHKM010000002.1	34	6073838	6073914	Arg	TCT	0	0	84.0	
NZ_JAFHKM010000002.1	35	6067879	6067806	Gly	CCC	0	0	79.5	
NZ_JAFHKM010000002.1	36	5927385	5927299	Leu	CAG	0	0	69.0	
NZ_JAFHKM010000002.1	37	5901056	5900970	Leu	CAG	0	0	69.0	
NZ_JAFHKM010000002.1	38	5429850	5429774	Pro	GGG	0	0	65.3	
NZ_JAFHKM010000002.1	39	4415432	4415357	Val	GAC	0	0	67.2	
NZ_JAFHKM010000002.1	40	4414497	4414422	Val	GAC	0	0	67.2	
NZ_JAFHKM010000002.1	41	2084006	2083932	Arg	CCG	0	0	66.4	
NZ_JAFHKM010000002.1	42	1839549	1839472	Arg	CCT	0	0	69.1	
NZ_JAFHKM010000002.1	43	1828969	1828893	Pro	CGG	0	0	85.1	
NZ_JAFHKM010000002.1	44	1692617	1692527	Ser	CGA	0	0	80.3	
NZ_JAFHKM010000002.1	45	818244 	818168 	Ile	GAT	0	0	86.6	
NZ_JAFHKM010000002.1	46	818141 	818066 	Ala	TGC	0	0	80.9	
NZ_JAFHKM010000002.1	47	814516 	814441 	Thr	GGT	0	0	68.6	
NZ_JAFHKM010000002.1	48	814433 	814359 	Glu	TTC	0	0	74.2	
NZ_JAFHKM010000002.1	49	814351 	814276 	Val	TAC	0	0	88.2	
NZ_JAFHKM010000002.1	50	814266 	814192 	Gln	TTG	0	0	76.0	
NZ_JAFHKM010000002.1	51	814141 	814059 	Leu	TAG	0	0	74.0	
NZ_JAFHKM010000002.1	52	814050 	813976 	Gly	GCC	0	0	91.1	
NZ_JAFHKM010000002.1	53	813967 	813891 	Arg	ACG	0	0	85.8	
NZ_JAFHKM010000002.1	54	813872 	813796 	Pro	TGG	0	0	78.8	
NZ_JAFHKM010000002.1	55	813779 	813706 	Gly	TCC	0	0	81.9	
NZ_JAFHKM010000002.1	56	494677 	494602 	Lys	CTT	0	0	79.7	
NZ_JAFHKM010000002.1	57	438516 	438441 	Asn	GTT	0	0	78.1	
NZ_JAFHKM010000002.1	58	438437 	438349 	Ser	GCT	0	0	73.9	
NZ_JAFHKM010000002.1	59	436857 	436783 	Glu	TTC	0	0	74.2	
NZ_JAFHKM010000002.1	60	436779 	436704 	Lys	TTT	0	0	90.6	
NZ_JAFHKM010000002.1	61	436643 	436559 	Undet	NNN	0	0	53.1	
NZ_JAGQDE010000017.1	1	91382  	91278  	Ser	CGA	0	0	27.9	pseudo
NZ_JAGQDE010000018.1	1	21785  	21859  	Val	CAC	0	0	88.2	
NZ_JAGQDE010000018.1	2	21879  	21953  	Val	CAC	0	0	88.2	
NZ_JAGQDE010000018.1	3	84306  	84230  	Asn	GTT	0	0	20.3	pseudo
NZ_JAGQDE010000001.1	1	52899  	52974  	Thr	TGT	0	0	84.7	
NZ_JAGQDE010000001.1	2	239527 	239617 	Ser	CGA	0	0	88.8	
NZ_JAGQDE010000001.1	3	413267 	413343 	Arg	ACG	0	0	85.7	
NZ_JAGQDE010000001.1	4	203401 	203326 	Thr	CGT	0	0	84.5	
NZ_JAGQDE010000021.1	1	14843  	14768  	Phe	GAA	0	0	83.7	
NZ_JAGQDE010000028.1	1	40056  	39981  	Val	TAC	0	0	86.6	
NZ_JAGQDE010000028.1	2	37887  	37812  	His	GTG	0	0	73.7	
NZ_JAGQDE010000029.1	1	12840  	12915  	Ala	GGC	0	0	74.7	
NZ_JAGQDE010000029.1	2	12953  	13028  	Glu	TTC	0	0	55.3	
NZ_JAGQDE010000029.1	3	13111  	13187  	Asp	GTC	0	0	87.4	
NZ_JAGQDE010000029.1	4	13273  	13348  	Ala	GGC	0	0	74.7	
NZ_JAGQDE010000029.1	5	13392  	13467  	Glu	TTC	0	0	55.3	
NZ_JAGQDE010000029.1	6	13556  	13632  	Asp	GTC	0	0	87.4	
NZ_JAGQDE010000029.1	7	31169  	31242  	Gly	CCC	0	0	73.1	
NZ_JAGQDE010000002.1	1	439748 	439824 	Ile2	CAT	0	0	75.8	
NZ_JAGQDE010000002.1	2	427152 	427076 	Gln	TTG	0	0	75.3	
NZ_JAGQDE010000002.1	3	314730 	314654 	Met	CAT	0	0	78.2	
NZ_JAGQDE010000002.1	4	299766 	299690 	Pro	CGG	0	0	78.5	
NZ_JAGQDE010000034.1	1	25214  	25139  	Ala	CGC	0	0	76.7	
NZ_JAGQDE010000034.1	2	1178   	1060   	Undet	NNN	0	0	22.5	pseudo
NZ_JAGQDE010000036.1	1	29333  	29408  	Asn	GTT	0	0	75.5	
NZ_JAGQDE010000036.1	2	29486  	29561  	Asn	GTT	0	0	75.5	
NZ_JAGQDE010000003.1	1	400288 	400199 	Ser	TGA	0	0	86.1	
NZ_JAGQDE010000003.1	2	83709  	83635  	Arg	CCT	0	0	68.8	
NZ_JAGQDE010000004.1	1	112444 	112528 	Leu	GAG	0	0	64.9	
NZ_JAGQDE010000004.1	2	218754 	218830 	Pro	TGG	0	0	84.1	
NZ_JAGQDE010000004.1	3	237721 	237631 	Ser	GGA	0	0	85.3	
NZ_JAGQDE010000004.1	4	221179 	221103 	Arg	TCT	0	0	80.6	
NZ_JAGQDE010000005.1	1	199848 	199932 	Leu	CAA	0	0	73.9	
NZ_JAGQDE010000006.1	1	52930  	53005  	Arg	CCG	0	0	81.4	
NZ_JAGQDE010000006.1	2	202449 	202364 	Tyr	GTA	0	0	78.0	
NZ_JAGQDE010000006.1	3	202292 	202219 	Gly	TCC	0	0	86.1	
NZ_JAGQDE010000006.1	4	202133 	202059 	Thr	GGT	0	0	81.7	
NZ_JAGQDE010000006.1	5	200794 	200719 	Trp	CCA	0	0	86.0	
NZ_JAGQDE010000006.1	6	165524 	165448 	fMet	CAT	0	0	81.8	
NZ_JAGQDE010000007.1	1	55940  	56016  	Ile	GAT	0	0	86.3	
NZ_JAGQDE010000007.1	2	56038  	56113  	Ala	TGC	0	0	81.0	
NZ_JAGQDE010000007.1	3	61506  	61582  	Ile	GAT	0	0	86.3	
NZ_JAGQDE010000007.1	4	61604  	61679  	Ala	TGC	0	0	81.0	
NZ_JAGQDE010000008.1	1	180722 	180806 	Leu	CAG	0	0	68.4	
NZ_JAGQDE010000008.1	2	181116 	181200 	Leu	CAG	0	0	68.4	
NZ_JAGQDE010000008.1	3	109505 	109429 	Val	GAC	0	0	85.1	
NZ_JAGQDE010000008.1	4	45142  	45049  	Ser	GCT	0	0	85.2	
NZ_JAGQDE010000009.1	1	47264  	47339  	Lys	TTT	0	0	92.9	
NZ_JAGQDE010000009.1	2	47369  	47444  	Lys	CTT	0	0	91.7	
NZ_JAGQDE010000009.1	3	47488  	47563  	Lys	CTT	0	0	91.7	
NZ_JAGQDE010000009.1	4	142810 	142886 	Pro	GGG	0	0	72.5	
NZ_JAGQDE010000009.1	5	173213 	173299 	Leu	TAG	0	0	67.0	
NZ_JAGQDE010000009.1	6	179465 	179540 	Gly	GCC	0	0	85.6	
NZ_JAGQDE010000009.1	7	179619 	179692 	Cys	GCA	0	0	64.5	
NZ_JAGQDE010000009.1	8	179708 	179783 	Gly	GCC	0	0	85.6	
NZ_JAGQDE010000009.1	9	179844 	179919 	Gly	GCC	0	0	85.6	
NZ_JAGQDE010000009.1	10	179991 	180079 	Leu	TAA	0	0	80.2	
NZ_CP065581.1	1	265246 	265321 	Asn	GTT	0	0	75.8	
NZ_CP065581.1	2	265329 	265404 	Glu	TTC	0	0	64.1	
NZ_CP065581.1	3	265412 	265487 	Val	TAC	0	0	84.0	
NZ_CP065581.1	4	265500 	265575 	Thr	TGT	0	0	84.2	
NZ_CP065581.1	5	299216 	299292 	Ile	GAT	0	0	79.8	
NZ_CP065581.1	6	311432 	311507 	His	GTG	0	0	61.8	
NZ_CP065581.1	7	313813 	313888 	Sup	TCA	0	0	78.4	
NZ_CP065581.1	8	313926 	314000 	Trp	CCA	0	0	76.5	
NZ_CP065581.1	9	455968 	456043 	Thr	AGT	0	0	88.0	
NZ_CP065581.1	10	456050 	456133 	Tyr	GTA	0	0	72.7	
NZ_CP065581.1	11	456139 	456213 	Gln	TTG	0	0	68.9	
NZ_CP065581.1	12	456218 	456293 	Lys	TTT	0	0	84.9	
NZ_CP065581.1	13	456304 	456392 	Leu	TAA	0	0	69.4	
NZ_CP065581.1	14	917573 	917648 	Lys	CTT	0	0	75.0	
NZ_CP065581.1	15	952181 	952107 	Cys	GCA	0	0	69.9	
NZ_CP065581.1	16	861924 	861858 	Undet	NNN	0	0	25.3	
NZ_CP065581.1	17	712256 	712167 	Ser	GCT	0	0	80.4	
NZ_CP065581.1	18	696201 	696128 	Gly	TCC	0	0	75.3	
NZ_CP065581.1	19	607305 	607229 	Arg	TCT	0	0	74.1	
NZ_CP065581.1	20	545009 	544925 	Leu	CAA	0	0	67.7	
NZ_CP065581.1	21	220744 	220668 	Arg	ACG	0	0	79.4	
NZ_CP065581.1	22	220620 	220544 	Pro	TGG	0	0	82.2	
NZ_CP065581.1	23	220533 	220458 	Ala	TGC	0	0	82.2	
NZ_CP065581.1	24	220453 	220377 	Met	CAT	0	0	81.3	
NZ_CP065581.1	25	220365 	220289 	Ile2	CAT	0	0	85.3	
NZ_CP065581.1	26	220246 	220154 	Ser	TGA	0	0	85.5	
NZ_CP065581.1	27	220131 	220056 	fMet	CAT	0	0	90.8	
NZ_CP065581.1	28	220053 	219977 	Asp	GTC	0	0	79.8	
NZ_CP065581.1	29	219968 	219893 	Phe	GAA	0	0	76.2	
NZ_CP065581.1	30	87488  	87413  	Lys	TTT	0	0	84.9	
NZ_CP065581.1	31	87410  	87327  	Leu	TAG	0	0	71.6	
NZ_JAHESD010000117.1	1	1845   	1918   	Ile	GAT	0	0	73.5	
NZ_JAHESD010000117.1	2	2075   	2148   	Ala	TGC	0	0	76.6	
NZ_JAHESD010000011.1	1	57376  	57448  	Gly	GCC	0	0	82.4	
NZ_JAHESD010000011.1	2	57503  	57588  	Leu	TAA	0	0	67.4	
NZ_JAHESD010000160.1	1	170    	107    	Ala	AGC	0	0	26.4	
NZ_JAHESD010000016.1	1	92639  	92712  	Ile2	CAT	0	0	67.8	
NZ_JAHESD010000023.1	1	43906  	43833  	Asn	GTT	0	0	71.6	
NZ_JAHESD010000023.1	2	33367  	33293  	Pro	AGG	0	0	66.3	
NZ_JAHESD010000024.1	1	33238  	33319  	Leu	CAA	0	0	60.9	
NZ_JAHESD010000027.1	1	443    	371    	Phe	GAA	0	0	79.9	
NZ_JAHESD010000002.1	1	35282  	35355  	Met	CAT	0	0	72.4	
NZ_JAHESD010000002.1	2	49364  	49436  	Thr	TGT	0	0	75.0	
NZ_JAHESD010000002.1	3	73600  	73673  	Asp	GTC	0	0	81.2	
NZ_JAHESD010000030.1	1	39714  	39642  	fMet	CAT	0	0	74.3	
NZ_JAHESD010000033.1	1	18894  	18823  	Glu	TTC	0	0	54.5	
NZ_JAHESD010000003.1	1	102964 	103046 	Tyr	GTA	0	0	64.1	
NZ_JAHESD010000003.1	2	103117 	103189 	Gly	TCC	0	0	75.6	
NZ_JAHESD010000003.1	3	103322 	103393 	Thr	GGT	0	0	72.6	
NZ_JAHESD010000003.1	4	105225 	105297 	Trp	CCA	0	0	75.5	
NZ_JAHESD010000041.1	1	2539   	2451   	Ser	GCT	0	0	71.5	
NZ_JAHESD010000041.1	2	2444   	2371   	Arg	TCT	0	0	70.6	
NZ_JAHESD010000041.1	3	2289   	2215   	Pro	TGG	0	0	74.1	
NZ_JAHESD010000043.1	1	48911  	48984  	Arg	ACG	0	0	60.3	
NZ_JAHESD010000004.1	1	136701 	136771 	Cys	GCA	0	0	59.4	
NZ_JAHESD010000051.1	1	38547  	38630  	Leu	GAG	0	0	54.7	
NZ_JAHESD010000051.1	2	38702  	38783  	Leu	CAG	0	0	56.5	
NZ_JAHESD010000051.1	3	30402  	30330  	Lys	TTT	0	0	73.6	
NZ_JAHESD010000052.1	1	28863  	28791  	Gln	TTG	0	0	57.5	
NZ_JAHESD010000057.1	1	37049  	37138  	Ser	GGA	0	0	87.6	
NZ_JAHESD010000059.1	1	16091  	16007  	Ser	TGA	0	0	68.5	
NZ_JAHESD010000066.1	1	7136   	7062   	Arg	CCT	0	0	63.5	
NZ_JAHESD010000073.1	1	26120  	26193  	Ala	GGC	0	0	66.4	
NZ_JAHESD010000007.1	1	19842  	19916  	Val	TAC	0	0	85.3	
NZ_JAHESD010000007.1	2	109844 	109919 	His	GTG	0	0	68.3	
NZ_JAHESD010000087.1	1	81     	10     	Arg	CCG	0	0	52.2	
NZ_JAHESD010000096.1	1	3942   	3870   	Asn	GTT	0	0	54.9	
NZ_JAHESD010000096.1	2	3857   	3780   	Val	GAC	0	0	22.9	
NZ_JAHESD010000096.1	3	3415   	3344   	Ile	GAT	0	0	61.2	
NZ_JAHESD010000096.1	4	3337   	3265   	Met	CAT	0	0	74.6	
NZ_JAHESD010000096.1	5	2476   	2401   	Pro	TGG	0	0	58.3	
NZ_JAHESD010000096.1	6	2394   	2311   	Tyr	GTA	0	0	43.3	
NZ_JAHESD010000096.1	7	2301   	2230   	Gln	TTG	0	0	54.3	
NZ_JAHESD010000096.1	8	2141   	2069   	Arg	ACG	0	0	50.5	
NZ_JAHESD010000096.1	9	1969   	1886   	Ser	TGA	0	0	45.9	
NZ_JAHESD010000099.1	1	6102   	6183   	Leu	TAG	0	0	70.5	
NZ_CP065193.1	1	120182 	120258 	Arg	TCT	0	0	80.6	
NZ_CP065193.1	2	434231 	434306 	Asn	GTT	0	0	78.1	
NZ_CP065193.1	3	434313 	434388 	Glu	TTC	0	0	73.8	
NZ_CP065193.1	4	731855 	731931 	Thr	GGT	0	0	32.0	
NZ_CP065193.1	5	731934 	732023 	Ser	GGA	0	0	54.9	
NZ_CP065193.1	6	820617 	820706 	Ser	GCT	0	0	84.7	
NZ_CP065193.1	7	825602 	825677 	Sup	TCA	0	0	76.8	
NZ_CP065193.1	8	949371 	949455 	Leu	TAG	0	0	72.3	
NZ_CP065193.1	9	1022177	1022234	Undet	NNN	0	0	22.9	pseudo
NZ_CP065193.1	10	1029485	1029560	His	GTG	0	0	69.0	
NZ_CP065193.1	11	1267117	1267192	Val	TAC	0	0	79.8	
NZ_CP065193.1	12	1267196	1267271	Thr	TGT	0	0	82.5	
NZ_CP065193.1	13	1267282	1267365	Tyr	GTA	0	0	76.2	
NZ_CP065193.1	14	1267372	1267446	Gln	TTG	0	0	65.7	
NZ_CP065193.1	15	1267457	1267532	Lys	TTT	0	0	79.5	
NZ_CP065193.1	16	1267538	1267626	Leu	TAA	0	0	65.5	
NZ_CP065193.1	17	1284377	1284451	Trp	CCA	0	0	75.6	
NZ_CP065193.1	18	1110831	1110755	Cys	GCA	0	0	65.3	
NZ_CP065193.1	19	1109576	1109500	Arg	ACG	0	0	76.8	
NZ_CP065193.1	20	1109486	1109410	Pro	TGG	0	0	81.9	
NZ_CP065193.1	21	1109404	1109328	Met	CAT	0	0	76.9	
NZ_CP065193.1	22	886259 	886186 	Gly	TCC	0	0	75.3	
NZ_CP065193.1	23	686389 	686313 	Ile	GAT	0	0	85.3	
NZ_CP065193.1	24	686307 	686232 	Ala	TGC	0	0	75.0	
NZ_CP065193.1	25	564309 	564228 	Leu	CAA	0	0	43.3	
NZ_CP065193.1	26	486590 	486514 	Ile2	CAT	0	0	92.4	
NZ_CP065193.1	27	486496 	486404 	Ser	TGA	0	0	74.1	
NZ_CP065193.1	28	486379 	486303 	fMet	CAT	0	0	79.2	
NZ_CP065193.1	29	486299 	486224 	Asp	GTC	0	0	73.4	
NZ_CP065193.1	30	486214 	486139 	Phe	GAA	0	0	77.8	
NZ_JAHCDI010000001.1	1	24977  	25050  	Leu	CAA	0	0	46.7	
NZ_JAHCDI010000003.1	1	19473  	19559  	Ser	CGA	0	0	69.7	
NZ_JAHCDI010000003.1	2	212672 	212745 	Thr	TGT	0	0	77.7	
NZ_JAHCDI010000003.1	3	254463 	254597 	Undet	NNN	0	0	28.8	pseudo
NZ_JAHCDI010000003.1	4	503241 	503324 	Tyr	GTA	0	0	70.8	
NZ_JAHCDI010000003.1	5	508760 	508832 	Thr	GGT	0	0	70.2	
NZ_JAHCDI010000003.1	6	508858 	508930 	Met	CAT	0	0	65.3	
NZ_JAHCDI010000003.1	7	510328 	510400 	Trp	CCA	0	0	79.5	
NZ_JAHCDI010000003.1	8	745357 	745430 	fMet	CAT	0	0	74.7	
NZ_JAHCDI010000003.1	9	745589 	745662 	fMet	CAT	0	0	74.7	
NZ_JAHCDI010000003.1	10	1085031	1085104	Pro	TGG	0	0	74.6	
NZ_JAHCDI010000003.1	11	1084761	1084688	Gly	TCC	0	0	82.9	
NZ_JAHCDI010000003.1	12	1049959	1049876	Trp	CCA	0	0	26.1	pseudo
NZ_JAHCDI010000003.1	13	986798 	986723 	Arg	TCT	0	0	86.5	
NZ_JAHCDI010000003.1	14	831753 	831682 	Arg	CCG	0	0	79.7	
NZ_JAHCDI010000003.1	15	74514  	74438  	Pro	CGG	0	0	80.1	
NZ_JAHCDI010000003.1	16	23443  	23359  	Ser	GGA	0	0	65.1	
NZ_JAHCDI010000004.1	1	163435 	163507 	Asn	GTT	0	0	69.5	
NZ_JAHCDI010000004.1	2	166465 	166541 	Ile2	CAT	0	0	89.3	
NZ_JAHCDI010000004.1	3	319871 	319945 	Val	TAC	0	0	88.0	
NZ_JAHCDI010000004.1	4	747376 	747459 	Leu	GAG	0	0	57.9	
NZ_JAHCDI010000004.1	5	1766377	1766472	SeC	TCA	0	0	109.7	
NZ_JAHCDI010000004.1	6	3857287	3857361	Leu	TAG	0	0	55.3	
NZ_JAHCDI010000004.1	7	5138983	5139056	Ile	GAT	0	0	77.7	
NZ_JAHCDI010000004.1	8	5139268	5139343	Ala	TGC	0	0	82.4	
NZ_JAHCDI010000004.1	9	5147654	5147756	Ser	CGA	0	0	24.6	pseudo
NZ_JAHCDI010000004.1	10	5216458	5216531	Gly	CCC	0	0	84.0	
NZ_JAHCDI010000004.1	11	5395102	5395173	Lys	TTT	0	0	67.8	
NZ_JAHCDI010000004.1	12	5520856	5520961	Arg	ACG	0	0	16.0	pseudo
NZ_JAHCDI010000004.1	13	5324301	5324229	Glu	TTC	0	0	68.3	
NZ_JAHCDI010000004.1	14	5324193	5324120	Asp	GTC	0	0	72.8	
NZ_JAHCDI010000004.1	15	5324017	5323944	Phe	GAA	0	0	77.1	
NZ_JAHCDI010000004.1	16	5194548	5194463	Leu	CAG	0	0	72.4	
NZ_JAHCDI010000004.1	17	4995366	4995280	Ser	TGA	0	0	70.3	
NZ_JAHCDI010000004.1	18	4979935	4979836	Ser	TGA	0	0	20.4	pseudo
NZ_JAHCDI010000004.1	19	4968078	4967988	Ser	GCT	0	0	69.3	
NZ_JAHCDI010000004.1	20	4967952	4967880	Arg	ACG	0	0	74.9	
NZ_JAHCDI010000004.1	21	4755590	4755514	Thr	CGT	0	0	87.0	
NZ_JAHCDI010000004.1	22	4638006	4637934	Arg	CCT	0	0	70.6	
NZ_JAHCDI010000004.1	23	4620562	4620489	Undet	NNN	0	0	10.5	pseudo
NZ_JAHCDI010000004.1	24	4560995	4560919	Ala	CGC	0	0	76.6	
NZ_JAHCDI010000004.1	25	4523896	4523825	Gln	TTG	0	0	57.6	
NZ_JAHCDI010000004.1	26	4377227	4377147	Leu	TAA	0	0	70.4	
NZ_JAHCDI010000004.1	27	4215664	4215598	Undet	NNN	0	0	29.8	pseudo
NZ_JAHCDI010000004.1	28	4211767	4211695	Ala	GGC	0	0	76.6	
NZ_JAHCDI010000004.1	29	4032429	4032332	Undet	NNN	0	0	24.6	pseudo
NZ_JAHCDI010000004.1	30	3845008	3844933	His	GTG	0	0	71.2	
NZ_JAHCDI010000004.1	31	3842019	3841944	Lys	CTT	0	0	81.9	
NZ_JAHCDI010000004.1	32	3684149	3684078	Gln	CTG	0	0	54.7	
NZ_JAHCDI010000004.1	33	3683941	3683869	Glu	CTC	0	0	70.2	
NZ_JAHCDI010000004.1	34	3345372	3345300	Gly	GCC	0	0	85.0	
NZ_JAHCDI010000004.1	35	3345265	3345195	Cys	GCA	0	0	70.3	
NZ_JAHCDI010000004.1	36	3345182	3345111	Val	GAC	0	0	71.3	
NZ_JAHCDI010000004.1	37	3342220	3342148	Gly	GCC	0	0	85.0	
NZ_JAHCDI010000004.1	38	3342114	3342043	Val	GAC	0	0	71.3	
NZ_JAHCDI010000004.1	39	3296938	3296867	Val	CAC	0	0	72.0	
NZ_JAHCDI010000004.1	40	2701958	2701885	Pro	GGG	0	0	70.0	
NZ_JAHCDI010000004.1	41	1906210	1906139	Arg	ACG	0	0	74.6	
NZ_CP088273.1	1	2400   	2476   	Ile	GAT	0	0	83.9	
NZ_CP088273.1	2	2494   	2569   	Ala	TGC	0	0	82.4	
NZ_CP088273.1	3	6482   	6558   	fMet	CAT	0	0	78.6	
NZ_CP088273.1	4	367996 	368072 	Ile2	CAT	0	0	82.7	
NZ_CP088273.1	5	545495 	545570 	Lys	CTT	0	0	89.1	
NZ_CP088273.1	6	949678 	949741 	Undet	NNN	0	0	41.6	
NZ_CP088273.1	7	949878 	949954 	fMet	CAT	0	0	43.7	
NZ_CP088273.1	8	982179 	982255 	Arg	TCT	0	0	78.1	
NZ_CP088273.1	9	986657 	986730 	Cys	GCA	0	0	69.2	
NZ_CP088273.1	10	1108689	1108764	Thr	TGT	0	0	85.7	
NZ_CP088273.1	11	1125288	1125372	Tyr	GTA	0	0	79.8	
NZ_CP088273.1	12	1125495	1125568	Gly	TCC	0	0	83.2	
NZ_CP088273.1	13	1129159	1129234	Trp	CCA	0	0	94.4	
NZ_CP088273.1	14	1255511	1255600	Ser	TGA	0	0	92.5	
NZ_CP088273.1	15	1574572	1574647	Val	TAC	0	0	83.8	
NZ_CP088273.1	16	1829118	1829209	Ser	GCT	0	0	86.0	
NZ_CP088273.1	17	2011713	2011789	Pro	CGG	0	0	76.6	
NZ_CP088273.1	18	2402934	2403008	Thr	GGT	0	0	81.0	
NZ_CP088273.1	19	2472153	2472228	Thr	CGT	0	0	83.9	
NZ_CP088273.1	20	2646497	2646573	Arg	CCG	0	0	91.4	
NZ_CP088273.1	21	2853566	2853656	Ser	GGA	0	0	80.6	
NZ_CP088273.1	22	3019318	3019402	Leu	CAG	0	0	70.3	
NZ_CP088273.1	23	3509333	3509407	Glu	CTC	0	0	68.9	
NZ_CP088273.1	24	3627635	3627719	Leu	CAA	0	0	74.4	
NZ_CP088273.1	25	3662452	3662528	Ile	GAT	0	0	83.9	
NZ_CP088273.1	26	3662546	3662621	Ala	TGC	0	0	82.4	
NZ_CP088273.1	27	3666534	3666610	fMet	CAT	0	0	78.6	
NZ_CP088273.1	28	3576185	3576109	Arg	ACG	0	0	88.9	
NZ_CP088273.1	29	3560618	3560542	Arg	CCT	0	0	79.9	
NZ_CP088273.1	30	3354420	3354331	Ser	CGA	0	0	94.6	
NZ_CP088273.1	31	3125251	3125177	Gly	GCC	0	0	86.8	
NZ_CP088273.1	32	2994640	2994565	Ala	GGC	0	0	75.4	
NZ_CP088273.1	33	2431043	2430970	Gly	CCC	0	0	82.9	
NZ_CP088273.1	34	2395744	2395669	Phe	GAA	0	0	80.3	
NZ_CP088273.1	35	2338932	2338856	His	GTG	0	0	77.1	
NZ_CP088273.1	36	2058153	2058079	Gln	TTG	0	0	71.6	
NZ_CP088273.1	37	1703909	1703833	Pro	TGG	0	0	83.3	
NZ_CP088273.1	38	1703394	1703318	Arg	TCT	0	0	83.9	
NZ_CP088273.1	39	1620632	1620559	Pro	GGG	0	0	67.8	
NZ_CP088273.1	40	1574382	1574306	Asp	GTC	0	0	85.0	
NZ_CP088273.1	41	1450975	1450891	Leu	GAG	0	0	70.7	
NZ_CP088273.1	42	1207397	1207322	Lys	TTT	0	0	89.0	
NZ_CP088273.1	43	1044241	1044167	Glu	TTC	0	0	69.0	
NZ_CP088273.1	44	1029710	1029628	Leu	TAG	0	0	68.4	
NZ_CP088273.1	45	982519 	982445 	Asn	GTT	0	0	84.3	
NZ_CP088273.1	46	897736 	897651 	Leu	TAA	0	0	70.4	
NZ_CP088273.1	47	190199 	190123 	Met	CAT	0	0	76.7	
NZ_CP088273.1	48	37504  	37430  	Val	GAC	0	0	77.6	
NZ_CP088274.1	1	279972 	280045 	Gln	CTG	0	0	69.2	
NZ_CP088274.1	2	238780 	238704 	Ile	GAT	0	0	83.9	
NZ_CP088274.1	3	238686 	238611 	Ala	TGC	0	0	82.4	
NZ_CP088274.1	4	234860 	234784 	fMet	CAT	0	0	78.6	
NZ_DYYK01000004.1	1	14793  	14869  	Ile2	CAT	0	0	72.9	
NZ_DYYK01000009.1	1	21424  	21354  	Gln	CTG	0	0	46.5	
NZ_DYYK01000014.1	1	8681   	8763   	Tyr	GTA	0	0	67.8	
NZ_DYYK01000014.1	2	8772   	8844   	Gly	GCC	0	0	84.2	
NZ_DYYK01000014.1	3	8856   	8938   	Leu	GAG	0	0	54.1	
NZ_DYYK01000016.1	1	6759   	6833   	Pro	GGG	0	0	59.7	
NZ_DYYK01000021.1	1	2292   	2208   	Ser	TGA	0	0	70.2	
NZ_DYYK01000024.1	1	4190   	4117   	Asp	GTC	0	0	72.7	
NZ_DYYK01000025.1	1	864    	793    	Arg	CCT	0	0	57.8	
NZ_DYYK01000031.1	1	26523  	26609  	Ser	GCT	0	0	75.9	
NZ_DYYK01000032.1	1	18367  	18440  	Thr	TGT	0	0	68.8	
NZ_DYYK01000035.1	1	8739   	8812   	Arg	ACG	0	0	61.9	
NZ_DYYK01000036.1	1	4888   	4816   	Lys	TTT	0	0	64.2	
NZ_DYYK01000038.1	1	11684  	11759  	Lys	CTT	0	0	82.1	
NZ_DYYK01000047.1	1	211    	140    	Glu	TTC	0	0	51.8	
NZ_DYYK01000052.1	1	34055  	34128  	Thr	TGT	0	0	68.8	
NZ_DYYK01000052.1	2	34140  	34225  	Tyr	GTA	0	0	74.9	
NZ_DYYK01000052.1	3	34252  	34324  	Gly	TCC	0	0	68.0	
NZ_DYYK01000052.1	4	34334  	34405  	Thr	GGT	0	0	75.9	
NZ_DYYK01000052.1	5	35696  	35768  	Trp	CCA	0	0	67.9	
NZ_DYYK01000076.1	1	1759   	1831   	Gly	GCC	0	0	84.2	
NZ_DYYK01000078.1	1	6135   	6054   	Tyr	GTA	0	0	54.4	
NZ_DYYK01000078.1	2	5939   	5866   	Phe	GAA	0	0	55.4	
NZ_DYYK01000079.1	1	4818   	4892   	Pro	TGG	0	0	75.2	
NZ_DYYK01000079.1	2	5053   	5127   	Pro	TGG	0	0	75.2	
NZ_DYYK01000082.1	1	25932  	25857  	Lys	CTT	0	0	82.1	
NZ_DYYK01000087.1	1	3204   	3288   	Leu	TAG	0	0	73.7	
NZ_DYYK01000087.1	2	3474   	3558   	Leu	TAG	0	0	73.7	
NZ_DYYK01000093.1	1	12492  	12574  	Tyr	GTA	0	0	67.8	
NZ_DYYK01000093.1	2	12583  	12655  	Gly	TCC	0	0	68.0	
NZ_DYYK01000095.1	1	10336  	10264  	Trp	CCA	0	0	67.9	
NZ_DYYK01000116.1	1	429    	502    	Arg	TCT	0	0	66.8	
NZ_DYYK01000116.1	2	2661   	2734   	Arg	TCT	0	0	69.7	
NZ_DYYK01000117.1	1	937    	1010   	Gln	TTG	0	0	53.6	
NZ_DYYK01000121.1	1	16650  	16577  	Asn	GTT	0	0	70.1	
NZ_DYYK01000121.1	2	16544  	16471  	Asn	GTT	0	0	70.1	
NZ_DYYK01000123.1	1	33331  	33403  	fMet	CAT	0	0	70.7	
NZ_DYYK01000132.1	1	16452  	16526  	Val	TAC	0	0	83.8	
NZ_DYYK01000132.1	2	16568  	16642  	Val	TAC	0	0	83.8	
NZ_DYYK01000132.1	3	16681  	16755  	Val	TAC	0	0	83.8	
NZ_DYYK01000141.1	1	7280   	7353   	Arg	CCG	0	0	55.4	
NZ_DYYK01000153.1	1	16200  	16273  	Arg	TCT	0	0	66.8	
NZ_DYYK01000162.1	1	334    	262    	Lys	TTT	0	0	65.2	
NZ_DYYK01000168.1	1	16985  	17058  	Met	CAT	0	0	71.5	
NZ_DYYK01000170.1	1	58     	1      	Asp	GTC	0	0	51.8	
NZ_DYYK01000180.1	1	15150  	15220  	Gln	TTG	0	0	52.6	
NZ_DYYK01000180.1	2	39246  	39329  	Leu	CAA	0	0	59.6	
NZ_DYYK01000184.1	1	763    	692    	Glu	TTC	0	0	60.8	
NZ_DYYK01000187.1	1	16670  	16583  	Ser	TGA	0	0	78.8	
NZ_DYYK01000192.1	1	12412  	12482  	Cys	GCA	0	0	59.5	
NZ_DYYK01000192.1	2	827    	751    	His	GTG	0	0	65.4	
NZ_DYYK01000194.1	1	28564  	28477  	Ser	GGA	0	0	76.4	
NZ_CP051215.1	1	135617 	135693 	His	GTG	0	0	69.4	
NZ_CP051215.1	2	146485 	146578 	Ser	GCT	0	0	85.0	
NZ_CP051215.1	3	153497 	153570 	Sup	TCA	0	0	66.8	
NZ_CP051215.1	4	161025 	161100 	Cys	GCA	0	0	70.6	
NZ_CP051215.1	5	161207 	161281 	Arg	ACG	0	0	71.8	
NZ_CP051215.1	6	161287 	161363 	Pro	TGG	0	0	77.0	
NZ_CP051215.1	7	161379 	161454 	Ala	TGC	0	0	79.1	
NZ_CP051215.1	8	161476 	161553 	Met	CAT	0	0	73.6	
NZ_CP051215.1	9	161562 	161640 	Ile2	CAT	0	0	73.8	
NZ_CP051215.1	10	161653 	161745 	Ser	TGA	0	0	76.3	
NZ_CP051215.1	11	161762 	161836 	fMet	CAT	0	0	62.0	
NZ_CP051215.1	12	161839 	161914 	Asp	GTC	0	0	75.4	
NZ_CP051215.1	13	163247 	163322 	Phe	GAA	0	0	70.8	
NZ_CP051215.1	14	228967 	229042 	Arg	TCT	0	0	86.0	
NZ_CP051215.1	15	631132 	631056 	Ile	GAT	0	0	86.6	
NZ_CP051215.1	16	587455 	587382 	Val	TAC	0	0	72.9	
NZ_CP051215.1	17	587359 	587283 	Thr	TGT	0	0	85.6	
NZ_CP051215.1	18	587281 	587195 	Tyr	GTA	0	0	63.7	
NZ_CP051215.1	19	587183 	587109 	Gln	TTG	0	0	69.4	
NZ_CP051215.1	20	587091 	587017 	Lys	TTT	0	0	77.4	
NZ_CP051215.1	21	586996 	586909 	Leu	TAA	0	0	69.8	
NZ_CP051215.1	22	586849 	586768 	Leu	CAA	0	0	56.3	
NZ_CP051215.1	23	583096 	583022 	Gly	TCC	0	0	61.4	
NZ_CP051215.1	24	371071 	370996 	Asn	GTT	0	0	67.3	
NZ_CP051215.1	25	370973 	370899 	Glu	TTC	0	0	66.7	
NZ_CP051215.1	26	370852 	370776 	Lys	CTT	0	0	75.9	
NZ_CP051215.1	27	370763 	370679 	Leu	TAG	0	0	65.0	
NZ_CP090978.1	1	12572  	12648  	Ile	GAT	0	0	87.0	
NZ_CP090978.1	2	12671  	12746  	Ala	TGC	0	0	85.0	
NZ_CP090978.1	3	16103  	16178  	Asn	GTT	0	0	80.0	
NZ_CP090978.1	4	16188  	16263  	Thr	GGT	0	0	71.5	
NZ_CP090978.1	5	16278  	16352  	Glu	TTC	0	0	74.2	
NZ_CP090978.1	6	16356  	16431  	Val	TAC	0	0	86.2	
NZ_CP090978.1	7	16436  	16508  	Thr	TGT	0	0	76.7	
NZ_CP090978.1	8	16516  	16587  	Gln	TTG	0	0	69.2	
NZ_CP090978.1	9	16665  	16740  	Lys	TTT	0	0	90.9	
NZ_CP090978.1	10	16759  	16838  	Leu	TAG	0	0	62.3	
NZ_CP090978.1	11	16871  	16945  	Gly	GCC	0	0	89.5	
NZ_CP090978.1	12	16949  	17025  	Arg	ACG	0	0	80.2	
NZ_CP090978.1	13	17045  	17118  	Pro	TGG	0	0	71.3	
NZ_CP090978.1	14	17126  	17196  	Gly	TCC	0	0	77.9	
NZ_CP090978.1	15	760599 	760674 	Asn	GTT	0	0	80.0	
NZ_CP090978.1	16	760681 	760769 	Ser	GCT	0	0	70.0	
NZ_CP090978.1	17	763832 	763903 	Glu	TTC	0	0	67.3	
NZ_CP090978.1	18	763943 	764024 	Leu	GAG	0	0	50.7	
NZ_CP090978.1	19	2015812	2015888	fMet	CAT	0	0	82.0	
NZ_CP090978.1	20	2015903	2015976	Ile2	CAT	0	0	81.1	
NZ_CP090978.1	21	2020782	2020854	Val	GAC	0	0	55.0	
NZ_CP090978.1	22	3931891	3931963	Ala	GGC	0	0	69.0	
NZ_CP090978.1	23	4472217	4472290	Arg	TCT	0	0	71.7	
NZ_CP090978.1	24	5775511	5775585	Arg	CCG	0	0	65.8	
NZ_CP090978.1	25	6081143	6081217	Arg	CCT	0	0	65.8	
NZ_CP090978.1	26	6120760	6120847	Ser	CGA	0	0	70.9	
NZ_CP090978.1	27	6513483	6513559	Ile	GAT	0	0	87.0	
NZ_CP090978.1	28	6513582	6513657	Ala	TGC	0	0	85.0	
NZ_CP090978.1	29	6084687	6084601	Ser	TGA	0	0	71.7	
NZ_CP090978.1	30	5882947	5882872	Ala	TGC	0	0	84.0	
NZ_CP090978.1	31	5810828	5810752	Ile	GAT	0	0	87.0	
NZ_CP090978.1	32	5810729	5810654	Ala	TGC	0	0	85.0	
NZ_CP090978.1	33	5807369	5807278	Ser	GCT	0	0	76.9	
NZ_CP090978.1	34	5807251	5807175	Met	CAT	0	0	77.5	
NZ_CP090978.1	35	5807160	5807088	Val	TAC	0	0	79.4	
NZ_CP090978.1	36	5807033	5806958	Thr	TGT	0	0	83.6	
NZ_CP090978.1	37	5806939	5806863	Asp	GTC	0	0	79.2	
NZ_CP090978.1	38	5806830	5806758	Phe	GAA	0	0	77.2	
NZ_CP090978.1	39	5806705	5806621	Tyr	GTA	0	0	73.3	
NZ_CP090978.1	40	5806611	5806539	Lys	TTT	0	0	84.0	
NZ_CP090978.1	41	5421291	5421215	Ile	GAT	0	0	87.0	
NZ_CP090978.1	42	5421149	5421074	Ala	TGC	0	0	85.0	
NZ_CP090978.1	43	5421069	5420997	Asn	GTT	0	0	73.1	
NZ_CP090978.1	44	5420923	5420836	Ser	GGA	0	0	66.9	
NZ_CP090978.1	45	5420822	5420749	Met	CAT	0	0	68.4	
NZ_CP090978.1	46	5420738	5420647	Ser	GCT	0	0	76.9	
NZ_CP090978.1	47	5420635	5420560	Val	GAC	0	0	72.4	
NZ_CP090978.1	48	5420551	5420475	Asp	GTC	0	0	79.2	
NZ_CP090978.1	49	5420458	5420386	Thr	TGT	0	0	77.7	
NZ_CP090978.1	50	5420373	5420292	Tyr	GTA	0	0	66.5	
NZ_CP090978.1	51	5420284	5420213	Gln	TTG	0	0	69.2	
NZ_CP090978.1	52	5420204	5420129	Lys	TTT	0	0	90.9	
NZ_CP090978.1	53	5420110	5420031	Leu	TAG	0	0	62.3	
NZ_CP090978.1	54	5419989	5419915	Gly	GCC	0	0	89.5	
NZ_CP090978.1	55	5419903	5419830	Arg	ACG	0	0	73.3	
NZ_CP090978.1	56	5419809	5419736	Pro	TGG	0	0	71.3	
NZ_CP090978.1	57	5176604	5176529	Asn	GTT	0	0	80.0	
NZ_CP090978.1	58	5176522	5176448	Glu	TTC	0	0	74.2	
NZ_CP090978.1	59	5176372	5176297	Val	TAC	0	0	86.2	
NZ_CP090978.1	60	5176253	5176177	fMet	CAT	0	0	82.0	
NZ_CP090978.1	61	5176149	5176073	Asp	GTC	0	0	79.2	
NZ_CP090978.1	62	5176057	5175982	Lys	TTT	0	0	90.9	
NZ_CP090978.1	63	5175974	5175890	Leu	CAG	0	0	57.8	
NZ_CP090978.1	64	5174601	5174527	Gly	GCC	0	0	89.5	
NZ_CP090978.1	65	5174523	5174447	Arg	ACG	0	0	80.2	
NZ_CP090978.1	66	5174427	5174354	Pro	TGG	0	0	71.3	
NZ_CP090978.1	67	5174346	5174276	Gly	TCC	0	0	77.9	
NZ_CP090978.1	68	5086125	5086052	Ile	GAT	0	0	80.2	
NZ_CP090978.1	69	5086045	5085970	Asn	GTT	0	0	80.0	
NZ_CP090978.1	70	5085963	5085892	Glu	TTC	0	0	67.3	
NZ_CP090978.1	71	5085813	5085738	Val	TAC	0	0	86.2	
NZ_CP090978.1	72	5085692	5085616	fMet	CAT	0	0	82.0	
NZ_CP090978.1	73	5085588	5085512	Asp	GTC	0	0	79.2	
NZ_CP090978.1	74	5085493	5085418	Phe	GAA	0	0	84.1	
NZ_CP090978.1	75	5085402	5085327	Thr	TGT	0	0	83.6	
NZ_CP090978.1	76	5085293	5085220	Trp	CCA	0	0	71.3	
NZ_CP090978.1	77	5085206	5085131	His	GTG	0	0	59.4	
NZ_CP090978.1	78	5085117	5085042	Lys	TTT	0	0	90.9	
NZ_CP090978.1	79	5084968	5084889	Leu	TAG	0	0	62.3	
NZ_CP090978.1	80	5084846	5084772	Gly	GCC	0	0	89.5	
NZ_CP090978.1	81	5084763	5084690	Cys	GCA	0	0	74.2	
NZ_CP090978.1	82	5084683	5084595	Leu	TAA	0	0	72.6	
NZ_CP090978.1	83	5084559	5084483	Arg	ACG	0	0	80.2	
NZ_CP090978.1	84	5084471	5084393	Leu	CAA	0	0	64.8	
NZ_CP090978.1	85	5084384	5084311	Pro	TGG	0	0	71.3	
NZ_CP090978.1	86	4979108	4979033	Asn	GTT	0	0	80.0	
NZ_CP090978.1	87	4979029	4978938	Ser	GGA	0	0	75.6	
NZ_CP090978.1	88	4978896	4978822	Glu	TTC	0	0	74.2	
NZ_CP090978.1	89	4978817	4978742	Val	TAC	0	0	86.2	
NZ_CP090978.1	90	4978699	4978623	fMet	CAT	0	0	82.0	
NZ_CP090978.1	91	4978595	4978519	Asp	GTC	0	0	79.2	
NZ_CP090978.1	92	4978500	4978425	Phe	GAA	0	0	84.1	
NZ_CP090978.1	93	4978410	4978335	Thr	TGT	0	0	83.6	
NZ_CP090978.1	94	4978307	4978223	Tyr	GTA	0	0	72.3	
NZ_CP090978.1	95	4978215	4978142	Trp	CCA	0	0	71.3	
NZ_CP090978.1	96	4978128	4978053	His	GTG	0	0	59.4	
NZ_CP090978.1	97	4978040	4977969	Gln	TTG	0	0	69.2	
NZ_CP090978.1	98	4977920	4977846	Gly	GCC	0	0	89.6	
NZ_CP090978.1	99	4977837	4977764	Cys	GCA	0	0	74.2	
NZ_CP090978.1	100	4977757	4977669	Leu	TAA	0	0	72.6	
NZ_CP090978.1	101	4977638	4977560	Leu	CAA	0	0	64.8	
NZ_CP090978.1	102	4596770	4596698	His	GTG	0	0	52.5	
NZ_CP090978.1	103	4596680	4596609	Gln	TTG	0	0	69.2	
NZ_CP090978.1	104	4596595	4596514	Leu	GAG	0	0	48.9	
NZ_CP090978.1	105	3751469	3751386	Leu	CAG	0	0	59.0	
NZ_CP090978.1	106	3487993	3487919	Glu	TTC	0	0	74.2	
NZ_CP090978.1	107	3487842	3487767	Val	TAC	0	0	86.2	
NZ_CP090978.1	108	3487721	3487645	fMet	CAT	0	0	82.0	
NZ_CP090978.1	109	3487566	3487491	Phe	GAA	0	0	84.1	
NZ_CP090978.1	110	3487475	3487400	Thr	TGT	0	0	83.6	
NZ_CP090978.1	111	3487374	3487293	Tyr	GTA	0	0	65.5	
NZ_CP090978.1	112	3487279	3487204	His	GTG	0	0	59.4	
NZ_CP090978.1	113	3487184	3487113	Gln	TTG	0	0	69.2	
NZ_CP090978.1	114	3487085	3487013	Lys	TTT	0	0	84.0	
NZ_CP090978.1	115	3486936	3486857	Leu	TAG	0	0	62.3	
NZ_CP090978.1	116	3486824	3486750	Gly	GCC	0	0	89.5	
NZ_CP090978.1	117	3486739	3486663	Arg	ACG	0	0	80.2	
NZ_CP090978.1	118	3486651	3486573	Leu	CAA	0	0	64.8	
NZ_CP090978.1	119	3486567	3486494	Pro	TGG	0	0	71.3	
NZ_CP090978.1	120	3486486	3486416	Gly	TCC	0	0	77.9	
NZ_CP090978.1	121	3270440	3270364	Pro	GGG	0	0	63.2	
NZ_BPQL01000002.1	1	20801  	20725  	Trp	CCA	0	0	80.1	
NZ_BPQL01000004.1	1	4001   	3925   	Ala	CGC	0	0	27.4	
NZ_BPQL01000007.1	1	61167  	61093  	Gly	CCC	0	0	82.3	
NZ_BPQL01000009.1	1	35597  	35686  	Ser	GGA	0	0	90.2	
NZ_BPQL01000010.1	1	46544  	46471  	Gln	CTG	0	0	67.9	
NZ_BPQL01000011.1	1	11555  	11479  	His	GTG	0	0	69.8	
NZ_BPQL01000015.1	1	14195  	14111  	Leu	CAG	0	0	70.6	
NZ_BPQL01000017.1	1	102801 	102733 	Thr	TGT	0	0	27.7	pseudo
NZ_BPQL01000017.1	2	101557 	101481 	Arg	CCG	0	0	83.0	
NZ_BPQL01000018.1	1	10941  	10857  	Leu	TAG	0	0	75.0	
NZ_BPQL01000018.1	2	4143   	4068   	Val	TAC	0	0	89.8	
NZ_BPQL01000019.1	1	76264  	76188  	Arg	TCT	0	0	78.9	
NZ_BPQL01000019.1	2	34029  	33954  	Thr	CGT	0	0	93.4	
NZ_BPQL01000020.1	1	47380  	47455  	Asn	GTT	0	0	82.8	
NZ_BPQL01000020.1	2	47092  	47019  	Cys	GCA	0	0	69.2	
NZ_BPQL01000020.1	3	23918  	23842  	Met	CAT	0	0	76.8	
NZ_BPQL01000022.1	1	1587   	1512   	Phe	GAA	0	0	85.1	
NZ_BPQL01000023.1	1	32245  	32171  	Val	GAC	0	0	81.2	
NZ_BPQL01000029.1	1	18441  	18541  	Undet	NNN	0	0	25.5	pseudo
NZ_BPQL01000035.1	1	20047  	19970  	Pro	GGG	0	0	74.2	
NZ_BPQL01000043.1	1	29306  	29221  	Leu	TAA	0	0	78.3	
NZ_BPQL01000044.1	1	24196  	24272  	Pro	CGG	0	0	81.4	
NZ_BPQL01000049.1	1	13555  	13481  	Thr	GGT	0	0	82.8	
NZ_BPQL01000058.1	1	58213  	58138  	Ala	GGC	0	0	69.4	
NZ_BPQL01000058.1	2	57869  	57794  	Ala	GGC	0	0	69.4	
NZ_BPQL01000058.1	3	13501  	13427  	Gln	TTG	0	0	69.8	
NZ_BPQL01000062.1	1	55375  	55464  	Ser	TGA	0	0	91.8	
NZ_BPQL01000070.1	1	27305  	27400  	Met	CAT	0	0	37.3	
NZ_BPQL01000078.1	1	16523  	16599  	Arg	ACG	0	0	88.9	
NZ_BPQL01000080.1	1	44222  	44148  	Val	CAC	0	0	77.6	
NZ_BPQL01000082.1	1	13502  	13419  	Tyr	GTA	0	0	71.7	
NZ_BPQL01000082.1	2	13350  	13277  	Gly	TCC	0	0	79.5	
NZ_BPQL01000101.1	1	9451   	9534   	Leu	CAA	0	0	76.1	
NZ_BPQL01000123.1	1	15226  	15301  	Lys	CTT	0	0	85.8	
NZ_BPQL01000126.1	1	17326  	17401  	Glu	TTC	0	0	75.0	
NZ_BPQL01000128.1	1	16603  	16692  	Ser	CGA	0	0	89.0	
NZ_BPQL01000142.1	1	13410  	13475  	Phe	GAA	0	0	21.7	pseudo
NZ_BPQL01000149.1	1	741    	816    	Thr	TGT	0	0	86.4	
NZ_BPQL01000150.1	1	3811   	3720   	Ser	GCT	0	0	88.4	
NZ_BPQL01000152.1	1	7548   	7473   	Ile2	CAT	0	0	81.8	
NZ_BPQL01000165.1	1	1851   	1927   	Ile	GAT	0	0	82.0	
NZ_BPQL01000165.1	2	1960   	2035   	Ala	TGC	0	0	77.6	
NZ_BPQL01000172.1	1	832    	758    	Glu	CTC	0	0	66.6	
NZ_BPQL01000179.1	1	8836   	8911   	Lys	TTT	0	0	78.9	
NZ_BPQL01000179.1	2	2919   	2835   	Leu	GAG	0	0	71.6	
NZ_BPQL01000221.1	1	819    	744    	Ala	CGC	0	0	75.2	
NZ_JAKQXY010000001.1	1	531027 	531103 	His	GTG	0	0	68.4	
NZ_JAKQXY010000001.1	2	541437 	541528 	Ser	GCT	0	0	76.1	
NZ_JAKQXY010000001.1	3	548521 	548596 	Sup	TCA	0	0	65.0	
NZ_JAKQXY010000001.1	4	555780 	555857 	Cys	GCA	0	0	70.9	
NZ_JAKQXY010000001.1	5	555954 	556028 	Arg	ACG	0	0	65.9	
NZ_JAKQXY010000001.1	6	556034 	556110 	Pro	TGG	0	0	72.9	
NZ_JAKQXY010000001.1	7	556128 	556203 	Ala	TGC	0	0	74.1	
NZ_JAKQXY010000001.1	8	556231 	556308 	Met	CAT	0	0	70.4	
NZ_JAKQXY010000001.1	9	556317 	556393 	Ile2	CAT	0	0	77.6	
NZ_JAKQXY010000001.1	10	556404 	556494 	Ser	TGA	0	0	78.7	
NZ_JAKQXY010000001.1	11	556518 	556592 	fMet	CAT	0	0	65.0	
NZ_JAKQXY010000001.1	12	556594 	556671 	Asp	GTC	0	0	82.0	
NZ_JAKQXY010000001.1	13	557630 	557705 	Phe	GAA	0	0	72.8	
NZ_JAKQXY010000001.1	14	623566 	623641 	Arg	TCT	0	0	84.1	
NZ_JAKQXY010000001.1	15	268268 	268192 	Ile	GAT	0	0	82.2	
NZ_JAKQXY010000001.1	16	219222 	219149 	Val	TAC	0	0	64.9	
NZ_JAKQXY010000001.1	17	219134 	219059 	Thr	TGT	0	0	84.0	
NZ_JAKQXY010000001.1	18	219057 	218973 	Tyr	GTA	0	0	64.1	
NZ_JAKQXY010000001.1	19	218964 	218887 	Gln	TTG	0	0	68.8	
NZ_JAKQXY010000001.1	20	218879 	218805 	Lys	TTT	0	0	78.5	
NZ_JAKQXY010000001.1	21	218783 	218696 	Leu	TAA	0	0	74.0	
NZ_JAKQXY010000001.1	22	218634 	218553 	Leu	CAA	0	0	61.1	
NZ_JAKQXY010000001.1	23	216660 	216586 	Gly	TCC	0	0	55.9	
NZ_JAKQXY010000002.1	1	181468 	181392 	Asn	GTT	0	0	84.9	
NZ_JAKQXY010000002.1	2	181366 	181291 	Glu	TTC	0	0	72.5	
NZ_JAKQXY010000002.1	3	181244 	181168 	Lys	CTT	0	0	80.8	
NZ_JAKQXY010000002.1	4	181158 	181074 	Leu	TAG	0	0	70.1	
NZ_JAKNSU010000001.1	1	26386  	26462  	Thr	AGT	0	0	85.8	
NZ_JAKNSU010000001.1	2	26468  	26551  	Tyr	GTA	0	0	72.1	
NZ_JAKNSU010000001.1	3	26555  	26629  	Gln	TTG	0	0	74.9	
NZ_JAKNSU010000001.1	4	26634  	26709  	Lys	TTT	0	0	80.0	
NZ_JAKNSU010000001.1	5	26738  	26826  	Leu	TAA	0	0	74.1	
NZ_JAKNSU010000001.1	6	49795  	49868  	Gly	TCC	0	0	75.9	
NZ_JAKNSU010000001.1	7	108963 	109038 	Lys	CTT	0	0	74.8	
NZ_JAKNSU010000001.1	8	300992 	300916 	Ile	GAT	0	0	79.8	
NZ_JAKNSU010000001.1	9	203867 	203791 	Arg	TCT	0	0	78.4	
NZ_JAKNSU010000002.1	1	34709  	34793  	Leu	CAA	0	0	65.8	
NZ_JAKNSU010000002.1	2	83478  	83403  	His	GTG	0	0	63.0	
NZ_JAKNSU010000002.1	3	80931  	80856  	Sup	TCA	0	0	84.1	
NZ_JAKNSU010000002.1	4	80811  	80737  	Trp	CCA	0	0	78.7	
NZ_JAKNSU010000003.1	1	49995  	50080  	Undet	NNN	0	0	20.0	pseudo
NZ_JAKNSU010000003.1	2	85541  	85616  	Asn	GTT	0	0	82.9	
NZ_JAKNSU010000003.1	3	85625  	85700  	Glu	TTC	0	0	65.9	
NZ_JAKNSU010000003.1	4	85714  	85789  	Val	TAC	0	0	77.7	
NZ_JAKNSU010000003.1	5	85793  	85869  	Thr	TGT	0	0	86.7	
NZ_JAKNSU010000003.1	6	86048  	86124  	Thr	CGT	0	0	83.7	
NZ_JAKNSU010000003.1	7	86255  	86330  	Lys	TTT	0	0	80.0	
NZ_JAKNSU010000003.1	8	86340  	86424  	Leu	TAG	0	0	70.4	
NZ_JAKNSU010000004.1	1	13686  	13761  	Cys	GCA	0	0	66.1	
NZ_JAKNSU010000004.1	2	14328  	14404  	Arg	ACG	0	0	78.4	
NZ_JAKNSU010000004.1	3	14467  	14543  	Pro	TGG	0	0	81.2	
NZ_JAKNSU010000004.1	4	14556  	14631  	Ala	TGC	0	0	82.5	
NZ_JAKNSU010000004.1	5	14644  	14720  	Met	CAT	0	0	79.9	
NZ_JAKNSU010000004.1	6	14729  	14806  	Ile2	CAT	0	0	79.2	
NZ_JAKNSU010000004.1	7	14854  	14946  	Ser	TGA	0	0	84.4	
NZ_JAKNSU010000004.1	8	14960  	15035  	fMet	CAT	0	0	80.8	
NZ_JAKNSU010000004.1	9	15040  	15116  	Asp	GTC	0	0	74.6	
NZ_JAKNSU010000004.1	10	15125  	15200  	Phe	GAA	0	0	75.9	
NZ_JAKNSU010000004.1	11	28197  	28287  	Ser	GCT	0	0	75.0	
NZ_JALMUW010000001.1	1	29417  	29492  	Val	TAC	0	0	85.4	
NZ_JALMUW010000001.1	2	29500  	29576  	Thr	TGT	0	0	82.5	
NZ_JALMUW010000001.1	3	29588  	29672  	Tyr	GTA	0	0	67.9	
NZ_JALMUW010000001.1	4	29683  	29757  	Gln	TTG	0	0	74.8	
NZ_JALMUW010000001.1	5	29774  	29848  	Lys	TTT	0	0	75.6	
NZ_JALMUW010000001.1	6	29855  	29942  	Leu	TAA	0	0	67.8	
NZ_JALMUW010000001.1	7	30007  	30088  	Leu	CAA	0	0	70.6	
NZ_JALMUW010000001.1	8	35339  	35412  	Gly	TCC	0	0	62.1	
NZ_JALMUW010000010.1	1	17522  	17598  	Ile	GAT	0	0	84.5	
NZ_JALMUW010000011.1	1	20573  	20498  	Phe	GAA	0	0	78.4	
NZ_JALMUW010000113.1	1	114    	189    	Cys	GCA	0	0	75.6	
NZ_JALMUW010000113.1	2	297    	373    	Arg	ACG	0	0	76.4	
NZ_JALMUW010000113.1	3	375    	451    	Pro	TGG	0	0	78.8	
NZ_JALMUW010000113.1	4	463    	538    	Ala	TGC	0	0	74.6	
NZ_JALMUW010000113.1	5	571    	647    	Met	CAT	0	0	62.6	
NZ_JALMUW010000113.1	6	655    	731    	Ile2	CAT	0	0	77.6	
NZ_JALMUW010000113.1	7	745    	834    	Ser	TGA	0	0	77.6	
NZ_JALMUW010000113.1	8	856    	930    	fMet	CAT	0	0	65.9	
NZ_JALMUW010000113.1	9	932    	1007   	Asp	GTC	0	0	74.1	
NZ_JALMUW010000015.1	1	7085   	7010   	Arg	TCT	0	0	86.4	
NZ_JALMUW010000021.1	1	6909   	6999   	Ser	GCT	0	0	78.1	
NZ_JALMUW010000021.1	2	15809  	15883  	Sup	TCA	0	0	69.9	
NZ_JALMUW010000030.1	1	6088   	6012   	His	GTG	0	0	75.5	
NZ_JALMUW010000096.1	1	472    	546    	Asn	GTT	0	0	77.0	
NZ_JALMUW010000096.1	2	571    	645    	Glu	TTC	0	0	61.2	
NZ_JALMUW010000096.1	3	701    	776    	Lys	CTT	0	0	70.6	
NZ_JALMUW010000096.1	4	782    	866    	Leu	TAG	0	0	64.6	
NZ_CP102734.1	1	87706  	87782  	Arg	TCT	0	0	71.3	
NZ_CP102734.1	2	158631 	158707 	Pro	TGG	0	0	87.3	
NZ_CP102734.1	3	158712 	158788 	Ala	TGC	0	0	77.3	
NZ_CP102734.1	4	158793 	158869 	Met	CAT	0	0	80.5	
NZ_CP102734.1	5	158893 	158969 	Ile2	CAT	0	0	85.6	
NZ_CP102734.1	6	158971 	159063 	Ser	TGA	0	0	77.7	
NZ_CP102734.1	7	159136 	159211 	fMet	CAT	0	0	77.2	
NZ_CP102734.1	8	159214 	159290 	Asp	GTC	0	0	71.6	
NZ_CP102734.1	9	159294 	159369 	Phe	GAA	0	0	72.2	
NZ_CP102734.1	10	274009 	274085 	Ile	GAT	0	0	80.9	
NZ_CP102734.1	11	308349 	308424 	His	GTG	0	0	71.9	
NZ_CP102734.1	12	371626 	371701 	Thr	GGT	0	0	73.5	
NZ_CP102734.1	13	464583 	464669 	Leu	TAA	0	0	77.5	
NZ_CP102734.1	14	464673 	464748 	Lys	TTT	0	0	77.9	
NZ_CP102734.1	15	533699 	533623 	Arg	ACG	0	0	68.3	
NZ_CP102734.1	16	525403 	525329 	Cys	GCA	0	0	65.5	
NZ_CP102734.1	17	525325 	525249 	Arg	ACG	0	0	70.0	
NZ_CP102734.1	18	494279 	494194 	Leu	CAA	0	0	62.2	
NZ_CP102734.1	19	478541 	478467 	Asn	GTT	0	0	82.7	
NZ_CP102734.1	20	478462 	478387 	Glu	TTC	0	0	72.0	
NZ_CP102734.1	21	478381 	478306 	Val	TAC	0	0	83.0	
NZ_CP102734.1	22	478303 	478228 	Thr	TGT	0	0	89.5	
NZ_CP102734.1	23	478166 	478082 	Leu	TAG	0	0	64.5	
NZ_CP102734.1	24	212282 	212189 	Tyr	GTA	0	0	20.1	pseudo
NZ_CP102734.1	25	194000 	193926 	Sup	TCA	0	0	75.0	
NZ_CP102734.1	26	193840 	193757 	Tyr	GTA	0	0	70.7	
NZ_CP102734.1	27	193753 	193679 	Gln	TTG	0	0	61.8	
NZ_CP102734.1	28	142303 	142213 	Ser	GCT	0	0	76.3	
NZ_CP102734.1	29	140846 	140773 	Gly	TCC	0	0	73.7	
NZ_CP102734.1	30	138735 	138662 	Trp	CCA	0	0	59.8	
NZ_CP103424.1	1	212586 	212661 	Asn	GTT	0	0	82.3	
NZ_CP103424.1	2	212668 	212743 	Glu	TTC	0	0	64.1	
NZ_CP103424.1	3	212751 	212826 	Val	TAC	0	0	84.0	
NZ_CP103424.1	4	212839 	212914 	Thr	TGT	0	0	89.3	
NZ_CP103424.1	5	220045 	220119 	Cys	GCA	0	0	71.3	
NZ_CP103424.1	6	220282 	220358 	Arg	ACG	0	0	79.4	
NZ_CP103424.1	7	220405 	220481 	Pro	TGG	0	0	83.1	
NZ_CP103424.1	8	220490 	220565 	Ala	TGC	0	0	82.2	
NZ_CP103424.1	9	220571 	220647 	Met	CAT	0	0	83.5	
NZ_CP103424.1	10	220658 	220734 	Ile2	CAT	0	0	85.3	
NZ_CP103424.1	11	220781 	220873 	Ser	TGA	0	0	85.5	
NZ_CP103424.1	12	220896 	220971 	fMet	CAT	0	0	87.8	
NZ_CP103424.1	13	220974 	221050 	Asp	GTC	0	0	79.8	
NZ_CP103424.1	14	221055 	221130 	Phe	GAA	0	0	76.8	
NZ_CP103424.1	15	249778 	249853 	Thr	AGT	0	0	85.9	
NZ_CP103424.1	16	249861 	249944 	Tyr	GTA	0	0	71.2	
NZ_CP103424.1	17	249950 	250024 	Gln	TTG	0	0	68.9	
NZ_CP103424.1	18	250029 	250104 	Lys	TTT	0	0	82.7	
NZ_CP103424.1	19	250118 	250206 	Leu	TAA	0	0	65.3	
NZ_CP103424.1	20	315483 	315558 	Lys	CTT	0	0	74.4	
NZ_CP103424.1	21	435725 	435801 	Arg	TCT	0	0	77.9	
NZ_CP103424.1	22	670286 	670376 	Ser	GCT	0	0	80.2	
NZ_CP103424.1	23	736129 	736213 	Leu	CAA	0	0	63.7	
NZ_CP103424.1	24	924563 	924488 	Lys	TTT	0	0	82.7	
NZ_CP103424.1	25	924481 	924398 	Leu	TAG	0	0	71.0	
NZ_CP103424.1	26	877462 	877386 	Ile	GAT	0	0	79.8	
NZ_CP103424.1	27	842700 	842625 	His	GTG	0	0	66.2	
NZ_CP103424.1	28	839340 	839265 	Sup	TCA	0	0	82.3	
NZ_CP103424.1	29	839226 	839152 	Trp	CCA	0	0	77.9	
NZ_CP103424.1	30	533471 	533398 	Gly	TCC	0	0	75.9	
NZ_CP103424.1	31	73118  	73052  	Undet	NNN	0	0	26.5	
NZ_JAOXHJ010000001.1	1	133352 	133426 	Asn	GTT	0	0	81.2	
NZ_JAOXHJ010000001.1	2	133428 	133504 	Glu	TTC	0	0	58.1	
NZ_JAOXHJ010000001.1	3	133538 	133613 	Val	TAC	0	0	84.9	
NZ_JAOXHJ010000001.1	4	133615 	133690 	Thr	TGT	0	0	84.2	
NZ_JAOXHJ010000001.1	5	133738 	133813 	Lys	CTT	0	0	76.4	
NZ_JAOXHJ010000001.1	6	133819 	133902 	Leu	TAG	0	0	64.5	
NZ_JAOXHJ010000001.1	7	148434 	148510 	Arg	TCT	0	0	81.6	
NZ_JAOXHJ010000001.1	8	148563 	148638 	Arg	TCG	0	0	67.7	
NZ_JAOXHJ010000001.1	9	152707 	152781 	Cys	GCA	0	0	62.3	
NZ_JAOXHJ010000001.1	10	152786 	152862 	Arg	ACG	0	0	69.2	
NZ_JAOXHJ010000001.1	11	152906 	152982 	Pro	TGG	0	0	82.8	
NZ_JAOXHJ010000001.1	12	152987 	153063 	Met	CAT	0	0	73.3	
NZ_JAOXHJ010000001.1	13	153066 	153143 	Ile2	CAT	0	0	72.5	
NZ_JAOXHJ010000001.1	14	153199 	153291 	Ser	TGA	0	0	82.3	
NZ_JAOXHJ010000001.1	15	153327 	153403 	fMet	CAT	0	0	70.0	
NZ_JAOXHJ010000001.1	16	153405 	153480 	Asp	GTC	0	0	58.3	
NZ_JAOXHJ010000001.1	17	153482 	153557 	Phe	GAA	0	0	78.0	
NZ_JAOXHJ010000001.1	18	164824 	164897 	Gly	GCC	0	0	74.7	
NZ_JAOXHJ010000001.1	19	181426 	181509 	Tyr	GTA	0	0	67.4	
NZ_JAOXHJ010000001.1	20	181511 	181585 	Gln	TTG	0	0	68.1	
NZ_JAOXHJ010000001.1	21	181622 	181696 	Lys	TTT	0	0	80.4	
NZ_JAOXHJ010000001.1	22	181740 	181825 	Leu	TAA	0	0	73.3	
NZ_JAOXHJ010000001.1	23	181830 	181903 	Gly	TCC	0	0	79.9	
NZ_JAOXHJ010000001.1	24	145527 	145452 	Sup	TCA	0	0	77.9	
NZ_JAOXHJ010000001.1	25	16490  	16414  	Ile	GAT	0	0	85.2	
NZ_JAOXHJ010000001.1	26	16412  	16337  	Ala	TGC	0	0	72.9	
NZ_JAOXHJ010000002.1	1	24888  	24965  	His	GTG	0	0	66.3	
NZ_JAOXHJ010000002.1	2	105088 	105012 	Trp	CCA	0	0	73.5	
NZ_JAOXHJ010000004.1	1	80006  	79925  	Leu	CAA	0	0	59.8	
NZ_JAOXHJ010000007.1	1	13946  	13858  	Ser	GCT	0	0	79.1	
NZ_JAOXHL010000001.1	1	91561  	91638  	His	GTG	0	0	65.3	
NZ_JAOXHL010000001.1	2	279154 	279229 	Sup	TCA	0	0	77.9	
NZ_JAOXHL010000001.1	3	409877 	409953 	Ile	GAT	0	0	85.2	
NZ_JAOXHL010000001.1	4	409955 	410030 	Ala	TGC	0	0	72.9	
NZ_JAOXHL010000001.1	5	291327 	291253 	Asn	GTT	0	0	81.2	
NZ_JAOXHL010000001.1	6	291251 	291175 	Glu	TTC	0	0	58.1	
NZ_JAOXHL010000001.1	7	291141 	291066 	Val	TAC	0	0	84.9	
NZ_JAOXHL010000001.1	8	291064 	290989 	Thr	TGT	0	0	84.2	
NZ_JAOXHL010000001.1	9	290941 	290866 	Lys	CTT	0	0	76.4	
NZ_JAOXHL010000001.1	10	290860 	290777 	Leu	TAG	0	0	63.9	
NZ_JAOXHL010000001.1	11	276702 	276626 	Arg	TCT	0	0	81.6	
NZ_JAOXHL010000001.1	12	276574 	276499 	Arg	TCG	0	0	67.7	
NZ_JAOXHL010000001.1	13	272430 	272356 	Cys	GCA	0	0	62.3	
NZ_JAOXHL010000001.1	14	272352 	272276 	Arg	ACG	0	0	69.2	
NZ_JAOXHL010000001.1	15	272236 	272160 	Pro	TGG	0	0	82.8	
NZ_JAOXHL010000001.1	16	272155 	272079 	Met	CAT	0	0	73.3	
NZ_JAOXHL010000001.1	17	272076 	271999 	Ile2	CAT	0	0	72.5	
NZ_JAOXHL010000001.1	18	271943 	271851 	Ser	TGA	0	0	82.3	
NZ_JAOXHL010000001.1	19	271815 	271739 	fMet	CAT	0	0	70.0	
NZ_JAOXHL010000001.1	20	271736 	271661 	Asp	GTC	0	0	58.3	
NZ_JAOXHL010000001.1	21	271659 	271584 	Phe	GAA	0	0	78.0	
NZ_JAOXHL010000001.1	22	260314 	260241 	Gly	GCC	0	0	74.7	
NZ_JAOXHL010000001.1	23	245443 	245360 	Tyr	GTA	0	0	67.4	
NZ_JAOXHL010000001.1	24	245358 	245284 	Gln	TTG	0	0	68.1	
NZ_JAOXHL010000001.1	25	245246 	245172 	Lys	TTT	0	0	80.4	
NZ_JAOXHL010000001.1	26	245129 	245044 	Leu	TAA	0	0	73.3	
NZ_JAOXHL010000001.1	27	245039 	244966 	Gly	TCC	0	0	79.9	
NZ_JAOXHL010000001.1	28	176180 	176104 	Trp	CCA	0	0	73.5	
NZ_JAOXHL010000002.1	1	116505 	116424 	Leu	CAA	0	0	59.8	
NZ_JAOXHL010000004.1	1	13976  	13888  	Ser	GCT	0	0	79.1	
NZ_JAOSHO010000001.1	1	4501   	4576   	Gly	GCC	0	0	88.4	
NZ_JAOSHO010001078.1	1	83     	8      	Asn	GTT	0	0	80.6	
NZ_JAOSHO010000011.1	1	2387   	2471   	Tyr	GTA	0	0	77.1	
NZ_JAOSHO010000011.1	2	2496   	2569   	Gly	TCC	0	0	83.2	
NZ_JAOSHO010000011.1	3	2596   	2671   	Thr	GGT	0	0	80.7	
NZ_JAOSHO010000011.1	4	4003   	4078   	Trp	CCA	0	0	86.5	
NZ_JAOSHO010000133.1	1	5650   	5740   	Ser	GCT	0	0	75.0	
NZ_JAOSHO010000133.1	2	5848   	5924   	Arg	ACG	0	0	84.0	
NZ_JAOSHO010000133.1	3	9196   	9272   	Arg	CCT	0	0	72.8	
NZ_JAOSHO010000171.1	1	3349   	3274   	Asn	GTT	0	0	77.4	
NZ_JAOSHO010000185.1	1	4686   	4762   	Arg	CCG	0	0	87.9	
NZ_JAOSHO010000195.1	1	4096   	4007   	Ser	CGA	0	0	75.5	
NZ_JAOSHO010000196.1	1	2557   	2631   	Gln	TTG	0	0	69.7	
NZ_JAOSHO010000199.1	1	2201   	2288   	Ser	TGA	0	0	73.8	
NZ_JAOSHO010000002.1	1	13700  	13615  	Leu	GAG	0	0	60.3	
NZ_JAOSHO010000002.1	2	13517  	13441  	fMet	CAT	0	0	75.8	
NZ_JAOSHO010000002.1	3	4438   	4363   	Thr	CGT	0	0	76.6	
NZ_JAOSHO010000022.1	1	19387  	19312  	Thr	TGT	0	0	87.9	
NZ_JAOSHO010000285.1	1	282    	198    	Leu	CAA	0	0	70.8	
NZ_JAOSHO010000377.1	1	3777   	3852   	Phe	GAA	0	0	81.1	
NZ_JAOSHO010000004.1	1	25755  	25666  	Ser	GGA	0	0	77.2	
NZ_JAOSHO010000412.1	1	2834   	2748   	Leu	CAG	0	0	72.2	
NZ_JAOSHO010000520.1	1	1      	76     	Ala	TGC	0	0	82.6	
NZ_JAOSHO010000536.1	1	640    	567    	Cys	GCA	0	0	62.3	
NZ_JAOSHO010000536.1	2	372    	286    	Leu	TAA	0	0	74.6	
NZ_JAOSHO010000056.1	1	6238   	6311   	Gly	CCC	0	0	64.1	
NZ_JAOSHO010000626.1	1	1651   	1727   	Val	GAC	0	0	78.1	
NZ_JAOSHO010000007.1	1	31429  	31505  	Ile2	CAT	0	0	86.1	
NZ_JAOSHO010000071.1	1	6783   	6707   	Pro	GGG	0	0	67.6	
NZ_JAOSHO010000087.1	1	7500   	7424   	Met	CAT	0	0	77.5	
NZ_JAOSHO010000009.1	1	16463  	16387  	Arg	TCT	0	0	89.3	
NZ_JAOSHO010000009.1	2	16346  	16271  	His	GTG	0	0	73.6	
NZ_JAOSHO010000009.1	3	16210  	16126  	Leu	TAG	0	0	71.1	
NZ_JAOSHO010000009.1	4	9238   	9164   	Asp	GTC	0	0	33.1	pseudo
NZ_CP081495.1	1	1990   	2063   	Ile	GAT	0	0	66.5	
NZ_CP081495.1	2	2151   	2224   	Ala	TGC	0	0	75.0	
NZ_CP081495.1	3	71794  	71867  	Ile	GAT	0	0	66.5	
NZ_CP081495.1	4	71955  	72028  	Ala	TGC	0	0	75.0	
NZ_CP081495.1	5	144085 	144158 	Ile	GAT	0	0	66.5	
NZ_CP081495.1	6	144246 	144319 	Ala	TGC	0	0	75.0	
NZ_CP081495.1	7	172307 	172380 	Ile	GAT	0	0	66.5	
NZ_CP081495.1	8	172468 	172541 	Ala	TGC	0	0	75.0	
NZ_CP081495.1	9	175827 	175901 	Val	TAC	0	0	79.5	
NZ_CP081495.1	10	204935 	205008 	Ile	GAT	0	0	66.5	
NZ_CP081495.1	11	205096 	205169 	Ala	TGC	0	0	75.0	
NZ_CP081495.1	12	252773 	252846 	Thr	TGT	0	0	75.4	
NZ_CP081495.1	13	252914 	252987 	Thr	TGT	0	0	75.4	
NZ_CP081495.1	14	253029 	253102 	Thr	TGT	0	0	75.4	
NZ_CP081495.1	15	253138 	253214 	Thr	TGT	0	0	82.2	
NZ_CP081495.1	16	697264 	697334 	Ala	CGC	0	0	42.3	
NZ_CP081495.1	17	796804 	796887 	Ser	GCT	0	0	75.7	
NZ_CP081495.1	18	796895 	796969 	Pro	TGG	0	0	74.0	
NZ_CP081495.1	19	796983 	797056 	Arg	TCT	0	0	74.7	
NZ_CP081495.1	20	797134 	797217 	Ser	GCT	0	0	75.7	
NZ_CP081495.1	21	797225 	797299 	Pro	TGG	0	0	74.0	
NZ_CP081495.1	22	797313 	797386 	Arg	TCT	0	0	74.7	
NZ_CP081495.1	23	1029844	1029928	Ser	TGA	0	0	66.2	
NZ_CP081495.1	24	1275122	1275192	Trp	CCA	0	0	70.2	
NZ_CP081495.1	25	1379957	1380031	Pro	TGG	0	0	74.0	
NZ_CP081495.1	26	1380085	1380159	Pro	TGG	0	0	74.0	
NZ_CP081495.1	27	1552272	1552345	Met	CAT	0	0	70.0	
NZ_CP081495.1	28	1579074	1579146	Lys	TTT	0	0	71.5	
NZ_CP081495.1	29	1579178	1579250	Lys	TTT	0	0	71.5	
NZ_CP081495.1	30	1579282	1579354	Lys	TTT	0	0	71.5	
NZ_CP081495.1	31	1579386	1579458	Lys	TTT	0	0	71.5	
NZ_CP081495.1	32	1579491	1579563	Lys	TTT	0	0	71.5	
NZ_CP081495.1	33	1579596	1579668	Lys	TTT	0	0	71.5	
NZ_CP081495.1	34	1579717	1579798	Leu	GAG	0	0	49.8	
NZ_CP081495.1	35	1720748	1720820	fMet	CAT	0	0	68.8	
NZ_CP081495.1	36	1720867	1720939	fMet	CAT	0	0	74.8	
NZ_CP081495.1	37	1720985	1721057	fMet	CAT	0	0	74.8	
NZ_CP081495.1	38	1721104	1721176	fMet	CAT	0	0	74.8	
NZ_CP081495.1	39	1874626	1874711	Leu	TAA	0	0	65.1	
NZ_CP081495.1	40	1874745	1874820	Gly	GCC	0	0	86.4	
NZ_CP081495.1	41	1874830	1874915	Leu	TAA	0	0	65.1	
NZ_CP081495.1	42	1874953	1875038	Leu	TAA	0	0	65.1	
NZ_CP081495.1	43	1875058	1875133	Gly	GCC	0	0	86.4	
NZ_CP081495.1	44	1875140	1875225	Leu	TAA	0	0	65.1	
NZ_CP081495.1	45	2005411	2005484	Ile2	CAT	0	0	76.3	
NZ_CP081495.1	46	2348714	2348787	Ile	GAT	0	0	66.5	
NZ_CP081495.1	47	2348875	2348948	Ala	TGC	0	0	75.0	
NZ_CP081495.1	48	2352232	2352306	Val	TAC	0	0	79.5	
NZ_CP081495.1	49	2375238	2375311	Ile	GAT	0	0	66.5	
NZ_CP081495.1	50	2375398	2375471	Ala	TGC	0	0	75.0	
NZ_CP081495.1	51	2378756	2378830	Val	TAC	0	0	79.5	
NZ_CP081495.1	52	2461067	2461140	Ile	GAT	0	0	66.5	
NZ_CP081495.1	53	2461228	2461301	Ala	TGC	0	0	75.0	
NZ_CP081495.1	54	2687720	2687793	Ile	GAT	0	0	66.5	
NZ_CP081495.1	55	2687881	2687954	Ala	TGC	0	0	75.0	
NZ_CP081495.1	56	2691240	2691314	Val	TAC	0	0	79.5	
NZ_CP081495.1	57	2614953	2614881	Phe	GAA	0	0	71.9	
NZ_CP081495.1	58	2614855	2614783	Phe	GAA	0	0	71.9	
NZ_CP081495.1	59	2614756	2614684	Phe	GAA	0	0	71.9	
NZ_CP081495.1	60	2614657	2614585	Phe	GAA	0	0	71.9	
NZ_CP081495.1	61	2611251	2611178	Asp	GTC	0	0	72.6	
NZ_CP081495.1	62	2610865	2610792	Asp	GTC	0	0	72.6	
NZ_CP081495.1	63	2610749	2610676	Asp	GTC	0	0	72.6	
NZ_CP081495.1	64	2610639	2610566	Asp	GTC	0	0	72.6	
NZ_CP081495.1	65	2610524	2610451	Asp	GTC	0	0	72.6	
NZ_CP081495.1	66	2602497	2602418	Leu	TAG	0	0	51.9	
NZ_CP081495.1	67	2442851	2442772	Leu	CAA	0	0	61.8	
NZ_CP081495.1	68	2413279	2413206	Asn	GTT	0	0	67.9	
NZ_CP081495.1	69	2413151	2413078	Asn	GTT	0	0	67.9	
NZ_CP081495.1	70	2413028	2412955	Asn	GTT	0	0	67.9	
NZ_CP081495.1	71	2412905	2412832	Asn	GTT	0	0	67.9	
NZ_CP081495.1	72	2169470	2169400	Cys	GCA	0	0	57.7	
NZ_CP081495.1	73	1945816	1945746	Gln	TTG	0	0	55.9	
NZ_CP081495.1	74	1945711	1945641	Gln	TTG	0	0	57.1	
NZ_CP081495.1	75	1945456	1945386	Gln	TTG	0	0	57.1	
NZ_CP081495.1	76	1814300	1814225	Gly	TCC	0	0	84.5	
NZ_CP081495.1	77	1814190	1814115	Gly	TCC	0	0	84.5	
NZ_CP081495.1	78	1814080	1814005	Gly	TCC	0	0	84.5	
NZ_CP081495.1	79	1813970	1813898	Gly	TCC	0	0	77.6	
NZ_CP081495.1	80	1781345	1781272	Arg	TCG	0	0	61.9	
NZ_CP081495.1	81	1665256	1665183	Thr	TGT	0	0	77.1	
NZ_CP081495.1	82	1665140	1665059	Tyr	GTA	0	0	62.6	
NZ_CP081495.1	83	1665040	1664969	Thr	GGT	0	0	68.6	
NZ_CP081495.1	84	1663675	1663605	Trp	CCA	0	0	70.2	
NZ_CP081495.1	85	1516004	1515933	Glu	TTC	0	0	47.7	
NZ_CP081495.1	86	1515904	1515833	Glu	TTC	0	0	47.7	
NZ_CP081495.1	87	1515803	1515732	Glu	TTC	0	0	47.7	
NZ_CP081495.1	88	1515701	1515630	Glu	TTC	0	0	47.7	
NZ_CP081495.1	89	1515599	1515528	Glu	TTC	0	0	47.7	
NZ_CP081495.1	90	1515493	1515422	Glu	TTC	0	0	47.7	
NZ_CP081495.1	91	1272880	1272796	Ser	TGA	0	0	66.2	
NZ_CP081495.1	92	1272727	1272643	Ser	TGA	0	0	66.2	
NZ_CP081495.1	93	1272623	1272550	Met	CAT	0	0	70.0	
NZ_CP081495.1	94	1257122	1257049	Arg	ACG	0	0	56.7	
NZ_CP081495.1	95	1257024	1256951	Arg	ACG	0	0	56.7	
NZ_CP081495.1	96	1256926	1256853	Arg	ACG	0	0	56.7	
NZ_CP081495.1	97	1116659	1116584	His	GTG	0	0	59.9	
NZ_CP081495.1	98	1116549	1116474	His	GTG	0	0	59.9	
NZ_CP081495.1	99	1116438	1116363	His	GTG	0	0	59.9	
NZ_CP081495.1	100	1116327	1116251	His	GTG	0	0	66.5	
NZ_CP081495.1	101	810290 	810206 	Ser	TGA	0	0	64.9	
NZ_CP081495.1	102	728203 	728126 	Val	TAC	0	0	86.4	
NZ_CP081495.1	103	164338 	164256 	Tyr	GTA	0	0	65.6	
NZ_CP081495.1	104	164211 	164130 	Tyr	GTA	0	0	62.6	
NZ_CP081495.1	105	164086 	164005 	Tyr	GTA	0	0	57.6	
NZ_CP081495.1	106	163959 	163878 	Tyr	GTA	0	0	62.6	
NZ_CP118174.1	1	13454  	13524  	Gly	TCC	0	0	63.1	
NZ_CP118174.1	2	61139  	61225  	Ser	CGA	0	0	69.5	
NZ_CP118174.1	3	61258  	61342  	Ser	GGA	0	0	65.6	
NZ_CP118174.1	4	154349 	154422 	Val	GAC	0	0	75.2	
NZ_CP118174.1	5	293240 	293311 	Thr	CGT	0	0	70.2	
NZ_CP118174.1	6	297570 	297642 	Phe	GAA	0	0	71.7	
NZ_CP118174.1	7	700454 	700526 	Pro	TGG	0	0	63.1	
NZ_CP118174.1	8	806728 	806801 	Arg	TCT	0	0	73.9	
NZ_CP118174.1	9	861087 	861168 	Tyr	GTA	0	0	68.3	
NZ_CP118174.1	10	861174 	861246 	Thr	TGT	0	0	71.4	
NZ_CP118174.1	11	861875 	861946 	Glu	TTC	0	0	50.3	
NZ_CP118174.1	12	918578 	918649 	Glu	CTC	0	0	54.5	
NZ_CP118174.1	13	984929 	985001 	His	GTG	0	0	62.4	
NZ_CP118174.1	14	985014 	985087 	Arg	TCG	0	0	67.8	
NZ_CP118174.1	15	985109 	985181 	Lys	CTT	0	0	74.3	
NZ_CP118174.1	16	996654 	996726 	Asn	GTT	0	0	71.7	
NZ_CP118174.1	17	1194494	1194572	Leu	TAG	0	0	58.0	
NZ_CP118174.1	18	1194649	1194727	Leu	TAG	0	0	58.0	
NZ_CP118174.1	19	1260956	1261029	Arg	GCG	0	0	74.4	
NZ_CP118174.1	20	1459991	1459919	Ala	TGC	0	0	75.0	
NZ_CP118174.1	21	1172079	1171995	Ser	TGA	0	0	76.2	
NZ_CP118174.1	22	1171966	1171879	Ser	GCT	0	0	60.5	
NZ_CP118174.1	23	1060010	1059938	Lys	TTT	0	0	78.2	
NZ_CP118174.1	24	1037196	1037125	Gln	TTG	0	0	58.9	
NZ_CP118174.1	25	983721 	983648 	Asp	GTC	0	0	80.5	
NZ_CP118174.1	26	928424 	928351 	Arg	CCT	0	0	65.6	
NZ_CP118174.1	27	886168 	886096 	Val	TAC	0	0	68.0	
NZ_CP118174.1	28	807020 	806936 	Leu	TAA	0	0	67.9	
NZ_CP118174.1	29	736559 	736487 	Ala	GGC	0	0	74.2	
NZ_CP118174.1	30	711669 	711596 	Pro	GGG	0	0	68.8	
NZ_CP118174.1	31	710553 	710482 	Gln	CTG	0	0	63.0	
NZ_CP118174.1	32	630572 	630490 	Leu	GAG	0	0	63.7	
NZ_CP118174.1	33	463655 	463583 	Thr	GGT	0	0	67.2	
NZ_CP118174.1	34	463333 	463262 	Trp	CCA	0	0	60.6	
NZ_CP118174.1	35	427377 	427305 	Met	CAT	0	0	67.9	
NZ_CP118174.1	36	364680 	364607 	Ile2	CAT	0	0	78.2	
NZ_CP118174.1	37	285685 	285612 	Ile	GAT	0	0	77.7	
NZ_CP118174.1	38	239954 	239873 	Leu	CAA	0	0	65.9	
NZ_CP118174.1	39	224786 	224715 	Cys	GCA	0	0	68.5	
NZ_CP118174.1	40	215331 	215258 	fMet	CAT	0	0	73.9	
NZ_CP118174.1	41	138232 	138160 	Gly	GCC	0	0	80.2	
NZ_CP121111.1	1	35881  	35952  	Glu	TTC	0	0	54.3	
NZ_CP121111.1	2	36002  	36073  	Glu	TTC	0	0	54.3	
NZ_CP121111.1	3	36124  	36195  	Glu	TTC	0	0	56.6	
NZ_CP121111.1	4	39635  	39708  	Ile	GAT	0	0	68.1	
NZ_CP121111.1	5	39810  	39886  	Ala	TGC	0	0	81.6	
NZ_CP121111.1	6	165019 	165092 	His	GTG	0	0	58.4	
NZ_CP121111.1	7	445401 	445474 	Ile	GAT	0	0	68.1	
NZ_CP121111.1	8	445576 	445652 	Ala	TGC	0	0	81.6	
NZ_CP121111.1	9	555807 	555890 	Tyr	GTA	0	0	73.1	
NZ_CP121111.1	10	556022 	556102 	Tyr	GTA	0	0	66.2	
NZ_CP121111.1	11	852300 	852373 	Arg	ACG	0	0	56.7	
NZ_CP121111.1	12	964039 	964111 	Lys	TTT	0	0	71.9	
NZ_CP121111.1	13	964153 	964225 	Lys	TTT	0	0	71.9	
NZ_CP121111.1	14	964267 	964349 	Leu	GAG	0	0	53.3	
NZ_CP121111.1	15	1441640	1441717	Val	TAC	0	0	85.1	
NZ_CP121111.1	16	1441756	1441830	Val	TAC	0	0	78.2	
NZ_CP121111.1	17	1469101	1469171	Trp	CCA	0	0	70.6	
NZ_CP121111.1	18	1635454	1635526	Phe	GAA	0	0	63.7	
NZ_CP121111.1	19	1997119	1997189	Cys	GCA	0	0	47.8	
NZ_CP121111.1	20	2208619	2208692	Ile2	CAT	0	0	75.7	
NZ_CP121111.1	21	2384256	2384326	Gln	TTG	0	0	45.7	
NZ_CP121111.1	22	2530368	2530440	Gly	GCC	0	0	78.3	
NZ_CP121111.1	23	2530454	2530539	Leu	TAA	0	0	66.0	
NZ_CP121111.1	24	2569524	2569596	Gly	TCC	0	0	77.3	
NZ_CP121111.1	25	2569680	2569752	Gly	TCC	0	0	77.3	
NZ_CP121111.1	26	2598887	2598960	Ile	GAT	0	0	68.1	
NZ_CP121111.1	27	2599062	2599138	Ala	TGC	0	0	81.6	
NZ_CP121111.1	28	2619045	2619129	Ser	TGA	0	0	69.6	
NZ_CP121111.1	29	2744969	2745042	Thr	TGT	0	0	75.6	
NZ_CP121111.1	30	2745071	2745151	Tyr	GTA	0	0	67.1	
NZ_CP121111.1	31	2745202	2745273	Thr	GGT	0	0	68.2	
NZ_CP121111.1	32	2746570	2746640	Trp	CCA	0	0	70.6	
NZ_CP121111.1	33	2894621	2894694	Ile	GAT	0	0	68.1	
NZ_CP121111.1	34	2894796	2894872	Ala	TGC	0	0	81.6	
NZ_CP121111.1	35	2927636	2927563	Met	CAT	0	0	70.0	
NZ_CP121111.1	36	2658821	2658749	fMet	CAT	0	0	71.8	
NZ_CP121111.1	37	2656739	2656667	fMet	CAT	0	0	71.8	
NZ_CP121111.1	38	2237486	2237413	Ala	GGC	0	0	64.8	
NZ_CP121111.1	39	2070154	2070081	Asn	GTT	0	0	67.9	
NZ_CP121111.1	40	2053286	2053213	Asn	GTT	0	0	67.9	
NZ_CP121111.1	41	1822123	1822044	Leu	CAA	0	0	59.2	
NZ_CP121111.1	42	1747241	1747155	Ser	GGA	0	0	69.8	
NZ_CP121111.1	43	1694925	1694852	Asp	GTC	0	0	72.6	
NZ_CP121111.1	44	1694479	1694406	Asp	GTC	0	0	72.6	
NZ_CP121111.1	45	1671135	1671054	Leu	TAG	0	0	69.4	
NZ_CP121111.1	46	1522545	1522472	Arg	TCG	0	0	59.2	
NZ_CP121111.1	47	1278588	1278515	Thr	TGT	0	0	75.6	
NZ_CP121111.1	48	1278455	1278382	Thr	TGT	0	0	75.6	
NZ_CP121111.1	49	1073933	1073860	Ile	GAT	0	0	68.1	
NZ_CP121111.1	50	1073758	1073682	Ala	TGC	0	0	81.6	
NZ_CP121111.1	51	1070319	1070247	Phe	GAA	0	0	63.7	
NZ_CP121111.1	52	1070239	1070154	Leu	TAA	0	0	66.0	
NZ_CP121111.1	53	1030521	1030444	Pro	TGG	0	0	82.1	
NZ_CP121111.1	54	837224 	837141 	Ser	GCT	0	0	73.3	
NZ_CP121111.1	55	837124 	837050 	Pro	TGG	0	0	75.2	
NZ_CP121111.1	56	837018 	836945 	Arg	TCT	0	0	79.3	
NZ_CP121111.1	57	563403 	563326 	Val	TAC	0	0	85.1	
NZ_CP121111.1	58	283588 	283501 	Ser	TGA	0	0	76.4	
NZ_CP104009.1	1	231268 	231343 	Asn	GTT	0	0	75.8	
NZ_CP104009.1	2	231351 	231426 	Glu	TTC	0	0	64.1	
NZ_CP104009.1	3	231434 	231509 	Val	TAC	0	0	84.0	
NZ_CP104009.1	4	231522 	231597 	Thr	TGT	0	0	84.2	
NZ_CP104009.1	5	263643 	263719 	Ile	GAT	0	0	79.8	
NZ_CP104009.1	6	272137 	272212 	His	GTG	0	0	61.7	
NZ_CP104009.1	7	274521 	274596 	Sup	TCA	0	0	78.4	
NZ_CP104009.1	8	274634 	274708 	Trp	CCA	0	0	76.5	
NZ_CP104009.1	9	405468 	405543 	Thr	AGT	0	0	88.0	
NZ_CP104009.1	10	405550 	405633 	Tyr	GTA	0	0	72.7	
NZ_CP104009.1	11	405640 	405714 	Gln	TTG	0	0	68.9	
NZ_CP104009.1	12	405719 	405794 	Lys	TTT	0	0	82.9	
NZ_CP104009.1	13	405805 	405893 	Leu	TAA	0	0	69.8	
NZ_CP104009.1	14	987449 	987523 	Cys	GCA	0	0	66.8	
NZ_CP104009.1	15	801755 	801689 	Undet	NNN	0	0	25.7	
NZ_CP104009.1	16	649894 	649805 	Ser	GCT	0	0	80.4	
NZ_CP104009.1	17	633838 	633765 	Gly	TCC	0	0	75.3	
NZ_CP104009.1	18	553986 	553910 	Arg	TCT	0	0	74.1	
NZ_CP104009.1	19	493824 	493740 	Leu	CAA	0	0	65.7	
NZ_CP104009.1	20	185407 	185331 	Arg	ACG	0	0	79.4	
NZ_CP104009.1	21	185281 	185205 	Pro	TGG	0	0	84.1	
NZ_CP104009.1	22	185194 	185119 	Ala	TGC	0	0	82.2	
NZ_CP104009.1	23	185114 	185038 	Met	CAT	0	0	77.9	
NZ_CP104009.1	24	185024 	184948 	Ile2	CAT	0	0	85.3	
NZ_CP104009.1	25	184907 	184815 	Ser	TGA	0	0	85.5	
NZ_CP104009.1	26	184791 	184716 	fMet	CAT	0	0	90.8	
NZ_CP104009.1	27	184713 	184637 	Asp	GTC	0	0	79.8	
NZ_CP104009.1	28	184630 	184555 	Phe	GAA	0	0	76.2	
NZ_CP104009.1	29	120070 	119995 	Lys	CTT	0	0	75.0	
NZ_CP104009.1	30	78326  	78251  	Lys	TTT	0	0	82.9	
NZ_CP104009.1	31	78248  	78165  	Leu	TAG	0	0	71.0	
NZ_CP133479.1	1	42519  	42594  	Glu	TTC	0	0	66.6	
NZ_CP133479.1	2	96287  	96381  	SeC	TCA	0	0	130.1	
NZ_CP133479.1	3	223593 	223669 	Pro	TGG	0	0	82.4	
NZ_CP133479.1	4	413686 	413762 	Ile	GAT	0	0	75.8	
NZ_CP133479.1	5	413783 	413858 	Ala	TGC	0	0	82.2	
NZ_CP133479.1	6	737349 	737425 	Ile	GAT	0	0	75.8	
NZ_CP133479.1	7	737446 	737521 	Ala	TGC	0	0	82.2	
NZ_CP133479.1	8	812277 	812353 	Ile	GAT	0	0	75.8	
NZ_CP133479.1	9	812374 	812449 	Ala	TGC	0	0	82.2	
NZ_CP133479.1	10	815790 	815866 	Asp	GTC	0	0	90.2	
NZ_CP133479.1	11	1066317	1066389	Gly	CCC	0	0	67.6	
NZ_CP133479.1	12	1295044	1295147	Undet	NNN	0	0	26.0	pseudo
NZ_CP133479.1	13	1410643	1410718	Val	TAC	0	0	84.3	
NZ_CP133479.1	14	1410753	1410828	Val	TAC	0	0	84.3	
NZ_CP133479.1	15	1410874	1410949	Val	TAC	0	0	89.0	
NZ_CP133479.1	16	1410996	1411071	Lys	TTT	0	0	93.1	
NZ_CP133479.1	17	1411102	1411177	Lys	TTT	0	0	93.1	
NZ_CP133479.1	18	1411208	1411283	Lys	TTT	0	0	93.1	
NZ_CP133479.1	19	1411306	1411381	Val	TAC	0	0	84.3	
NZ_CP133479.1	20	1812401	1812476	Lys	CTT	0	0	84.4	
NZ_CP133479.1	21	1863026	1863099	Lys	CTT	0	0	26.5	
NZ_CP133479.1	22	1896381	1896456	Gly	GCC	0	0	88.4	
NZ_CP133479.1	23	1896462	1896535	Cys	GCA	0	0	67.6	
NZ_CP133479.1	24	1896542	1896628	Leu	TAA	0	0	75.4	
NZ_CP133479.1	25	2452545	2452634	Ser	GGA	0	0	74.6	
NZ_CP133479.1	26	2452766	2452855	Ser	GGA	0	0	74.6	
NZ_CP133479.1	27	2709558	2709633	Asn	GTT	0	0	80.6	
NZ_CP133479.1	28	2710163	2710238	Asn	GTT	0	0	80.6	
NZ_CP133479.1	29	2710497	2710572	Asn	GTT	0	0	78.4	
NZ_CP133479.1	30	2710869	2710944	Asn	GTT	0	0	80.6	
NZ_CP133479.1	31	3081086	3081162	Met	CAT	0	0	82.9	
NZ_CP133479.1	32	3081168	3081252	Leu	TAG	0	0	74.1	
NZ_CP133479.1	33	3081322	3081396	Gln	TTG	0	0	69.1	
NZ_CP133479.1	34	3081480	3081554	Gln	TTG	0	0	69.1	
NZ_CP133479.1	35	3081596	3081672	Met	CAT	0	0	82.9	
NZ_CP133479.1	36	3081687	3081761	Gln	CTG	0	0	72.8	
NZ_CP133479.1	37	3126841	3126902	Undet	NNN	0	0	22.0	
NZ_CP133479.1	38	3268158	3268233	Phe	GAA	0	0	78.4	
NZ_CP133479.1	39	3864481	3864567	Leu	CAG	0	0	67.0	
NZ_CP133479.1	40	3864614	3864700	Leu	CAG	0	0	69.1	
NZ_CP133479.1	41	3883500	3883575	Phe	GAA	0	0	78.4	
NZ_CP133479.1	42	3944188	3944264	fMet	CAT	0	0	79.3	
NZ_CP133479.1	43	3944376	3944452	fMet	CAT	0	0	77.5	
NZ_CP133479.1	44	3944521	3944597	fMet	CAT	0	0	77.5	
NZ_CP133479.1	45	4009037	4009121	Leu	CAA	0	0	73.9	
NZ_CP133479.1	46	4379907	4379832	Glu	TTC	0	0	66.6	
NZ_CP133479.1	47	4376480	4376405	Thr	GGT	0	0	82.2	
NZ_CP133479.1	48	4372724	4372649	Thr	TGT	0	0	87.3	
NZ_CP133479.1	49	4372633	4372549	Tyr	GTA	0	0	73.0	
NZ_CP133479.1	50	4372448	4372374	Gly	TCC	0	0	70.6	
NZ_CP133479.1	51	4372367	4372292	Thr	GGT	0	0	84.8	
NZ_CP133479.1	52	4344622	4344547	Glu	TTC	0	0	66.6	
NZ_CP133479.1	53	4341190	4341114	Asp	GTC	0	0	90.2	
NZ_CP133479.1	54	4341105	4341030	Trp	CCA	0	0	76.4	
NZ_CP133479.1	55	4303557	4303481	Arg	CCG	0	0	82.2	
NZ_CP133479.1	56	4303405	4303330	His	GTG	0	0	76.9	
NZ_CP133479.1	57	4303314	4303228	Leu	CAG	0	0	69.1	
NZ_CP133479.1	58	4303204	4303128	Pro	TGG	0	0	82.4	
NZ_CP133479.1	59	4253663	4253588	Gly	GCC	0	0	88.6	
NZ_CP133479.1	60	4253533	4253458	Gly	GCC	0	0	88.6	
NZ_CP133479.1	61	4248583	4248508	Gly	GCC	0	0	88.6	
NZ_CP133479.1	62	4191076	4190987	Leu	GAG	0	0	62.3	
NZ_CP133479.1	63	4190928	4190852	fMet	CAT	0	0	74.1	
NZ_CP133479.1	64	3593394	3593318	Arg	TCT	0	0	87.6	
NZ_CP133479.1	65	3550857	3550775	Arg	TCT	0	0	20.7	pseudo
NZ_CP133479.1	66	3509870	3509794	Asp	GTC	0	0	90.2	
NZ_CP133479.1	67	3201029	3200937	Ser	GCT	0	0	83.8	
NZ_CP133479.1	68	3200929	3200853	Arg	ACG	0	0	83.4	
NZ_CP133479.1	69	3200771	3200695	Arg	ACG	0	0	83.4	
NZ_CP133479.1	70	3200614	3200538	Arg	ACG	0	0	83.4	
NZ_CP133479.1	71	3200451	3200375	Arg	ACG	0	0	83.4	
NZ_CP133479.1	72	3177826	3177751	Glu	TTC	0	0	66.6	
NZ_CP133479.1	73	3000620	3000545	Lys	TTT	0	0	93.1	
NZ_CP133479.1	74	3000513	3000438	Lys	TTT	0	0	93.1	
NZ_CP133479.1	75	2783599	2783512	Ser	TGA	0	0	80.2	
NZ_CP133479.1	76	2170087	2170003	Tyr	GTA	0	0	73.0	
NZ_CP133479.1	77	2033090	2033014	Val	GAC	0	0	85.9	
NZ_CP133479.1	78	2032979	2032903	Val	GAC	0	0	85.9	
NZ_CP133479.1	79	1603247	1603171	Pro	GGG	0	0	69.2	
NZ_CP133479.1	80	1583389	1583302	Ser	TGA	0	0	77.7	
NZ_CP133479.1	81	1583295	1583220	Thr	TGT	0	0	84.6	
NZ_CP133479.1	82	1423767	1423693	Arg	CCT	0	0	66.1	
NZ_CP133479.1	83	1408755	1408680	Ala	GGC	0	0	75.0	
NZ_CP133479.1	84	1408612	1408537	Ala	GGC	0	0	75.0	
NZ_CP133479.1	85	629366 	629291 	Ile2	CAT	0	0	85.1	
NZ_JASDDP010000015.1	1	28982  	28899  	Tyr	GTA	0	0	72.4	
NZ_JASDDP010000015.1	2	28897  	28823  	Gln	TTG	0	0	68.7	
NZ_JASDDP010000003.1	1	4737   	4662   	Thr	GGT	0	0	73.1	
NZ_JASDDP010000014.1	1	12412  	12337  	His	GTG	0	0	64.4	
NZ_JASDDP010000024.1	1	48618  	48701  	Leu	CAA	0	0	72.1	
NZ_JASDDP010000024.1	2	48705  	48789  	Leu	AAG	0	0	62.2	
NZ_JASDDP010000024.1	3	57647  	57722  	Thr	TGT	0	0	85.5	
NZ_JASDDP010000024.1	4	57747  	57831  	Leu	TAG	0	0	62.1	
NZ_JASDDP010000024.1	5	688    	614    	Asn	GTT	0	0	78.9	
NZ_JASDDP010000024.1	6	606    	531    	Glu	TTC	0	0	62.8	
NZ_JASDDP010000024.1	7	526    	451    	Val	TAC	0	0	80.6	
NZ_JASDDP010000024.1	8	409    	336    	Gly	TCC	0	0	72.2	
NZ_JASDDP010000019.1	1	46082  	46158  	Pro	TGG	0	0	81.9	
NZ_JASDDP010000019.1	2	46162  	46238  	Ala	TGC	0	0	77.3	
NZ_JASDDP010000019.1	3	46242  	46318  	Met	CAT	0	0	76.4	
NZ_JASDDP010000019.1	4	46336  	46412  	Ile2	CAT	0	0	82.8	
NZ_JASDDP010000019.1	5	46414  	46506  	Ser	TGA	0	0	77.2	
NZ_JASDDP010000019.1	6	46559  	46635  	fMet	CAT	0	0	73.4	
NZ_JASDDP010000019.1	7	46638  	46713  	Asp	GTC	0	0	76.8	
NZ_JASDDP010000019.1	8	46715  	46790  	Phe	GAA	0	0	74.3	
NZ_JASDDP010000019.1	9	48360  	48435  	Sup	TCA	0	0	73.2	
NZ_JASDDP010000019.1	10	60706  	60780  	Trp	CCA	0	0	58.7	
NZ_JASDDP010000019.1	11	39579  	39489  	Ser	GCT	0	0	66.9	
NZ_JASDDP010000020.1	1	42295  	42221  	Cys	GCA	0	0	66.3	
NZ_JASDDP010000020.1	2	42215  	42139  	Arg	ACG	0	0	69.7	
NZ_JASDDP010000011.1	1	18811  	18887  	Arg	TCT	0	0	71.3	
NZ_JASDDP010000011.1	2	22260  	22345  	Leu	TAA	0	0	75.4	
NZ_JASDDP010000011.1	3	22351  	22426  	Lys	TTT	0	0	78.5	
NZ_JASDDP010000006.1	1	23743  	23668  	Thr	CGT	0	0	83.2	
NZ_JASDDP010000006.1	2	22668  	22592  	Ile	GAT	0	0	79.6	
NZ_JASDDP010000006.1	3	606    	533    	Gly	GCC	0	0	74.3	
NZ_JASXSZ010000001.1	1	87435  	87508  	Gly	CCC	0	0	83.0	
NZ_JASXSZ010000001.1	2	346350 	346423 	Ile	GAT	0	0	77.6	
NZ_JASXSZ010000001.1	3	346438 	346510 	Ala	TGC	0	0	82.0	
NZ_JASXSZ010000001.1	4	375280 	375363 	Leu	CAG	0	0	66.6	
NZ_JASXSZ010000001.1	5	646499 	646589 	Ser	CGA	0	0	71.5	
NZ_JASXSZ010000001.1	6	963437 	963521 	Ser	TGA	0	0	66.5	
NZ_JASXSZ010000001.1	7	965004 	965095 	Ser	GCT	0	0	83.7	
NZ_JASXSZ010000001.1	8	1051250	1051332	Undet	NNN	0	0	44.5	
NZ_JASXSZ010000001.1	9	1126170	1126252	Ser	GCT	0	0	42.3	
NZ_JASXSZ010000001.1	10	1264177	1264249	Arg	ACG	0	0	77.0	
NZ_JASXSZ010000001.1	11	581190 	581115 	Glu	TTC	0	0	73.0	
NZ_JASXSZ010000001.1	12	581089 	581016 	Asp	GTC	0	0	78.2	
NZ_JASXSZ010000001.1	13	580950 	580878 	Phe	GAA	0	0	67.0	
NZ_JASXSZ010000002.1	1	91350  	91422  	Met	CAT	0	0	28.0	
NZ_JASXSZ010000003.1	1	28983  	29056  	Pro	TGG	0	0	80.5	
NZ_JASXSZ010000003.1	2	67043  	67115  	Ala	GGC	0	0	75.3	
NZ_JASXSZ010000003.1	3	125171 	125243 	Asn	GTT	0	0	64.9	
NZ_JASXSZ010000003.1	4	145321 	145394 	Val	TAC	0	0	78.8	
NZ_JASXSZ010000003.1	5	205213 	205285 	Gly	GCC	0	0	82.3	
NZ_JASXSZ010000003.1	6	205337 	205410 	Cys	GCA	0	0	73.5	
NZ_JASXSZ010000003.1	7	205449 	205520 	Val	GAC	0	0	73.9	
NZ_JASXSZ010000003.1	8	324914 	324998 	Leu	GAG	0	0	61.8	
NZ_JASXSZ010000003.1	9	521447 	521522 	Glu	CTC	0	0	72.5	
NZ_JASXSZ010000003.1	10	643083 	643011 	Lys	CTT	0	0	73.5	
NZ_JASXSZ010000003.1	11	598464 	598390 	Gln	CTG	0	0	60.5	
NZ_JASXSZ010000003.1	12	282812 	282726 	Leu	CAA	0	0	42.6	
NZ_JASXSZ010000003.1	13	205059 	204987 	Val	CAC	0	0	78.9	
NZ_JASXSZ010000003.1	14	131577 	131504 	Ile2	CAT	0	0	72.7	
NZ_JASXSZ010000003.1	15	28843  	28770  	Gly	TCC	0	0	85.8	
NZ_JASXSZ010000003.1	16	887    	815    	Arg	TCT	0	0	62.1	
NZ_JASXSZ010000003.1	17	85     	10     	His	GTG	0	0	74.7	
NZ_JASXSZ010000004.1	1	355271 	355343 	Arg	CCG	0	0	67.1	
NZ_JASXSZ010000005.1	1	140238 	140309 	Gln	TTG	0	0	61.5	
NZ_JASXSZ010000005.1	2	184109 	184181 	Leu	TAA	0	0	59.5	
NZ_JASXSZ010000005.1	3	355322 	355395 	fMet	CAT	0	0	76.0	
NZ_JASXSZ010000005.1	4	381444 	381363 	Leu	TAG	0	0	58.6	
NZ_JASXSZ010000006.1	1	126794 	126866 	Thr	CGT	0	0	74.9	
NZ_JASXSZ010000006.1	2	188682 	188754 	Thr	TGT	0	0	75.5	
NZ_JASXSZ010000006.1	3	298908 	298979 	Arg	CCT	0	0	63.5	
NZ_JASXSZ010000006.1	4	350796 	350868 	Ala	CGC	0	0	76.2	
NZ_JASXSZ010000006.1	5	144754 	144683 	Lys	TTT	0	0	51.7	
NZ_JASXSZ010000006.1	6	107793 	107720 	Pro	CGG	0	0	74.7	
NZ_JASXSZ010000006.1	7	84245  	84158  	Ser	GGA	0	0	76.1	
NZ_JASXSZ010000007.1	1	8622   	8703   	Tyr	GTA	0	0	65.8	
NZ_JASXSZ010000007.1	2	14440  	14511  	Thr	GGT	0	0	68.7	
NZ_JASXSZ010000007.1	3	14543  	14616  	Met	CAT	0	0	76.1	
NZ_JASXSZ010000007.1	4	97493  	97565  	Trp	CCA	0	0	82.3	
NZ_JASXSZ010000009.1	1	31431  	31504  	Pro	GGG	0	0	71.0	
NZ_CP127039.1	1	333590 	333666 	His	GTG	0	0	75.5	
NZ_CP127039.1	2	372616 	372706 	Ser	GCT	0	0	78.1	
NZ_CP127039.1	3	381508 	381582 	Sup	TCA	0	0	69.9	
NZ_CP127039.1	4	414089 	414164 	Cys	GCA	0	0	75.6	
NZ_CP127039.1	5	414272 	414348 	Arg	ACG	0	0	72.3	
NZ_CP127039.1	6	414350 	414426 	Pro	TGG	0	0	79.8	
NZ_CP127039.1	7	414437 	414512 	Ala	TGC	0	0	71.4	
NZ_CP127039.1	8	414545 	414621 	Met	CAT	0	0	62.6	
NZ_CP127039.1	9	414629 	414705 	Ile2	CAT	0	0	77.6	
NZ_CP127039.1	10	414719 	414808 	Ser	TGA	0	0	77.6	
NZ_CP127039.1	11	414830 	414904 	fMet	CAT	0	0	65.9	
NZ_CP127039.1	12	414906 	414981 	Asp	GTC	0	0	73.2	
NZ_CP127039.1	13	750659 	750734 	Val	TAC	0	0	81.3	
NZ_CP127039.1	14	750742 	750818 	Thr	TGT	0	0	80.1	
NZ_CP127039.1	15	750830 	750914 	Tyr	GTA	0	0	70.2	
NZ_CP127039.1	16	750925 	750999 	Gln	TTG	0	0	74.8	
NZ_CP127039.1	17	751016 	751090 	Lys	TTT	0	0	75.6	
NZ_CP127039.1	18	751097 	751184 	Leu	TAA	0	0	67.8	
NZ_CP127039.1	19	751250 	751331 	Leu	CAA	0	0	70.6	
NZ_CP127039.1	20	757152 	757225 	Gly	TCC	0	0	64.5	
NZ_CP127039.1	21	1328847	1328921	Asn	GTT	0	0	77.0	
NZ_CP127039.1	22	1328946	1329020	Glu	TTC	0	0	61.2	
NZ_CP127039.1	23	1329077	1329152	Lys	CTT	0	0	69.7	
NZ_CP127039.1	24	1329157	1329241	Leu	TAG	0	0	64.6	
NZ_CP127039.1	25	1434022	1434097	Arg	TCT	0	0	86.4	
NZ_CP127039.1	26	1617629	1617705	Ile	GAT	0	0	83.7	
NZ_CP127039.1	27	874835 	874760 	Phe	GAA	0	0	74.5	
NZ_CP129111.1	1	77711  	77795  	Leu	TAA	0	0	73.5	
NZ_CP129111.1	2	91062  	91135  	Cys	GCA	0	0	77.7	
NZ_CP129111.1	3	738253 	738327 	Val	GAC	0	0	77.7	
NZ_CP129111.1	4	1402529	1402604	Trp	CCA	0	0	86.5	
NZ_CP129111.1	5	1466438	1466514	Arg	ACG	0	0	84.5	
NZ_CP129111.1	6	1557233	1557309	Arg	TCT	0	0	71.2	
NZ_CP129111.1	7	1725637	1725713	His	GTG	0	0	72.5	
NZ_CP129111.1	8	2031277	2031350	Gly	TCC	0	0	72.2	
NZ_CP129111.1	9	2176978	2177052	Phe	GAA	0	0	73.6	
NZ_CP129111.1	10	2270408	2270483	Thr	TGT	0	0	84.0	
NZ_CP129111.1	11	2582814	2582890	Arg	CCG	0	0	89.0	
NZ_CP129111.1	12	3055092	3055168	Ile2	CAT	0	0	83.4	
NZ_CP129111.1	13	3057818	3057892	Asn	GTT	0	0	82.8	
NZ_CP129111.1	14	3408208	3408282	Gly	GCC	0	0	83.1	
NZ_CP129111.1	15	3443321	3443404	Tyr	GTA	0	0	49.5	
NZ_CP129111.1	16	3528944	3529030	Leu	GAG	0	0	68.9	
NZ_CP129111.1	17	3150508	3150424	Leu	TAG	0	0	75.5	
NZ_CP129111.1	18	2943818	2943744	Val	CAC	0	0	79.1	
NZ_CP129111.1	19	2941957	2941882	Val	TAC	0	0	79.1	
NZ_CP129111.1	20	2937570	2937494	Asp	GTC	0	0	87.8	
NZ_CP129111.1	21	2937459	2937383	Asp	GTC	0	0	87.8	
NZ_CP129111.1	22	2911478	2911394	Leu	CAA	0	0	72.2	
NZ_CP129111.1	23	2894752	2894676	Pro	TGG	0	0	77.1	
NZ_CP129111.1	24	2819601	2819512	Ser	GGA	0	0	82.5	
NZ_CP129111.1	25	2652555	2652466	Ser	CGA	0	0	83.0	
NZ_CP129111.1	26	2544608	2544535	Gly	CCC	0	0	62.9	
NZ_CP129111.1	27	2396761	2396685	Pro	GGG	0	0	75.9	
NZ_CP129111.1	28	2167506	2167432	Thr	GGT	0	0	84.5	
NZ_CP129111.1	29	2156097	2156008	Ser	TGA	0	0	89.5	
NZ_CP129111.1	30	1979773	1979699	Glu	TTC	0	0	64.9	
NZ_CP129111.1	31	1588240	1588151	Ser	GCT	0	0	91.9	
NZ_CP129111.1	32	1499208	1499134	Gln	TTG	0	0	73.6	
NZ_CP129111.1	33	1270556	1270480	Pro	CGG	0	0	75.7	
NZ_CP129111.1	34	1187476	1187401	Lys	TTT	0	0	94.3	
NZ_CP129111.1	35	1123256	1123181	Thr	CGT	0	0	87.1	
NZ_CP129111.1	36	985962 	985876 	Leu	CAG	0	0	77.3	
NZ_CP129111.1	37	851137 	851061 	Arg	CCT	0	0	82.0	
NZ_CP129111.1	38	722767 	722691 	Ile	GAT	0	0	85.8	
NZ_CP129111.1	39	722682 	722607 	Ala	TGC	0	0	80.0	
NZ_CP129111.1	40	717994 	717918 	fMet	CAT	0	0	79.3	
NZ_CP129111.1	41	600142 	600066 	Met	CAT	0	0	80.7	
NZ_CP129111.1	42	348453 	348378 	Ala	GGC	0	0	76.9	
NZ_CP114583.1	1	49755  	49831  	Arg	TCT	0	0	77.3	
NZ_CP114583.1	2	65613  	65672  	Ser	CGA	0	0	24.1	
NZ_CP114583.1	3	70076  	70166  	Ser	GCT	0	0	78.3	
NZ_CP114583.1	4	74500  	74573  	Gly	TCC	0	0	73.9	
NZ_CP114583.1	5	115461 	115547 	Leu	TAA	0	0	72.7	
NZ_CP114583.1	6	115552 	115627 	Lys	TTT	0	0	78.7	
NZ_CP114583.1	7	227902 	227985 	Tyr	GTA	0	0	68.7	
NZ_CP114583.1	8	227992 	228066 	Gln	TTG	0	0	65.4	
NZ_CP114583.1	9	258356 	258432 	fMet	CAT	0	0	76.3	
NZ_CP114583.1	10	258436 	258511 	Asp	GTC	0	0	80.8	
NZ_CP114583.1	11	258513 	258588 	Phe	GAA	0	0	71.6	
NZ_CP114583.1	12	262932 	263007 	Sup	TCA	0	0	81.0	
NZ_CP114583.1	13	307359 	307433 	Asn	GTT	0	0	81.1	
NZ_CP114583.1	14	307438 	307513 	Glu	TTC	0	0	70.2	
NZ_CP114583.1	15	307518 	307593 	Val	TAC	0	0	78.1	
NZ_CP114583.1	16	307598 	307673 	Thr	TGT	0	0	87.7	
NZ_CP114583.1	17	307682 	307757 	Lys	TTT	0	0	78.7	
NZ_CP114583.1	18	307761 	307843 	Leu	TAG	0	0	70.9	
NZ_CP114583.1	19	377693 	377769 	Ile	GAT	0	0	82.6	
NZ_CP114583.1	20	377807 	377883 	Ala	TGC	0	0	74.6	
NZ_CP114583.1	21	650300 	650373 	Trp	CCA	0	0	67.0	
NZ_CP114583.1	22	650379 	650460 	Leu	CAA	0	0	52.4	
NZ_CP114583.1	23	665366 	665441 	Thr	GGT	0	0	77.9	
NZ_CP114583.1	24	665443 	665533 	Ser	GGA	0	0	75.4	
NZ_CP114583.1	25	667245 	667337 	Ser	TGA	0	0	78.1	
NZ_CP114583.1	26	744765 	744839 	Cys	GCA	0	0	70.5	
NZ_CP114583.1	27	744851 	744927 	Arg	ACG	0	0	74.2	
NZ_CP114583.1	28	708472 	708396 	Pro	TGG	0	0	81.7	
NZ_CP114583.1	29	708392 	708316 	Ala	TGC	0	0	74.6	
NZ_CP114583.1	30	708311 	708235 	Met	CAT	0	0	80.3	
NZ_CP114583.1	31	708208 	708132 	Ile2	CAT	0	0	82.2	
NZ_CP114583.1	32	131387 	131312 	His	GTG	0	0	67.7	
NZ_CP132507.1	1	980885 	980961 	fMet	CAT	0	0	73.0	
NZ_CP132507.1	2	1155261	1155336	Gly	GCC	0	0	81.4	
NZ_CP132507.1	3	1287395	1287471	fMet	CAT	0	0	73.0	
NZ_CP132507.1	4	1484914	1484989	Thr	TGT	0	0	84.6	
NZ_CP132507.1	5	1667169	1667258	Ser	CGA	0	0	88.4	
NZ_CP132507.1	6	1947125	1947252	Undet	NNN	0	0	20.6	pseudo
NZ_CP132507.1	7	2020759	2020835	Val	GAC	0	0	81.4	
NZ_CP132507.1	8	2131722	2131798	Pro	TGG	0	0	78.4	
NZ_CP132507.1	9	2131853	2131929	Arg	TCT	0	0	82.7	
NZ_CP132507.1	10	2229577	2229651	Val	CAC	0	0	74.4	
NZ_CP132507.1	11	2263912	2264004	Ser	GCT	0	0	85.8	
NZ_CP132507.1	12	2469954	2470043	Ser	GGA	0	0	83.3	
NZ_CP132507.1	13	3526989	3527064	Thr	CGT	0	0	70.8	
NZ_CP132507.1	14	3619441	3619530	Ser	TGA	0	0	82.9	
NZ_CP132507.1	15	3656529	3656605	Gln	TTG	0	0	76.4	
NZ_CP132507.1	16	3644730	3644654	Ile2	CAT	0	0	80.1	
NZ_CP132507.1	17	3631099	3631023	Arg	ACG	0	0	84.3	
NZ_CP132507.1	18	3488244	3488169	Ala	GGC	0	0	74.7	
NZ_CP132507.1	19	3488136	3488061	Glu	TTC	0	0	62.8	
NZ_CP132507.1	20	3487958	3487882	Asp	GTC	0	0	90.9	
NZ_CP132507.1	21	3487820	3487745	Glu	TTC	0	0	62.8	
NZ_CP132507.1	22	3487642	3487566	Asp	GTC	0	0	90.9	
NZ_CP132507.1	23	3307735	3307651	Leu	GAG	0	0	63.7	
NZ_CP132507.1	24	2996129	2996044	Leu	TAG	0	0	62.3	
NZ_CP132507.1	25	2989871	2989796	Gly	GCC	0	0	81.4	
NZ_CP132507.1	26	2989727	2989654	Cys	GCA	0	0	68.6	
NZ_CP132507.1	27	2989114	2989030	Leu	TAA	0	0	70.9	
NZ_CP132507.1	28	2947835	2947760	Val	TAC	0	0	86.7	
NZ_CP132507.1	29	2945734	2945659	His	GTG	0	0	70.9	
NZ_CP132507.1	30	2716936	2716860	Pro	GGG	0	0	72.5	
NZ_CP132507.1	31	2577949	2577874	Lys	TTT	0	0	84.9	
NZ_CP132507.1	32	2577856	2577781	Lys	CTT	0	0	90.5	
NZ_CP132507.1	33	2431567	2431492	Asn	GTT	0	0	74.1	
NZ_CP132507.1	34	2023046	2022962	Leu	CAG	0	0	66.1	
NZ_CP132507.1	35	1747033	1746949	Leu	CAA	0	0	73.5	
NZ_CP132507.1	36	1532416	1532340	Pro	CGG	0	0	75.8	
NZ_CP132507.1	37	1260165	1260095	Arg	CCT	0	0	62.8	
NZ_CP132507.1	38	1224167	1224091	Met	CAT	0	0	80.2	
NZ_CP132507.1	39	295938 	295863 	Arg	CCG	0	0	83.3	
NZ_CP132507.1	40	153177 	153092 	Tyr	GTA	0	0	77.7	
NZ_CP132507.1	41	153057 	152984 	Gly	TCC	0	0	68.4	
NZ_CP132507.1	42	152925 	152851 	Thr	GGT	0	0	80.5	
NZ_CP132507.1	43	151559 	151484 	Trp	CCA	0	0	86.0	
NZ_CP132507.1	44	133738 	133663 	Phe	GAA	0	0	70.9	
NZ_CP132507.1	45	20738  	20662  	Ile	GAT	0	0	81.2	
NZ_CP132507.1	46	20625  	20550  	Ala	TGC	0	0	81.0	
NZ_CP132507.1	47	15062  	14986  	Ile	GAT	0	0	81.2	
NZ_CP132507.1	48	14949  	14874  	Ala	TGC	0	0	81.0	
NZ_CP132507.1	49	9386   	9310   	Ile	GAT	0	0	81.2	
NZ_CP132507.1	50	9273   	9198   	Ala	TGC	0	0	81.0	
NZ_CP132507.1	51	3710   	3634   	Ile	GAT	0	0	81.2	
NZ_CP132507.1	52	3597   	3522   	Ala	TGC	0	0	81.0	
NZ_JAXQNP010000002.1	1	125215 	125290 	Thr	TGT	0	0	92.7	
NZ_JAXQNP010000002.1	2	621082 	621168 	Leu	CAG	0	0	65.3	
NZ_JAXQNP010000002.1	3	621421 	621507 	Leu	CAG	0	0	65.3	
NZ_JAXQNP010000002.1	4	656170 	656244 	Thr	CGT	0	0	85.0	
NZ_JAXQNP010000002.1	5	711086 	711161 	Ala	CGC	0	0	77.3	
NZ_JAXQNP010000002.1	6	770585 	770661 	Arg	CCT	0	0	76.8	
NZ_JAXQNP010000002.1	7	1085426	1085499	Gly	CCC	0	0	79.7	
NZ_JAXQNP010000002.1	8	1102727	1102789	Gly	CCC	0	0	24.8	pseudo
NZ_JAXQNP010000002.1	9	1149525	1149611	Leu	TAA	0	0	77.1	
NZ_JAXQNP010000002.1	10	1226487	1226563	Ile	GAT	0	0	84.3	
NZ_JAXQNP010000002.1	11	1226605	1226680	Ala	TGC	0	0	82.0	
NZ_JAXQNP010000002.1	12	1230069	1230145	fMet	CAT	0	0	80.8	
NZ_JAXQNP010000002.1	13	1300058	1300147	Ser	CGA	0	0	87.1	
NZ_JAXQNP010000002.1	14	1545080	1545154	Gln	TTG	0	0	69.2	
NZ_JAXQNP010000002.1	15	1652915	1652989	Val	GAC	0	0	79.3	
NZ_JAXQNP010000002.1	16	1764139	1764214	Ile2	CAT	0	0	77.9	
NZ_JAXQNP010000002.1	17	1999730	1999819	Ser	TGA	0	0	88.9	
NZ_JAXQNP010000002.1	18	2549589	2549662	Gln	CTG	0	0	63.9	
NZ_JAXQNP010000002.1	19	2549733	2549806	Gln	CTG	0	0	63.9	
NZ_JAXQNP010000002.1	20	2260746	2260655	Ser	GCT	0	0	89.7	
NZ_JAXQNP010000002.1	21	2193327	2193251	Pro	GGG	0	0	74.1	
NZ_JAXQNP010000002.1	22	1170407	1170331	Arg	CCG	0	0	84.4	
NZ_JAXQNP010000002.1	23	1116644	1116569	Ala	GGC	0	0	72.3	
NZ_JAXQNP010000002.1	24	1116307	1116232	Ala	GGC	0	0	72.3	
NZ_JAXQNP010000002.1	25	1025199	1025123	Arg	ACG	0	0	88.1	
NZ_JAXQNP010000002.1	26	857377 	857286 	Ser	GGA	0	0	89.4	
NZ_JAXQNP010000002.1	27	752132 	752058 	Gly	GCC	0	0	86.6	
NZ_JAXQNP010000002.1	28	751957 	751883 	Gly	GCC	0	0	86.6	
NZ_JAXQNP010000002.1	29	452657 	452572 	Leu	CAA	0	0	58.3	
NZ_JAXQNP010000002.1	30	241185 	241110 	Lys	CTT	0	0	87.8	
NZ_JAXQNP010000002.1	31	240840 	240765 	Lys	CTT	0	0	87.8	
NZ_JAXQNP010000002.1	32	124021 	123936 	Tyr	GTA	0	0	83.5	
NZ_JAXQNP010000002.1	33	123838 	123765 	Gly	TCC	0	0	80.6	
NZ_JAXQNP010000002.1	34	122135 	122060 	Trp	CCA	0	0	85.3	
NZ_JAXQNP010000002.1	35	58063  	57979  	Leu	GAG	0	0	69.2	
NZ_JAXQNP010000002.1	36	48595  	48519  	Ile	GAT	0	0	84.3	
NZ_JAXQNP010000002.1	37	48489  	48414  	Ala	TGC	0	0	82.0	
NZ_JAXQNP010000002.1	38	45026  	44950  	fMet	CAT	0	0	80.8	
NZ_JAXQNP010000003.1	1	267940 	268014 	Val	CAC	0	0	78.9	
NZ_JAXQNP010000003.1	2	268087 	268161 	Val	CAC	0	0	78.9	
NZ_JAXQNP010000003.1	3	301573 	301646 	Cys	GCA	0	0	72.8	
NZ_JAXQNP010000003.1	4	302644 	302719 	Asn	GTT	0	0	81.2	
NZ_JAXQNP010000003.1	5	366726 	366821 	SeC	TCA	0	0	140.7	
NZ_JAXQNP010000003.1	6	465784 	465860 	Pro	TGG	0	0	82.2	
NZ_JAXQNP010000003.1	7	466325 	466401 	Arg	TCT	0	0	87.3	
NZ_JAXQNP010000003.1	8	818822 	818896 	Met	CAT	0	0	79.6	
NZ_JAXQNP010000003.1	9	1204737	1204813	Pro	CGG	0	0	76.4	
NZ_JAXQNP010000003.1	10	1313267	1313342	Glu	TTC	0	0	69.6	
NZ_JAXQNP010000003.1	11	1313390	1313465	Glu	TTC	0	0	69.6	
NZ_JAXQNP010000003.1	12	1694186	1694261	Phe	GAA	0	0	82.3	
NZ_JAXQNP010000003.1	13	771635 	771561 	Thr	GGT	0	0	81.3	
NZ_JAXQNP010000003.1	14	709745 	709670 	His	GTG	0	0	72.2	
NZ_JAXQNP010000003.1	15	702818 	702734 	Leu	TAG	0	0	76.8	
NZ_JAXQNP010000003.1	16	695460 	695386 	Val	TAC	0	0	78.8	
NZ_JAXQNP010000003.1	17	691629 	691553 	Asp	GTC	0	0	90.0	
NZ_JAXQNP010000003.1	18	179603 	179528 	Lys	TTT	0	0	85.7	
NZ_JAXQNP010000004.1	1	272012 	272088 	Ile	GAT	0	0	84.3	
NZ_JAXQNP010000004.1	2	272118 	272193 	Ala	TGC	0	0	82.0	
NZ_JAXQNP010000004.1	3	275581 	275657 	fMet	CAT	0	0	80.8	
NZ_JAXQNP010000004.1	4	1299365	1299441	Ile	GAT	0	0	84.3	
NZ_JAXQNP010000004.1	5	1299483	1299558	Ala	TGC	0	0	82.0	
NZ_JAXQNP010000004.1	6	1302947	1303023	fMet	CAT	0	0	80.8	
NZ_JAXQNP010000004.1	7	1297049	1296974	Glu	CTC	0	0	66.4	
NZ_JAXQNP010000004.1	8	257403 	257328 	Glu	CTC	0	0	66.4	
NZ_JAYEES010000001.1	1	886535 	886611 	Ile	GAT	0	0	84.3	
NZ_JAYEES010000001.1	2	886636 	886711 	Ala	TGC	0	0	82.0	
NZ_JAYEES010000001.1	3	890051 	890127 	fMet	CAT	0	0	80.8	
NZ_JAYEES010000001.1	4	1290333	1290408	Glu	CTC	0	0	66.4	
NZ_JAYEES010000001.1	5	1287962	1287886	Ile	GAT	0	0	84.3	
NZ_JAYEES010000001.1	6	1287861	1287786	Ala	TGC	0	0	82.0	
NZ_JAYEES010000001.1	7	1284446	1284370	fMet	CAT	0	0	80.8	
NZ_JAYEES010000001.1	8	884141 	884066 	Glu	CTC	0	0	67.7	
NZ_JAYEES010000003.1	1	289644 	289730 	Leu	CAG	0	0	65.3	
NZ_JAYEES010000003.1	2	289999 	290085 	Leu	CAG	0	0	65.3	
NZ_JAYEES010000003.1	3	430455 	430529 	Gly	GCC	0	0	86.6	
NZ_JAYEES010000003.1	4	430629 	430703 	Gly	GCC	0	0	86.6	
NZ_JAYEES010000003.1	5	449404 	449480 	Arg	CCT	0	0	76.8	
NZ_JAYEES010000003.1	6	788645 	788718 	Gly	CCC	0	0	79.7	
NZ_JAYEES010000003.1	7	841163 	841249 	Leu	TAA	0	0	75.5	
NZ_JAYEES010000003.1	8	920042 	920118 	Ile	GAT	0	0	84.3	
NZ_JAYEES010000003.1	9	920143 	920218 	Ala	TGC	0	0	82.0	
NZ_JAYEES010000003.1	10	923553 	923629 	fMet	CAT	0	0	80.8	
NZ_JAYEES010000003.1	11	1006913	1007002	Ser	CGA	0	0	87.1	
NZ_JAYEES010000003.1	12	1235259	1235333	Gln	TTG	0	0	69.2	
NZ_JAYEES010000003.1	13	1351679	1351753	Val	GAC	0	0	79.3	
NZ_JAYEES010000003.1	14	1462846	1462921	Ile2	CAT	0	0	79.0	
NZ_JAYEES010000003.1	15	1700171	1700258	Ser	TGA	0	0	86.3	
NZ_JAYEES010000003.1	16	2407512	2407585	Gln	CTG	0	0	63.9	
NZ_JAYEES010000003.1	17	2407656	2407729	Gln	CTG	0	0	63.9	
NZ_JAYEES010000003.1	18	2543453	2543528	Thr	TGT	0	0	92.7	
NZ_JAYEES010000003.1	19	2654503	2654428	Lys	CTT	0	0	87.8	
NZ_JAYEES010000003.1	20	2654164	2654089	Lys	CTT	0	0	87.8	
NZ_JAYEES010000003.1	21	2542255	2542170	Tyr	GTA	0	0	83.5	
NZ_JAYEES010000003.1	22	2542072	2541999	Gly	TCC	0	0	80.6	
NZ_JAYEES010000003.1	23	2540387	2540312	Trp	CCA	0	0	85.3	
NZ_JAYEES010000003.1	24	2476937	2476853	Leu	GAG	0	0	69.2	
NZ_JAYEES010000003.1	25	2467367	2467291	Ile	GAT	0	0	84.3	
NZ_JAYEES010000003.1	26	2467266	2467191	Ala	TGC	0	0	82.0	
NZ_JAYEES010000003.1	27	2463855	2463779	fMet	CAT	0	0	80.8	
NZ_JAYEES010000003.1	28	1973633	1973542	Ser	GCT	0	0	89.7	
NZ_JAYEES010000003.1	29	1911131	1911055	Pro	GGG	0	0	74.1	
NZ_JAYEES010000003.1	30	863095 	863019 	Arg	CCG	0	0	73.9	
NZ_JAYEES010000003.1	31	808923 	808848 	Ala	GGC	0	0	72.3	
NZ_JAYEES010000003.1	32	808571 	808496 	Ala	GGC	0	0	72.3	
NZ_JAYEES010000003.1	33	721563 	721487 	Arg	ACG	0	0	88.1	
NZ_JAYEES010000003.1	34	540882 	540791 	Ser	GGA	0	0	89.4	
NZ_JAYEES010000003.1	35	427634 	427558 	Undet	NNN	0	0	20.1	pseudo
NZ_JAYEES010000003.1	36	420490 	420416 	Thr	CGT	0	0	85.0	
NZ_JAYEES010000003.1	37	364269 	364194 	Ala	CGC	0	0	77.3	
NZ_JAYEES010000003.1	38	122864 	122779 	Leu	CAA	0	0	58.3	
NZ_JAYEES010000003.1	39	107139 	107064 	Undet	NNN	0	0	32.2	
NZ_JAYEES010000004.1	1	198120 	198194 	Thr	GGT	0	0	81.3	
NZ_JAYEES010000004.1	2	258181 	258256 	His	GTG	0	0	72.2	
NZ_JAYEES010000004.1	3	267708 	267792 	Leu	TAG	0	0	76.8	
NZ_JAYEES010000004.1	4	275067 	275141 	Val	TAC	0	0	78.8	
NZ_JAYEES010000004.1	5	278858 	278934 	Asp	GTC	0	0	90.0	
NZ_JAYEES010000004.1	6	834531 	834606 	Lys	TTT	0	0	85.7	
NZ_JAYEES010000004.1	7	1592015	1591939	Pro	CGG	0	0	76.4	
NZ_JAYEES010000004.1	8	1492668	1492593	Glu	TTC	0	0	69.6	
NZ_JAYEES010000004.1	9	1492544	1492469	Glu	TTC	0	0	69.6	
NZ_JAYEES010000004.1	10	1408188	1408113	Glu	TTC	0	0	30.9	
NZ_JAYEES010000004.1	11	1062688	1062613	Phe	GAA	0	0	80.5	
NZ_JAYEES010000004.1	12	740334 	740260 	Val	CAC	0	0	78.9	
NZ_JAYEES010000004.1	13	740186 	740112 	Val	CAC	0	0	78.9	
NZ_JAYEES010000004.1	14	703937 	703864 	Cys	GCA	0	0	72.8	
NZ_JAYEES010000004.1	15	690609 	690534 	Asn	GTT	0	0	81.2	
NZ_JAYEES010000004.1	16	605908 	605813 	SeC	TCA	0	0	139.5	
NZ_JAYEES010000004.1	17	492009 	491933 	Pro	TGG	0	0	82.2	
NZ_JAYEES010000004.1	18	491507 	491431 	Arg	TCT	0	0	87.3	
NZ_JAYEES010000004.1	19	146122 	146048 	Met	CAT	0	0	79.6	
NZ_JAYEER010000001.1	1	142564 	142639 	Glu	CTC	0	0	66.4	
NZ_JAYEER010000001.1	2	1368239	1368315	Ile	GAT	0	0	84.3	
NZ_JAYEER010000001.1	3	1368344	1368419	Ala	TGC	0	0	82.0	
NZ_JAYEER010000001.1	4	1371776	1371852	fMet	CAT	0	0	80.8	
NZ_JAYEER010000001.1	5	1365881	1365806	Glu	CTC	0	0	66.4	
NZ_JAYEER010000001.1	6	140228 	140152 	Ile	GAT	0	0	84.3	
NZ_JAYEER010000001.1	7	140123 	140048 	Ala	TGC	0	0	82.0	
NZ_JAYEER010000001.1	8	136691 	136615 	fMet	CAT	0	0	80.8	
NZ_JAYEER010000003.1	1	47577  	47672  	SeC	TCA	0	0	139.5	
NZ_JAYEER010000003.1	2	161894 	161970 	Pro	TGG	0	0	82.2	
NZ_JAYEER010000003.1	3	162438 	162514 	Arg	TCT	0	0	87.2	
NZ_JAYEER010000003.1	4	518212 	518286 	Met	CAT	0	0	79.6	
NZ_JAYEER010000003.1	5	962252 	962328 	Pro	CGG	0	0	76.4	
NZ_JAYEER010000003.1	6	1079649	1079724	Glu	TTC	0	0	69.6	
NZ_JAYEER010000003.1	7	1114366	1114441	Glu	TTC	0	0	69.6	
NZ_JAYEER010000003.1	8	1199538	1199613	Glu	TTC	0	0	70.3	
NZ_JAYEER010000003.1	9	1616071	1616146	Phe	GAA	0	0	85.6	
NZ_JAYEER010000003.1	10	1919091	1919165	Val	CAC	0	0	78.9	
NZ_JAYEER010000003.1	11	1926079	1926153	Val	CAC	0	0	78.9	
NZ_JAYEER010000003.1	12	1964888	1964961	Cys	GCA	0	0	72.8	
NZ_JAYEER010000003.1	13	1981107	1981182	Asn	GTT	0	0	81.2	
NZ_JAYEER010000003.1	14	1820364	1820289	Lys	TTT	0	0	85.7	
NZ_JAYEER010000003.1	15	472441 	472367 	Thr	GGT	0	0	81.3	
NZ_JAYEER010000003.1	16	405319 	405244 	His	GTG	0	0	72.2	
NZ_JAYEER010000003.1	17	393101 	393017 	Leu	TAG	0	0	76.8	
NZ_JAYEER010000003.1	18	385749 	385675 	Val	TAC	0	0	78.8	
NZ_JAYEER010000003.1	19	381941 	381865 	Asp	GTC	0	0	90.0	
NZ_JAYEER010000004.1	1	15757  	15843  	Leu	TAA	0	0	75.5	
NZ_JAYEER010000004.1	2	28273  	28349  	Arg	CCG	0	0	84.4	
NZ_JAYEER010000004.1	3	89840  	89916  	Ile	GAT	0	0	84.3	
NZ_JAYEER010000004.1	4	89945  	90020  	Ala	TGC	0	0	82.0	
NZ_JAYEER010000004.1	5	93367  	93443  	fMet	CAT	0	0	80.8	
NZ_JAYEER010000004.1	6	195955 	196039 	Leu	CAA	0	0	76.1	
NZ_JAYEER010000004.1	7	223113 	223228 	Leu	CAA	0	0	20.1	pseudo
NZ_JAYEER010000004.1	8	455233 	455308 	Lys	CTT	0	0	87.8	
NZ_JAYEER010000004.1	9	455573 	455648 	Lys	CTT	0	0	87.8	
NZ_JAYEER010000004.1	10	564281 	564366 	Tyr	GTA	0	0	83.5	
NZ_JAYEER010000004.1	11	564465 	564538 	Gly	TCC	0	0	80.6	
NZ_JAYEER010000004.1	12	566147 	566222 	Trp	CCA	0	0	85.3	
NZ_JAYEER010000004.1	13	625492 	625576 	Leu	GAG	0	0	69.2	
NZ_JAYEER010000004.1	14	635032 	635108 	Ile	GAT	0	0	84.3	
NZ_JAYEER010000004.1	15	635137 	635212 	Ala	TGC	0	0	82.0	
NZ_JAYEER010000004.1	16	638559 	638635 	fMet	CAT	0	0	80.8	
NZ_JAYEER010000004.1	17	1107331	1107422	Ser	GCT	0	0	89.7	
NZ_JAYEER010000004.1	18	1184731	1184807	Pro	GGG	0	0	74.1	
NZ_JAYEER010000004.1	19	2245883	2245969	Leu	CAG	0	0	63.4	
NZ_JAYEER010000004.1	20	2246254	2246340	Leu	CAG	0	0	65.3	
NZ_JAYEER010000004.1	21	2282511	2282585	Thr	CGT	0	0	85.0	
NZ_JAYEER010000004.1	22	2341453	2341528	Ala	CGC	0	0	77.3	
NZ_JAYEER010000004.1	23	2391494	2391568	Gly	GCC	0	0	86.6	
NZ_JAYEER010000004.1	24	2391668	2391742	Gly	GCC	0	0	86.6	
NZ_JAYEER010000004.1	25	2411154	2411230	Arg	CCT	0	0	76.8	
NZ_JAYEER010000004.1	26	2749540	2749613	Gly	CCC	0	0	79.7	
NZ_JAYEER010000004.1	27	2763070	2762995	Ala	GGC	0	0	72.0	
NZ_JAYEER010000004.1	28	2762743	2762668	Ala	GGC	0	0	72.3	
NZ_JAYEER010000004.1	29	2687124	2687048	Arg	ACG	0	0	84.3	
NZ_JAYEER010000004.1	30	2509733	2509642	Ser	GGA	0	0	89.4	
NZ_JAYEER010000004.1	31	2085517	2085428	Ser	CGA	0	0	87.1	
NZ_JAYEER010000004.1	32	1850496	1850422	Gln	TTG	0	0	69.2	
NZ_JAYEER010000004.1	33	1742383	1742309	Val	GAC	0	0	79.3	
NZ_JAYEER010000004.1	34	1633252	1633177	Ile2	CAT	0	0	79.0	
NZ_JAYEER010000004.1	35	1395165	1395078	Ser	TGA	0	0	86.3	
NZ_JAYEER010000004.1	36	1320965	1320883	Cys	GCA	0	0	22.8	
NZ_JAYEER010000004.1	37	1320746	1320594	Undet	NNN	0	0	28.4	pseudo
NZ_JAYEER010000004.1	38	690763 	690690 	Gln	CTG	0	0	63.9	
NZ_JAYEER010000004.1	39	690619 	690546 	Gln	CTG	0	0	51.8	
NZ_JAYEER010000004.1	40	563090 	563015 	Thr	TGT	0	0	92.7	
NZ_JAWJZZ010000001.1	1	153585 	153661 	Arg	ACG	0	0	85.6	
NZ_JAWJZZ010000001.1	2	153692 	153768 	Arg	ACG	0	0	85.6	
NZ_JAWJZZ010000001.1	3	310109 	310195 	Leu	CAG	0	0	72.7	
NZ_JAWJZZ010000001.1	4	694121 	694197 	Asp	GTC	0	0	88.4	
NZ_JAWJZZ010000001.1	5	588571 	588497 	Thr	GGT	0	0	84.9	
NZ_JAWJZZ010000001.1	6	543605 	543517 	Undet	NNN	0	0	29.5	
NZ_JAWJZZ010000001.1	7	450955 	450882 	Gly	CCC	0	0	81.7	
NZ_JAWJZZ010000001.1	8	260567 	260478 	Ser	TGA	0	0	84.6	
NZ_JAWJZZ010000001.1	9	72044  	71971  	Gln	CTG	0	0	69.0	
NZ_JAWJZZ010000002.1	1	48206  	48296  	Ser	GGA	0	0	83.2	
NZ_JAWJZZ010000002.1	2	88439  	88524  	Leu	TAA	0	0	69.9	
NZ_JAWJZZ010000002.1	3	265574 	265649 	Phe	GAA	0	0	78.1	
NZ_JAWJZZ010000002.1	4	325427 	325502 	Ala	GGC	0	0	80.7	
NZ_JAWJZZ010000002.1	5	346810 	346885 	Lys	CTT	0	0	86.2	
NZ_JAWJZZ010000002.1	6	388218 	388303 	Tyr	GTA	0	0	83.3	
NZ_JAWJZZ010000002.1	7	428484 	428410 	Thr	TGT	0	0	83.8	
NZ_JAWJZZ010000002.1	8	361540 	361465 	Ala	CGC	0	0	86.4	
NZ_JAWJZZ010000002.1	9	231130 	231055 	Lys	TTT	0	0	91.8	
NZ_JAWJZZ010000002.1	10	77175  	77100  	His	GTG	0	0	78.2	
NZ_JAWJZZ010000003.1	1	203    	278    	Ile	GAT	0	0	75.5	
NZ_JAWJZZ010000003.1	2	313    	387    	Ala	TGC	0	0	81.7	
NZ_JAWJZZ010000003.1	3	3813   	3889   	fMet	CAT	0	0	80.8	
NZ_JAWJZZ010000003.1	4	83508  	83583  	Asn	GTT	0	0	83.8	
NZ_JAWJZZ010000003.1	5	85166  	85242  	Pro	TGG	0	0	75.5	
NZ_JAWJZZ010000003.1	6	85255  	85331  	Arg	TCT	0	0	90.5	
NZ_JAWJZZ010000003.1	7	127307 	127396 	Ser	CGA	0	0	76.5	
NZ_JAWJZZ010000003.1	8	147059 	147132 	Pro	GGG	0	0	67.6	
NZ_JAWJZZ010000003.1	9	168723 	168807 	Leu	TAG	0	0	72.8	
NZ_JAWJZZ010000003.1	10	175614 	175688 	Val	TAC	0	0	78.5	
NZ_JAWJZZ010000003.1	11	221234 	221319 	Leu	GAG	0	0	71.4	
NZ_JAWJZZ010000003.1	12	236552 	236626 	Val	GAC	0	0	80.0	
NZ_JAWJZZ010000003.1	13	478739 	478814 	Glu	CTC	0	0	70.0	
NZ_JAWJZZ010000003.1	14	365659 	365585 	Val	CAC	0	0	82.9	
NZ_JAWJZZ010000003.1	15	324480 	324407 	Cys	GCA	0	0	66.6	
NZ_JAWJZZ010000003.1	16	240421 	240329 	Ser	GCT	0	0	95.8	
NZ_JAWJZZ010000003.1	17	235036 	234962 	Met	CAT	0	0	78.5	
NZ_JAWJZZ010000004.1	1	10914  	10990  	Ile	GAT	0	0	86.8	
NZ_JAWJZZ010000004.1	2	11026  	11101  	Ala	TGC	0	0	84.1	
NZ_JAWJZZ010000004.1	3	14529  	14605  	fMet	CAT	0	0	80.8	
NZ_JAWJZZ010000004.1	4	77383  	77466  	Leu	CAA	0	0	63.3	
NZ_JAWJZZ010000004.1	5	101779 	101852 	Ile2	CAT	0	0	75.6	
NZ_JAWJZZ010000004.1	6	377223 	377299 	Ile	GAT	0	0	86.8	
NZ_JAWJZZ010000004.1	7	377334 	377409 	Ala	TGC	0	0	84.1	
NZ_JAWJZZ010000004.1	8	262049 	261973 	Arg	CCG	0	0	90.5	
NZ_JAWJZZ010000004.1	9	54120  	54046  	Gln	TTG	0	0	78.3	
NZ_JAWJZZ010000005.1	1	2552   	2628   	fMet	CAT	0	0	80.8	
NZ_JAWJZZ010000005.1	2	7544   	7620   	Pro	CGG	0	0	80.2	
NZ_JAWJZZ010000005.1	3	46943  	47018  	Glu	TTC	0	0	68.2	
NZ_JAWJZZ010000005.1	4	116587 	116661 	Gly	GCC	0	0	86.9	
NZ_JAWJZZ010000005.1	5	176830 	176903 	Gly	TCC	0	0	73.8	
NZ_JAWJZZ010000005.1	6	176645 	176569 	Trp	CCA	0	0	74.5	
NZ_JAWJZZ010000005.1	7	171378 	171304 	Thr	CGT	0	0	81.4	
NZ_JAWJZZ010000008.1	1	18572  	18648  	Ile	GAT	0	0	86.8	
NZ_JAWJZZ010000008.1	2	18684  	18759  	Ala	TGC	0	0	84.1	
NZ_JBBEGL010000001.1	1	518769 	518841 	Ala	CGC	0	0	76.6	
NZ_JBBEGL010000001.1	2	977423 	977494 	Gln	CTG	0	0	55.6	
NZ_JBBEGL010000001.1	3	977543 	977615 	Glu	CTC	0	0	69.2	
NZ_JBBEGL010000001.1	4	775524 	775450 	Arg	CCG	0	0	85.2	
NZ_JBBEGL010000001.1	5	444989 	444916 	Arg	CCT	0	0	72.7	
NZ_JBBEGL010000001.1	6	435986 	435921 	Undet	NNN	0	0	23.2	pseudo
NZ_JBBEGL010000001.1	7	432928 	432862 	Undet	NNN	0	0	27.7	pseudo
NZ_JBBEGL010000001.1	8	422241 	422153 	Undet	NNN	0	0	23.1	pseudo
NZ_JBBEGL010000002.1	1	545183 	545256 	Gln	CTG	0	0	59.2	
NZ_JBBEGL010000002.1	2	604699 	604772 	Pro	CGG	0	0	76.4	
NZ_JBBEGL010000002.1	3	633038 	633122 	Ser	GGA	0	0	72.4	
NZ_JBBEGL010000002.1	4	961354 	961281 	Ile	GAT	0	0	83.1	
NZ_JBBEGL010000002.1	5	957770 	957698 	Ala	TGC	0	0	82.2	
NZ_JBBEGL010000002.1	6	949940 	949851 	Undet	NNN	0	0	27.6	pseudo
NZ_JBBEGL010000002.1	7	881359 	881274 	Leu	CAG	0	0	68.7	
NZ_JBBEGL010000002.1	8	698825 	698741 	Ser	TGA	0	0	67.2	
NZ_JBBEGL010000002.1	9	689874 	689785 	Ser	GCT	0	0	65.8	
NZ_JBBEGL010000002.1	10	689742 	689670 	Arg	ACG	0	0	75.3	
NZ_JBBEGL010000002.1	11	646401 	646316 	Ser	CGA	0	0	69.3	
NZ_JBBEGL010000002.1	12	556750 	556674 	Thr	CGT	0	0	85.3	
NZ_JBBEGL010000003.1	1	58973  	59047  	Val	CAC	0	0	76.4	
NZ_JBBEGL010000003.1	2	322978 	323055 	Leu	CAA	0	0	64.0	
NZ_JBBEGL010000003.1	3	666779 	666696 	Leu	GAG	0	0	58.3	
NZ_JBBEGL010000003.1	4	56225  	56153  	Gly	GCC	0	0	84.9	
NZ_JBBEGL010000003.1	5	56098  	56027  	Cys	GCA	0	0	72.5	
NZ_JBBEGL010000003.1	6	56025  	55951  	Val	GAC	0	0	78.1	
NZ_JBBEGL010000004.1	1	442074 	442144 	Gln	TTG	0	0	54.1	
NZ_JBBEGL010000004.1	2	689937 	689854 	Tyr	GTA	0	0	73.4	
NZ_JBBEGL010000004.1	3	648317 	648245 	Thr	GGT	0	0	69.8	
NZ_JBBEGL010000004.1	4	648167 	648092 	Met	CAT	0	0	75.2	
NZ_JBBEGL010000004.1	5	644421 	644349 	Trp	CCA	0	0	79.9	
NZ_JBBEGL010000004.1	6	30803  	30730  	Leu	TAA	0	0	55.6	
NZ_JBBEGL010000005.1	1	365566 	365639 	Gly	CCC	0	0	84.2	
NZ_JBBEGL010000005.1	2	256199 	256123 	Lys	TTT	0	0	79.8	
NZ_JBBEGL010000005.1	3	110446 	110374 	Glu	TTC	0	0	64.6	
NZ_JBBEGL010000005.1	4	110353 	110280 	Asp	GTC	0	0	81.2	
NZ_JBBEGL010000005.1	5	110248 	110175 	Phe	GAA	0	0	74.2	
NZ_JBBEGL010000006.1	1	342116 	342045 	Val	TAC	0	0	81.9	
NZ_JBBEGL010000008.1	1	26565  	26493  	Asn	GTT	0	0	70.9	
NZ_JBBEGL010000008.1	2	12258  	12181  	Ile2	CAT	0	0	85.7	
NZ_JBBEGL010000010.1	1	126159 	126084 	Thr	TGT	0	0	82.9	
NZ_JBBEGL010000011.1	1	44454  	44527  	Pro	TGG	0	0	77.5	
NZ_JBBEGL010000011.1	2	44070  	43997  	Gly	TCC	0	0	85.6	
NZ_JBBEGL010000012.1	1	66099  	66026  	Pro	GGG	0	0	71.4	
NZ_JBBEGL010000018.1	1	2467   	2539   	Arg	TCT	0	0	71.9	
NZ_JBBEGL010000018.1	2	10207  	10302  	SeC	TCA	0	0	101.8	
NZ_JBBEGL010000020.1	1	3195   	3123   	His	GTG	0	0	67.1	
NZ_JBBEGL010000020.1	2	3058   	2986   	Lys	CTT	0	0	73.2	
NZ_BAABLP010000001.1	1	225617 	225688 	Gln	TTG	0	0	56.4	
NZ_BAABLP010000001.1	2	432352 	432428 	fMet	CAT	0	0	81.7	
NZ_BAABLP010000001.1	3	582030 	581959 	Arg	CCG	0	0	74.0	
NZ_BAABLP010000001.1	4	448801 	448722 	Leu	TAG	0	0	57.4	
NZ_BAABLP010000001.1	5	328631 	328558 	Leu	TAA	0	0	60.3	
NZ_BAABLP010000002.1	1	55240  	55316  	Pro	GGG	0	0	78.8	
NZ_BAABLP010000002.1	2	263398 	263482 	Leu	GAG	0	0	54.7	
NZ_BAABLP010000002.1	3	582595 	582677 	Leu	CAA	0	0	64.5	
NZ_BAABLP010000002.1	4	667863 	667935 	Val	CAC	0	0	77.6	
NZ_BAABLP010000002.1	5	841053 	841125 	Ala	GGC	0	0	74.1	
NZ_BAABLP010000002.1	6	780948 	780876 	Asn	GTT	0	0	65.7	
NZ_BAABLP010000002.1	7	758592 	758519 	Ile2	CAT	0	0	80.6	
NZ_BAABLP010000002.1	8	727824 	727752 	Val	TAC	0	0	71.4	
NZ_BAABLP010000002.1	9	667732 	667661 	Gly	GCC	0	0	80.9	
NZ_BAABLP010000002.1	10	667598 	667528 	Cys	GCA	0	0	72.1	
NZ_BAABLP010000002.1	11	667490 	667416 	Val	GAC	0	0	79.9	
NZ_BAABLP010000003.1	1	30134  	30206  	Arg	TCT	0	0	72.9	
NZ_BAABLP010000003.1	2	78602  	78677  	His	GTG	0	0	69.6	
NZ_BAABLP010000003.1	3	13810  	13737  	Gly	TCC	0	0	84.1	
NZ_BAABLP010000003.1	4	10306  	10233  	Pro	TGG	0	0	82.4	
NZ_BAABLP010000004.1	1	308031 	308120 	Ser	CGA	0	0	74.2	
NZ_BAABLP010000004.1	2	284260 	284188 	Glu	TTC	0	0	61.4	
NZ_BAABLP010000004.1	3	284145 	284072 	Asp	GTC	0	0	79.6	
NZ_BAABLP010000004.1	4	284045 	283970 	Phe	GAA	0	0	71.8	
NZ_BAABLP010000004.1	5	170081 	170011 	Gly	CCC	0	0	78.8	
NZ_BAABLP010000004.1	6	120284 	120208 	Ile	GAT	0	0	84.2	
NZ_BAABLP010000004.1	7	119883 	119811 	Ala	TGC	0	0	81.5	
NZ_BAABLP010000004.1	8	102065 	101982 	Leu	CAG	0	0	62.1	
NZ_BAABLP010000004.1	9	28146  	28059  	Ser	TGA	0	0	73.9	
NZ_BAABLP010000005.1	1	121234 	121306 	Ala	CGC	0	0	75.7	
NZ_BAABLP010000005.1	2	109912 	109841 	Arg	CCT	0	0	62.7	
NZ_BAABLP010000005.1	3	41629  	41554  	Thr	TGT	0	0	76.0	
NZ_BAABLP010000005.1	4	12473  	12401  	Lys	TTT	0	0	74.3	
NZ_BAABLP010000006.1	1	354105 	354177 	Thr	CGT	0	0	76.8	
NZ_BAABLP010000006.1	2	370270 	370346 	Pro	CGG	0	0	82.0	
NZ_BAABLP010000006.1	3	77658  	77586  	Lys	CTT	0	0	70.7	
NZ_BAABLP010000006.1	4	18099  	18028  	Gln	CTG	0	0	53.6	
NZ_BAABLP010000009.1	1	77635  	77706  	Thr	GGT	0	0	69.8	
NZ_BAABLP010000009.1	2	77748  	77821  	Met	CAT	0	0	70.8	
NZ_BAABLP010000009.1	3	136989 	137078 	Ser	GCT	0	0	72.9	
NZ_BAABLP010000009.1	4	138292 	138364 	Arg	ACG	0	0	76.4	
NZ_BAABLP010000009.1	5	98953  	98872  	Tyr	GTA	0	0	68.4	
NZ_BAABLP010000009.1	6	68138  	68066  	Trp	CCA	0	0	82.8	
NZ_BAABLP010000009.1	7	5845   	5758   	Ser	GGA	0	0	72.7	
NZ_CP165734.1	1	571576 	571661 	Tyr	GTA	0	0	76.1	
NZ_CP165734.1	2	579361 	579434 	Gly	TCC	0	0	82.2	
NZ_CP165734.1	3	619956 	620031 	Trp	CCA	0	0	89.3	
NZ_CP165734.1	4	718130 	718206 	Arg	TCG	0	0	84.2	
NZ_CP165734.1	5	764037 	764122 	Leu	GAG	0	0	64.5	
NZ_CP165734.1	6	848817 	848910 	Ser	GCT	0	0	90.9	
NZ_CP165734.1	7	899871 	899948 	Pro	GGG	0	0	74.1	
NZ_CP165734.1	8	962870 	962954 	Leu	TAG	0	0	74.8	
NZ_CP165734.1	9	1206966	1207039	Cys	GCA	0	0	70.8	
NZ_CP165734.1	10	1212698	1212772	Asn	GTT	0	0	83.7	
NZ_CP165734.1	11	1358843	1358918	Lys	TTT	0	0	83.0	
NZ_CP165734.1	12	1427948	1428024	Arg	TCT	0	0	74.7	
NZ_CP165734.1	13	1429529	1429641	Arg	TCT	0	0	20.9	pseudo
NZ_CP165734.1	14	1461858	1461932	Glu	TTC	0	0	63.9	
NZ_CP165734.1	15	1477479	1477553	Undet	NNN	0	0	21.3	
NZ_CP165734.1	16	3295763	3295838	Ile2	CAT	0	0	70.5	
NZ_CP165734.1	17	3389409	3389483	Val	CAC	0	0	72.8	
NZ_CP165734.1	18	3986213	3986297	Leu	CAA	0	0	75.3	
NZ_CP165734.1	19	4115351	4115425	Thr	GGT	0	0	78.7	
NZ_CP165734.1	20	4736986	4737061	Ala	CGC	0	0	75.5	
NZ_CP165734.1	21	4949059	4949146	Leu	CAG	0	0	57.0	
NZ_CP165734.1	22	5373779	5373852	Gly	CCC	0	0	83.3	
NZ_CP165734.1	23	5562961	5563037	fMet	CAT	0	0	77.1	
NZ_CP165734.1	24	5679571	5679647	Ile	GAT	0	0	81.7	
NZ_CP165734.1	25	5679681	5679756	Ala	TGC	0	0	75.8	
NZ_CP165734.1	26	5779686	5779760	Val	GAC	0	0	80.6	
NZ_CP165734.1	27	5908503	5908613	Undet	NNN	0	0	60.2	
NZ_CP165734.1	28	6014956	6015032	His	GTG	0	0	82.2	
NZ_CP165734.1	29	6071954	6072028	Glu	CTC	0	0	69.1	
NZ_CP165734.1	30	6129364	6129432	Glu	CTC	0	0	28.3	
NZ_CP165734.1	31	6601253	6601329	Met	CAT	0	0	79.9	
NZ_CP165734.1	32	7045626	7045701	Lys	CTT	0	0	87.7	
NZ_CP165734.1	33	7111041	7111141	Ser	CGA	0	0	31.7	
NZ_CP165734.1	34	7377161	7377245	Undet	NNN	0	0	22.3	pseudo
NZ_CP165734.1	35	7422348	7422437	Lys	CTT	0	0	33.4	
NZ_CP165734.1	36	6044033	6043958	Ala	TGC	0	0	34.7	pseudo
NZ_CP165734.1	37	5125113	5125036	Arg	CCG	0	0	73.9	
NZ_CP165734.1	38	4972012	4971937	Ala	GGC	0	0	77.6	
NZ_CP165734.1	39	4801241	4801167	Gly	GCC	0	0	83.8	
NZ_CP165734.1	40	4767996	4767921	Thr	CGT	0	0	90.4	
NZ_CP165734.1	41	4749356	4749272	Thr	CGT	0	0	27.3	pseudo
NZ_CP165734.1	42	4605891	4605802	Ser	CGA	0	0	89.8	
NZ_CP165734.1	43	4515853	4515764	Ser	GGA	0	0	90.8	
NZ_CP165734.1	44	4395307	4395231	Arg	CCT	0	0	76.9	
NZ_CP165734.1	45	4329344	4329279	Arg	CCT	0	0	27.0	
NZ_CP165734.1	46	4202686	4202610	Arg	ACG	0	0	75.1	
NZ_CP165734.1	47	4106509	4106434	Phe	GAA	0	0	81.8	
NZ_CP165734.1	48	2952521	2952445	Pro	CGG	0	0	82.3	
NZ_CP165734.1	49	2866805	2866731	Gln	TTG	0	0	72.9	
NZ_CP165734.1	50	2864651	2864538	Met	CAT	0	0	36.2	pseudo
NZ_CP165734.1	51	1899840	1899767	Gln	CTG	0	0	55.0	
NZ_CP165734.1	52	1447477	1447400	Pro	TGG	0	0	62.4	
NZ_CP165734.1	53	1271741	1271652	Ser	TGA	0	0	89.2	
NZ_CP165734.1	54	976830 	976754 	Asp	GTC	0	0	88.9	
NZ_CP165734.1	55	970967 	970893 	Val	TAC	0	0	82.5	
NZ_CP165734.1	56	568539 	568465 	Thr	TGT	0	0	81.3	
NZ_CP165734.1	57	434028 	433940 	Leu	TAA	0	0	78.5	
NZ_CP102059.1	1	105287 	105371 	Leu	CAA	0	0	73.2	
NZ_CP102059.1	2	455582 	455657 	His	GTG	0	0	65.3	
NZ_CP102059.1	3	606199 	606288 	Ser	GCT	0	0	87.2	
NZ_CP102059.1	4	612531 	612607 	Sup	TCA	0	0	82.5	
NZ_CP102059.1	5	278264 	278188 	Ile	GAT	0	0	83.6	
NZ_CP102059.1	6	278175 	278100 	Ala	TGC	0	0	77.6	
NZ_CP102059.1	7	139060 	138983 	Asn	GTT	0	0	77.3	
NZ_CP102059.1	8	138958 	138883 	Glu	TTC	0	0	69.2	
NZ_CP102059.1	9	138870 	138795 	Val	TAC	0	0	82.0	
NZ_CP102059.1	10	138776 	138701 	Thr	TGT	0	0	84.5	
NZ_CP102059.1	11	138697 	138622 	Lys	TTT	0	0	77.0	
NZ_CP102059.1	12	138617 	138532 	Leu	TAG	0	0	67.4	
NZ_CP102059.1	13	102751 	102677 	Cys	GCA	0	0	64.2	
NZ_CP102059.1	14	102650 	102574 	Arg	ACG	0	0	78.9	
NZ_CP102059.1	15	102566 	102490 	Pro	TGG	0	0	76.1	
NZ_CP102059.1	16	102486 	102411 	Ala	TGC	0	0	77.6	
NZ_CP102059.1	17	102396 	102320 	Met	CAT	0	0	79.3	
NZ_CP102059.1	18	102317 	102241 	Ile2	CAT	0	0	86.3	
NZ_CP102059.1	19	102209 	102117 	Ser	TGA	0	0	87.2	
NZ_CP102059.1	20	102061 	101985 	fMet	CAT	0	0	79.1	
NZ_CP102059.1	21	101983 	101908 	Asp	GTC	0	0	73.7	
NZ_CP102059.1	22	101906 	101831 	Phe	GAA	0	0	75.1	
NZ_CP102059.1	23	35477  	35402  	Arg	TCT	0	0	79.6	
NZ_CP102059.1	24	8569   	8486   	Tyr	GTA	0	0	68.7	
NZ_CP102059.1	25	8479   	8405   	Gln	TTG	0	0	77.6	
NZ_CP102059.1	26	8398   	8323   	Lys	TTT	0	0	73.7	
NZ_CP102059.1	27	8321   	8234   	Leu	TAA	0	0	64.1	
NZ_CP102059.1	28	8157   	8084   	Gly	TCC	0	0	76.2	
NZ_JBHSWN010000001.1	1	175716 	175791 	Ala	GGC	0	0	69.4	
NZ_JBHSWN010000001.1	2	313834 	313907 	Gly	TCC	0	0	79.5	
NZ_JBHSWN010000001.1	3	838375 	838466 	Ser	GCT	0	0	78.1	
NZ_JBHSWN010000001.1	4	1293569	1293645	His	GTG	0	0	70.3	
NZ_JBHSWN010000001.1	5	1350807	1350883	Arg	TCT	0	0	79.2	
NZ_JBHSWN010000001.1	6	1692499	1692573	Gly	GCC	0	0	85.0	
NZ_JBHSWN010000001.1	7	1830865	1830941	Ser	CGA	0	0	30.2	pseudo
NZ_JBHSWN010000001.1	8	1838491	1838570	Ser	CGA	0	0	23.0	pseudo
NZ_JBHSWN010000001.1	9	2205351	2205427	Met	CAT	0	0	74.5	
NZ_JBHSWN010000001.1	10	2546458	2546534	Ile	GAT	0	0	82.0	
NZ_JBHSWN010000001.1	11	2546573	2546648	Ala	TGC	0	0	75.8	
NZ_JBHSWN010000001.1	12	2594834	2594910	Pro	TGG	0	0	83.3	
NZ_JBHSWN010000001.1	13	2805818	2805894	Pro	CGG	0	0	81.4	
NZ_JBHSWN010000001.1	14	2862209	2862276	Leu	CAA	0	0	29.6	
NZ_JBHSWN010000001.1	15	2996140	2996215	Leu	CAA	0	0	22.4	pseudo
NZ_JBHSWN010000001.1	16	3064222	3064298	Arg	ACG	0	0	88.9	
NZ_JBHSWN010000001.1	17	3560531	3560606	Phe	GAA	0	0	81.8	
NZ_JBHSWN010000001.1	18	3891598	3891672	Val	GAC	0	0	78.8	
NZ_JBHSWN010000001.1	19	4029209	4029285	Ile	GAT	0	0	82.0	
NZ_JBHSWN010000001.1	20	4029324	4029399	Ala	TGC	0	0	75.8	
NZ_JBHSWN010000001.1	21	4032869	4032945	fMet	CAT	0	0	78.3	
NZ_JBHSWN010000001.1	22	4069028	4069104	Arg	CCG	0	0	83.0	
NZ_JBHSWN010000001.1	23	4331263	4331352	Ser	GGA	0	0	91.4	
NZ_JBHSWN010000001.1	24	4397694	4397769	Ala	GGC	0	0	69.4	
NZ_JBHSWN010000001.1	25	4597699	4597773	Gln	TTG	0	0	69.8	
NZ_JBHSWN010000001.1	26	4898990	4899066	Ile	GAT	0	0	82.0	
NZ_JBHSWN010000001.1	27	4899105	4899180	Ala	TGC	0	0	75.8	
NZ_JBHSWN010000001.1	28	4902653	4902729	fMet	CAT	0	0	78.3	
NZ_JBHSWN010000001.1	29	5055951	5056034	Tyr	GTA	0	0	71.7	
NZ_JBHSWN010000001.1	30	5453259	5453334	Glu	CTC	0	0	69.6	
NZ_JBHSWN010000001.1	31	5436246	5436172	Gly	CCC	0	0	82.3	
NZ_JBHSWN010000001.1	32	5328287	5328215	Gly	CCC	0	0	28.4	pseudo
NZ_JBHSWN010000001.1	33	5119347	5119261	Leu	TAA	0	0	83.3	
NZ_JBHSWN010000001.1	34	4543336	4543263	Cys	GCA	0	0	73.8	
NZ_JBHSWN010000001.1	35	4543091	4543016	Asn	GTT	0	0	82.0	
NZ_JBHSWN010000001.1	36	4262837	4262762	Glu	TTC	0	0	75.0	
NZ_JBHSWN010000001.1	37	4000430	4000338	SeC	TCA	0	0	98.6	
NZ_JBHSWN010000001.1	38	3655785	3655709	Asp	GTC	0	0	90.3	
NZ_JBHSWN010000001.1	39	3645361	3645287	Thr	GGT	0	0	82.1	
NZ_JBHSWN010000001.1	40	3185552	3185477	Ile2	CAT	0	0	80.3	
NZ_JBHSWN010000001.1	41	3064043	3063954	Ser	TGA	0	0	92.8	
NZ_JBHSWN010000001.1	42	3043745	3043672	Gln	CTG	0	0	65.9	
NZ_JBHSWN010000001.1	43	2358879	2358805	Val	CAC	0	0	80.4	
NZ_JBHSWN010000001.1	44	1880124	1880047	Pro	GGG	0	0	74.4	
NZ_JBHSWN010000001.1	45	1438368	1438284	Leu	GAG	0	0	70.2	
NZ_JBHSWN010000001.1	46	1348505	1348431	Thr	TGT	0	0	79.7	
NZ_JBHSWN010000001.1	47	1147013	1146938	Ala	CGC	0	0	81.9	
NZ_JBHSWN010000001.1	48	1053204	1053116	Ser	CGA	0	0	76.2	
NZ_JBHSWN010000001.1	49	658057 	657981 	Trp	CCA	0	0	80.1	
NZ_JBHSWN010000001.1	50	446754 	446680 	Thr	CGT	0	0	80.5	
NZ_JBHSWN010000001.1	51	348649 	348565 	Leu	TAG	0	0	75.0	
NZ_JBHSWN010000001.1	52	342044 	341969 	Val	TAC	0	0	84.3	
NZ_JBHSWN010000001.1	53	172896 	172821 	Lys	TTT	0	0	83.2	
NZ_JBHSWN010000001.1	54	143520 	143436 	Leu	CAG	0	0	72.5	
NZ_JBHSWN010000001.1	55	85285  	85201  	Leu	CAA	0	0	78.8	
NZ_JBHSWN010000001.1	56	19510  	19435  	Lys	CTT	0	0	87.3	
NZ_CP174163.1	1	84824  	84900  	Pro	TGG	0	0	82.5	
NZ_CP174163.1	2	84907  	84983  	Ala	TGC	0	0	81.0	
NZ_CP174163.1	3	84988  	85064  	Met	CAT	0	0	81.4	
NZ_CP174163.1	4	85104  	85179  	Ile2	CAT	0	0	86.5	
NZ_CP174163.1	5	85183  	85273  	Ser	TGA	0	0	74.7	
NZ_CP174163.1	6	85307  	85382  	fMet	CAT	0	0	75.4	
NZ_CP174163.1	7	85387  	85463  	Asp	GTC	0	0	75.8	
NZ_CP174163.1	8	85469  	85544  	Phe	GAA	0	0	73.8	
NZ_CP174163.1	9	117640 	117725 	Leu	TAA	0	0	66.9	
NZ_CP174163.1	10	117830 	117903 	Gly	TCC	0	0	72.2	
NZ_CP174163.1	11	121371 	121447 	Ile	GAT	0	0	82.2	
NZ_CP174163.1	12	319850 	319940 	Ser	GCT	0	0	68.3	
NZ_CP174163.1	13	368589 	368673 	Leu	AAG	0	0	73.9	
NZ_CP174163.1	14	576353 	576426 	Trp	CCA	0	0	62.5	
NZ_CP174163.1	15	665545 	665628 	Tyr	GTA	0	0	68.8	
NZ_CP174163.1	16	665634 	665708 	Gln	TTG	0	0	64.3	
NZ_CP174163.1	17	669821 	669895 	Sup	TCA	0	0	79.0	
NZ_CP174163.1	18	675040 	675114 	Cys	GCA	0	0	67.6	
NZ_CP174163.1	19	675121 	675197 	Arg	ACG	0	0	68.2	
NZ_CP174163.1	20	716319 	716393 	Asn	GTT	0	0	80.4	
NZ_CP174163.1	21	716398 	716473 	Glu	TTC	0	0	60.4	
NZ_CP174163.1	22	716481 	716556 	Val	TAC	0	0	80.6	
NZ_CP174163.1	23	716558 	716633 	Thr	TGT	0	0	91.8	
NZ_CP174163.1	24	716675 	716750 	Glu	TTC	0	0	60.4	
NZ_CP174163.1	25	716758 	716835 	Val	TAC	0	0	65.2	
NZ_CP174163.1	26	716837 	716912 	Thr	TGT	0	0	91.8	
NZ_CP174163.1	27	716922 	717006 	Leu	TAG	0	0	61.0	
NZ_CP174163.1	28	719099 	719014 	Leu	TAA	0	0	73.5	
NZ_CP174163.1	29	719007 	718932 	Lys	TTT	0	0	78.9	
NZ_CP174163.1	30	216857 	216795 	Sup	TTA	0	0	21.3	
NZ_CP174163.1	31	215629 	215556 	Thr	CGT	0	0	66.5	
NZ_CP174163.1	32	212686 	212613 	Gly	TCC	0	0	72.2	
NZ_CP174163.1	33	148125 	148049 	Arg	TCT	0	0	72.1	
NZ_CP174163.1	34	147974 	147899 	His	GTG	0	0	62.9	
NZ_CP174163.1	35	67940  	67865  	Thr	GGT	0	0	71.2	
NZ_CP174164.1	1	207869 	207942 	Gly	GCC	0	0	75.5	
NZ_CP174164.1	2	219139 	219215 	Pro	TGG	0	0	85.4	
NZ_CP174164.1	3	219220 	219296 	Ala	TGC	0	0	81.0	
NZ_CP174164.1	4	219300 	219376 	Met	CAT	0	0	78.4	
NZ_CP174164.1	5	219398 	219473 	Ile2	CAT	0	0	86.5	
NZ_CP174164.1	6	219475 	219567 	Ser	TGA	0	0	72.2	
NZ_CP174164.1	7	219619 	219695 	fMet	CAT	0	0	74.6	
NZ_CP174164.1	8	219700 	219776 	Asp	GTC	0	0	75.8	
NZ_CP174164.1	9	219780 	219855 	Phe	GAA	0	0	75.6	
NZ_CP174164.1	10	248464 	248540 	Ile	GAT	0	0	82.2	
NZ_CP174164.1	11	249692 	249775 	Leu	CAA	0	0	74.9	
NZ_CP174164.1	12	377804 	377890 	Leu	TAA	0	0	74.5	
NZ_CP174164.1	13	377895 	377970 	Lys	TTT	0	0	77.2	
NZ_CP174164.1	14	397498 	397582 	Leu	AAG	0	0	70.5	
NZ_CP174164.1	15	519233 	519308 	Arg	CCT	0	0	64.0	
NZ_CP174164.1	16	640112 	640186 	Asn	GTT	0	0	83.6	
NZ_CP174164.1	17	640192 	640267 	Glu	TTC	0	0	64.7	
NZ_CP174164.1	18	640272 	640347 	Val	TAC	0	0	76.6	
NZ_CP174164.1	19	640352 	640427 	Thr	TGT	0	0	91.8	
NZ_CP174164.1	20	640487 	640571 	Leu	TAG	0	0	61.6	
NZ_CP174164.1	21	730556 	730631 	Thr	GGT	0	0	75.5	
NZ_CP174164.1	22	812147 	812221 	Cys	GCA	0	0	70.5	
NZ_CP174164.1	23	812226 	812302 	Arg	ACG	0	0	77.8	
NZ_CP174164.1	24	865330 	865404 	Sup	TCA	0	0	73.7	
NZ_CP174164.1	25	872290 	872366 	Arg	TCT	0	0	71.9	
NZ_CP174164.1	26	872114 	872041 	Thr	CGT	0	0	70.0	
NZ_CP174164.1	27	865944 	865869 	Lys	CTT	0	0	74.7	
NZ_CP174164.1	28	865534 	865458 	His	GTG	0	0	68.4	
NZ_CP174164.1	29	777786 	777713 	Gly	TCC	0	0	71.9	
NZ_CP174164.1	30	676591 	676500 	Ser	GCT	0	0	73.9	
NZ_CP174164.1	31	659397 	659324 	Trp	CCA	0	0	58.8	
NZ_CP174164.1	32	643310 	643221 	Ser	CGA	0	0	67.6	
NZ_CP174164.1	33	519139 	519064 	Lys	TTT	0	0	77.2	
NZ_CP174164.1	34	160784 	160701 	Tyr	GTA	0	0	70.9	
NZ_CP174164.1	35	160697 	160623 	Gln	TTG	0	0	67.0	
NZ_BAAGAB020000001.1	1	175455 	175380 	Thr	TGT	0	0	90.8	
NZ_BAAGAB020000002.1	1	83759  	83685  	Gln	CTG	0	0	74.7	
NZ_BAAGAB020000003.1	1	112514 	112442 	Ile2	CAT	0	0	72.0	
NZ_BAAGAB020000004.1	1	58303  	58377  	Val	GAC	0	0	83.6	
NZ_BAAGAB020000004.1	2	71955  	72031  	Pro	GGG	0	0	74.7	
NZ_BAAGAB020000004.1	3	52842  	52766  	Asn	GTT	0	0	84.9	
NZ_BAAGAB020000005.1	1	74770  	74694  	Arg	CCG	0	0	84.1	
NZ_BAAGAB020000007.1	1	28482  	28558  	Met	CAT	0	0	85.3	
NZ_BAAGAB020000010.1	1	7032   	7124   	Ser	GGA	0	0	76.7	
NZ_BAAGAB020000010.1	2	10762  	10852  	Ser	CGA	0	0	87.2	
NZ_BAAGAB020000010.1	3	27051  	26975  	Pro	TGG	0	0	82.2	
NZ_BAAGAB020000010.1	4	26931  	26858  	Arg	TCT	0	0	83.5	
NZ_BAAGAB020000010.1	5	26745  	26669  	His	GTG	0	0	75.5	
NZ_BAAGAB020000010.1	6	26616  	26541  	Lys	CTT	0	0	91.1	
NZ_BAAGAB020000010.1	7	26483  	26399  	Leu	TAG	0	0	78.2	
NZ_BAAGAB020000010.1	8	19257  	19183  	Val	TAC	0	0	81.1	
NZ_BAAGAB020000010.1	9	19152  	19076  	Asp	GTC	0	0	85.4	
NZ_BAAGAB020000010.1	10	18973  	18897  	Asp	GTC	0	0	87.5	
NZ_BAAGAB020000011.1	1	2633   	2708   	Phe	GAA	0	0	87.6	
NZ_BAAGAB020000016.1	1	46866  	46793  	Gly	CCC	0	0	80.9	
NZ_BAAGAB020000018.1	1	4482   	4566   	Leu	CAG	0	0	72.1	
NZ_BAAGAB020000018.1	2	41461  	41536  	Thr	CGT	0	0	90.9	
NZ_BAAGAB020000024.1	1	990    	1065   	Gly	GCC	0	0	88.8	
NZ_BAAGAB020000024.1	2	1166   	1239   	Cys	GCA	0	0	61.2	
NZ_BAAGAB020000024.1	3	1301   	1381   	Leu	TAA	0	0	65.1	
NZ_BAAGAB020000024.1	4	26444  	26533  	Ser	TGA	0	0	88.1	
NZ_BAAGAB020000024.1	5	12199  	12125  	Val	CAC	0	0	86.6	
NZ_BAAGAB020000028.1	1	23367  	23291  	Pro	CGG	0	0	76.2	
NZ_BAAGAB020000031.1	1	29094  	29010  	Leu	GAG	0	0	68.4	
NZ_BAAGAB020000031.1	2	13980  	13904  	fMet	CAT	0	0	75.7	
NZ_BAAGAB020000033.1	1	28394  	28469  	Lys	TTT	0	0	86.6	
NZ_BAAGAB020000036.1	1	8308   	8233   	Ala	GGC	0	0	76.9	
NZ_BAAGAB020000036.1	2	8193   	8118   	Glu	TTC	0	0	58.9	
NZ_BAAGAB020000039.1	1	7588   	7503   	Undet	NNN	0	0	22.3	pseudo
NZ_BAAGAB020000041.1	1	4351   	4276   	Gln	TTG	0	0	73.7	
NZ_BAAGAB020000041.1	2	631    	546    	Tyr	GTA	0	0	72.6	
NZ_BAAGAB020000041.1	3	471    	398    	Gly	TCC	0	0	85.7	
NZ_BAAGAB020000041.1	4	362    	287    	Thr	GGT	0	0	88.9	
NZ_BAAGAB020000054.1	1	3950   	4026   	Arg	CCT	0	0	83.6	
NZ_BAAGAB020000054.1	2	3835   	3760   	Ala	CGC	0	0	80.6	
NZ_BAAGAB020000059.1	1	16096  	16021  	Trp	CCA	0	0	86.7	
NZ_BAAGAB020000071.1	1	13174  	13099  	Undet	NNN	0	0	34.6	pseudo
NZ_BAAGAB020000090.1	1	7919   	7994   	Glu	CTC	0	0	65.9	
NZ_BAAGAB020000105.1	1	1946   	2021   	Ala	TGC	0	0	86.0	
NZ_BAAGAB020000105.1	2	2028   	2104   	Ile	GAT	0	0	80.2	
NZ_BAAGAB020000141.1	1	1532   	1440   	Ser	GCT	0	0	86.3	
NZ_BAAGAB020000141.1	2	1343   	1267   	Arg	ACG	0	0	86.8	
NZ_CP180422.1	1	902174 	902248 	Gln	TTG	0	0	73.8	
NZ_CP180422.1	2	1249539	1249613	Thr	GGT	0	0	78.0	
NZ_CP180422.1	3	1474148	1474224	fMet	CAT	0	0	77.6	
NZ_CP180422.1	4	1509099	1509173	Val	GAC	0	0	79.3	
NZ_CP180422.1	5	1689108	1689183	Lys	TTT	0	0	91.2	
NZ_CP180422.1	6	2249174	2249250	Pro	CGG	0	0	75.7	
NZ_CP180422.1	7	2565277	2565353	Met	CAT	0	0	80.2	
NZ_CP180422.1	8	2689405	2689480	Trp	CCA	0	0	82.6	
NZ_CP180422.1	9	2761970	2762046	Arg	ACG	0	0	86.4	
NZ_CP180422.1	10	3226574	3226663	Ser	GCT	0	0	86.6	
NZ_CP180422.1	11	3370812	3370885	Gly	TCC	0	0	71.1	
NZ_CP180422.1	12	3459903	3459988	Leu	TAA	0	0	79.3	
NZ_CP180422.1	13	3504288	3504364	His	GTG	0	0	66.0	
NZ_CP180422.1	14	3818893	3818969	Pro	TGG	0	0	76.9	
NZ_CP180422.1	15	4132210	4132299	Ser	GGA	0	0	80.5	
NZ_CP180422.1	16	4210350	4210426	Ile2	CAT	0	0	79.6	
NZ_CP180422.1	17	4214427	4214501	Asn	GTT	0	0	82.8	
NZ_CP180422.1	18	4296151	4296066	Leu	CAA	0	0	72.2	
NZ_CP180422.1	19	4062997	4062908	Ser	CGA	0	0	84.3	
NZ_CP180422.1	20	4009782	4009706	Arg	CCG	0	0	88.3	
NZ_CP180422.1	21	3974673	3974600	Gly	CCC	0	0	60.1	
NZ_CP180422.1	22	3852038	3851962	Pro	GGG	0	0	75.9	
NZ_CP180422.1	23	3592478	3592404	Gly	GCC	0	0	78.1	
NZ_CP180422.1	24	3584159	3584076	Tyr	GTA	0	0	49.5	
NZ_CP180422.1	25	3492368	3492294	Glu	TTC	0	0	60.1	
NZ_CP180422.1	26	3429754	3429681	Cys	GCA	0	0	77.7	
NZ_CP180422.1	27	2471624	2471549	Ala	GGC	0	0	77.0	
NZ_CP180422.1	28	2263021	2262945	Arg	CCT	0	0	83.6	
NZ_CP180422.1	29	2192731	2192645	Leu	CAG	0	0	77.9	
NZ_CP180422.1	30	1492314	1492238	Ile	GAT	0	0	85.8	
NZ_CP180422.1	31	1492229	1492154	Ala	TGC	0	0	79.7	
NZ_CP180422.1	32	1341687	1341611	Arg	TCT	0	0	77.9	
NZ_CP180422.1	33	1020931	1020857	Phe	GAA	0	0	73.6	
NZ_CP180422.1	34	951383 	951310 	Phe	GAA	0	0	27.3	
NZ_CP180422.1	35	368048 	367962 	Leu	GAG	0	0	72.2	
NZ_CP180422.1	36	279699 	279616 	Leu	TAG	0	0	71.2	
NZ_CP180422.1	37	271933 	271844 	Ser	TGA	0	0	84.6	
NZ_CP180422.1	38	221047 	220972 	Thr	TGT	0	0	84.3	
NZ_CP180422.1	39	51182  	51108  	Val	CAC	0	0	78.8	
NZ_CP180422.1	40	49125  	49050  	Val	TAC	0	0	79.7	
NZ_CP180422.1	41	47813  	47737  	Asp	GTC	0	0	87.8	
NZ_CP180422.1	42	47598  	47522  	Asp	GTC	0	0	86.8	
NZ_CP187162.1	1	149153 	149228 	His	GTG	0	0	62.6	
NZ_CP187162.1	2	315644 	315720 	Ile	GAT	0	0	82.8	
NZ_CP187162.1	3	315737 	315812 	Ala	TGC	0	0	83.8	
NZ_CP187162.1	4	574705 	574781 	Arg	TCT	0	0	73.4	
NZ_CP187162.1	5	599410 	599485 	Val	TAC	0	0	76.2	
NZ_CP187162.1	6	599499 	599574 	Thr	TGT	0	0	82.5	
NZ_CP187162.1	7	599580 	599663 	Tyr	GTA	0	0	70.7	
NZ_CP187162.1	8	599679 	599753 	Gln	TTG	0	0	74.2	
NZ_CP187162.1	9	599761 	599836 	Lys	TTT	0	0	75.4	
NZ_CP187162.1	10	599853 	599939 	Leu	TAA	0	0	71.0	
NZ_CP187162.1	11	600017 	600090 	Gly	TCC	0	0	76.2	
NZ_CP187162.1	12	1182609	1182693	Leu	CAA	0	0	64.2	
NZ_CP187162.1	13	1340638	1340548	Ser	GCT	0	0	87.2	
NZ_CP187162.1	14	1328704	1328629	Sup	TCA	0	0	75.0	
NZ_CP187162.1	15	1328536	1328462	Trp	CCA	0	0	73.5	
NZ_CP187162.1	16	1328449	1328357	Ser	CGA	0	0	71.8	
NZ_CP187162.1	17	1232522	1232447	Asn	GTT	0	0	82.6	
NZ_CP187162.1	18	1232412	1232337	Glu	TTC	0	0	69.2	
NZ_CP187162.1	19	1232332	1232257	Val	TAC	0	0	82.9	
NZ_CP187162.1	20	1232243	1232168	Thr	TGT	0	0	80.7	
NZ_CP187162.1	21	1232159	1232084	Lys	TTT	0	0	75.4	
NZ_CP187162.1	22	1232065	1231981	Leu	TAG	0	0	70.4	
NZ_CP187162.1	23	1178204	1178129	Cys	GCA	0	0	67.4	
NZ_CP187162.1	24	1178090	1178014	Arg	ACG	0	0	79.0	
NZ_CP187162.1	25	1177991	1177915	Pro	TGG	0	0	81.1	
NZ_CP187162.1	26	1177899	1177824	Ala	TGC	0	0	83.8	
NZ_CP187162.1	27	1177790	1177714	Met	CAT	0	0	73.2	
NZ_CP187162.1	28	1177712	1177636	Ile2	CAT	0	0	87.9	
NZ_CP187162.1	29	1177604	1177512	Ser	TGA	0	0	82.8	
NZ_CP187162.1	30	1177455	1177381	fMet	CAT	0	0	75.2	
NZ_CP187162.1	31	1177378	1177303	Asp	GTC	0	0	69.6	
NZ_CP187162.1	32	1177297	1177222	Phe	GAA	0	0	77.3	
NZ_CP151080.1	1	1224974	1225049	Thr	TGT	0	0	82.5	
NZ_CP151080.1	2	1339106	1339190	Leu	CAA	0	0	75.7	
NZ_CP151080.1	3	1354373	1354449	fMet	CAT	0	0	77.4	
NZ_CP151080.1	4	1520757	1520849	Ser	GCT	0	0	68.4	
NZ_CP151080.1	5	1530061	1530153	Ser	GCT	0	0	87.2	
NZ_CP151080.1	6	1591158	1591234	Ile	GAT	0	0	81.2	
NZ_CP151080.1	7	1591258	1591333	Ala	TGC	0	0	81.0	
NZ_CP151080.1	8	1594995	1595069	Arg	CCT	0	0	71.2	
NZ_CP151080.1	9	1650710	1650795	Leu	TAG	0	0	58.5	
NZ_CP151080.1	10	1659073	1659148	Gly	GCC	0	0	85.6	
NZ_CP151080.1	11	1659284	1659359	Gly	GCC	0	0	85.6	
NZ_CP151080.1	12	1661382	1661455	Cys	GCA	0	0	66.7	
NZ_CP151080.1	13	1668455	1668546	Leu	TAA	0	0	69.1	
NZ_CP151080.1	14	1794299	1794374	Ala	GGC	0	0	74.7	
NZ_CP151080.1	15	1794408	1794483	Glu	TTC	0	0	62.8	
NZ_CP151080.1	16	1794532	1794608	Asp	GTC	0	0	87.4	
NZ_CP151080.1	17	1794680	1794755	Glu	TTC	0	0	62.8	
NZ_CP151080.1	18	1794804	1794880	Asp	GTC	0	0	87.4	
NZ_CP151080.1	19	1824535	1824611	Ile2	CAT	0	0	86.2	
NZ_CP151080.1	20	1826209	1826285	Arg	ACG	0	0	86.4	
NZ_CP151080.1	21	1897421	1897495	Val	CAC	0	0	84.9	
NZ_CP151080.1	22	2184583	2184667	Leu	GAG	0	0	63.7	
NZ_CP151080.1	23	2333355	2333430	Asn	GTT	0	0	69.8	
NZ_CP151080.1	24	2362074	2362149	Asn	GTT	0	0	75.5	
NZ_CP151080.1	25	2940126	2940202	Pro	GGG	0	0	71.5	
NZ_CP151080.1	26	3363475	3363550	His	GTG	0	0	72.5	
NZ_CP151080.1	27	3436551	3436626	Thr	CGT	0	0	80.7	
NZ_CP151080.1	28	3512350	3512434	Leu	CAG	0	0	67.3	
NZ_CP151080.1	29	3565679	3565755	Pro	TGG	0	0	78.1	
NZ_CP151080.1	30	3567436	3567512	Arg	TCT	0	0	82.5	
NZ_CP151080.1	31	3778345	3778421	Pro	CGG	0	0	78.5	
NZ_CP151080.1	32	3701466	3701390	Ile	GAT	0	0	81.2	
NZ_CP151080.1	33	3701366	3701291	Ala	TGC	0	0	81.0	
NZ_CP151080.1	34	3519032	3518956	Val	GAC	0	0	83.1	
NZ_CP151080.1	35	3368075	3368000	Val	TAC	0	0	85.4	
NZ_CP151080.1	36	3349276	3349203	Gly	CCC	0	0	73.1	
NZ_CP151080.1	37	2333199	2333110	Ser	CGA	0	0	88.2	
NZ_CP151080.1	38	2324840	2324715	Ser	CGA	0	0	50.7	
NZ_CP151080.1	39	2240323	2240233	Ser	GGA	0	0	84.5	
NZ_CP151080.1	40	1807013	1806937	Gln	TTG	0	0	76.9	
NZ_CP151080.1	41	1471535	1471448	Ser	TGA	0	0	79.7	
NZ_CP151080.1	42	1331897	1331822	Lys	TTT	0	0	92.9	
NZ_CP151080.1	43	1331743	1331668	Lys	CTT	0	0	95.8	
NZ_CP151080.1	44	1248701	1248625	Met	CAT	0	0	76.0	
NZ_CP151080.1	45	835836 	835761 	Arg	CCG	0	0	84.6	
NZ_CP151080.1	46	342332 	342256 	Ile	GAT	0	0	81.2	
NZ_CP151080.1	47	342232 	342157 	Ala	TGC	0	0	81.0	
NZ_CP151080.1	48	336339 	336263 	Ile	GAT	0	0	81.2	
NZ_CP151080.1	49	336239 	336164 	Ala	TGC	0	0	81.0	
NZ_CP151080.1	50	88942  	88857  	Tyr	GTA	0	0	76.7	
NZ_CP151080.1	51	88714  	88641  	Gly	TCC	0	0	80.9	
NZ_CP151080.1	52	88607  	88533  	Thr	GGT	0	0	80.5	
NZ_CP151080.1	53	87244  	87169  	Trp	CCA	0	0	86.0	
NZ_CP151080.1	54	70213  	70138  	Phe	GAA	0	0	75.8	
NZ_CP070274.1	1	93192  	93265  	Asn	GTT	0	0	63.5	
NZ_CP070274.1	2	93270  	93348  	Glu	TTC	0	0	57.0	
NZ_CP070274.1	3	93350  	93425  	Sup	TCA	0	0	72.5	
NZ_CP070274.1	4	206786 	206859 	Ile	GAT	0	0	63.6	
NZ_CP070274.1	5	216517 	216591 	His	GTG	0	0	59.9	
NZ_CP070274.1	6	281840 	281916 	Val	TAC	0	0	87.2	
NZ_CP070274.1	7	281917 	281991 	Thr	TGT	0	0	69.7	
NZ_CP070274.1	8	281992 	282075 	Tyr	GTA	0	0	78.1	
NZ_CP070274.1	9	282081 	282155 	Gln	TTG	0	0	63.1	
NZ_CP070274.1	10	282166 	282240 	Lys	TTT	0	0	69.3	
NZ_CP070274.1	11	282242 	282331 	Leu	TAA	0	0	67.1	
NZ_CP070274.1	12	282334 	282407 	Gly	TCC	0	0	73.0	
NZ_CP070274.1	13	282412 	282493 	Leu	CAA	0	0	66.1	
NZ_CP070274.1	14	573730 	573657 	Gly	GCC	0	0	70.5	
NZ_CP070274.1	15	488347 	488273 	Cys	GCA	0	0	75.5	
NZ_CP070274.1	16	488270 	488196 	Arg	ACG	0	0	65.2	
NZ_CP070274.1	17	488195 	488119 	Pro	TGG	0	0	79.6	
NZ_CP070274.1	18	488110 	488037 	Ala	TGC	0	0	68.5	
NZ_CP070274.1	19	488035 	487961 	Met	CAT	0	0	63.5	
NZ_CP070274.1	20	487940 	487864 	Ile2	CAT	0	0	77.2	
NZ_CP070274.1	21	487861 	487771 	Ser	TGA	0	0	80.1	
NZ_CP070274.1	22	487731 	487656 	fMet	CAT	0	0	66.9	
NZ_CP070274.1	23	487654 	487580 	Asp	GTC	0	0	58.3	
NZ_CP070274.1	24	487579 	487503 	Phe	GAA	0	0	39.1	
NZ_CP070274.1	25	399245 	399162 	Leu	TAG	0	0	58.2	
NZ_CP070274.1	26	313140 	313066 	Arg	TCT	0	0	56.8	
NZ_CP070274.1	27	11014  	10946  	Undet	NNN	0	0	22.5	
NZ_CP070274.1	28	3798   	3704   	Ser	GCT	0	0	73.1	
NZ_JBSWZS010000001.1	1	111079 	111153 	Asn	GTT	0	0	82.7	
NZ_JBSWZS010000001.1	2	111158 	111233 	Glu	TTC	0	0	72.0	
NZ_JBSWZS010000001.1	3	111241 	111316 	Val	TAC	0	0	83.0	
NZ_JBSWZS010000001.1	4	111321 	111396 	Thr	TGT	0	0	90.9	
NZ_JBSWZS010000001.1	5	111481 	111565 	Leu	TAG	0	0	64.5	
NZ_JBSWZS010000001.1	6	2171   	2097   	Cys	GCA	0	0	69.3	
NZ_JBSWZS010000001.1	7	2089   	2013   	Arg	ACG	0	0	70.0	
NZ_JBSWZS010000014.1	1	32763  	32679  	Leu	CAA	0	0	63.9	
NZ_JBSWZS010000015.1	1	18798  	18889  	Ser	GCT	0	0	83.5	
NZ_JBSWZS010000003.1	1	95689  	95614  	His	GTG	0	0	67.0	
NZ_JBSWZS010000004.1	1	16761  	16834  	Trp	CCA	0	0	63.7	
NZ_JBSWZS010000004.1	2	81013  	81086  	Gly	TCC	0	0	74.3	
NZ_JBSWZS010000004.1	3	90310  	90393  	Tyr	GTA	0	0	72.1	
NZ_JBSWZS010000004.1	4	90397  	90471  	Gln	TTG	0	0	61.2	
NZ_JBSWZS010000004.1	5	104274 	104350 	Pro	TGG	0	0	87.3	
NZ_JBSWZS010000004.1	6	104358 	104434 	Ala	TGC	0	0	77.3	
NZ_JBSWZS010000004.1	7	104438 	104514 	Met	CAT	0	0	80.5	
NZ_JBSWZS010000004.1	8	104545 	104621 	Ile2	CAT	0	0	89.1	
NZ_JBSWZS010000004.1	9	104626 	104718 	Ser	TGA	0	0	76.1	
NZ_JBSWZS010000004.1	10	104803 	104878 	fMet	CAT	0	0	78.9	
NZ_JBSWZS010000004.1	11	104883 	104958 	Asp	GTC	0	0	73.3	
NZ_JBSWZS010000004.1	12	104961 	105036 	Phe	GAA	0	0	72.2	
NZ_JBSWZS010000005.1	1	19527  	19601  	Sup	TCA	0	0	75.0	
NZ_JBSWZS010000006.1	1	51934  	51858  	Arg	TCT	0	0	71.3	
NZ_JBSWZS010000007.1	1	22997  	23073  	Ile	GAT	0	0	80.9	
NZ_JBSWZS010000007.1	2	6323   	6248   	Thr	GGT	0	0	76.8	
NZ_JBSWZS010000007.1	3	4869   	4783   	Leu	TAA	0	0	77.5	
NZ_JBSWZS010000007.1	4	4775   	4700   	Lys	TTT	0	0	77.9	
NZ_BAAIES010000002.1	1	208754 	208671 	Leu	CAA	0	0	74.7	
NZ_BAAIES010000002.1	2	162477 	162394 	Leu	CAG	0	0	59.4	
NZ_BAAIES010000002.1	3	162320 	162238 	Leu	GAG	0	0	53.9	
NZ_BAAIES010000004.1	1	359348 	359277 	Val	TAC	0	0	81.8	
NZ_BAAIES010000004.1	2	359148 	359076 	Phe	GAA	0	0	72.3	
NZ_BAAIES010000004.1	3	354666 	354592 	Gly	GCC	0	0	88.8	
NZ_BAAIES010000004.1	4	354181 	354110 	Cys	GCA	0	0	76.1	
NZ_BAAIES010000004.1	5	353765 	353690 	Val	GAC	0	0	79.3	
NZ_BAAIES010000004.1	6	300897 	300822 	Ala	CGC	0	0	86.9	
NZ_BAAIES010000004.1	7	9130   	9056   	Pro	GGG	0	0	68.1	
NZ_BAAIES010000005.1	1	140265 	140342 	Pro	CGG	0	0	83.6	
NZ_BAAIES010000009.1	1	487315 	487387 	Ile2	CAT	0	0	77.7	
NZ_BAAIES010000009.1	2	487464 	487535 	Glu	TTC	0	0	75.9	
NZ_BAAIES010000009.1	3	715658 	715587 	Thr	TGT	0	0	73.6	
NZ_BAAIES010000009.1	4	715479 	715397 	Tyr	GTA	0	0	74.2	
NZ_BAAIES010000009.1	5	715391 	715315 	fMet	CAT	0	0	79.3	
NZ_BAAIES010000009.1	6	715284 	715212 	Thr	GGT	0	0	72.5	
NZ_BAAIES010000009.1	7	713019 	712942 	Trp	CCA	0	0	80.1	
NZ_BAAIES010000009.1	8	664659 	664585 	Arg	CCG	0	0	72.8	
NZ_BAAIES010000009.1	9	638235 	638164 	Pro	TGG	0	0	73.8	
NZ_BAAIES010000009.1	10	637992 	637922 	Gly	TCC	0	0	87.0	
NZ_BAAIES010000009.1	11	637887 	637816 	Arg	TCT	0	0	80.8	
NZ_BAAIES010000009.1	12	637604 	637531 	His	GTG	0	0	70.4	
NZ_BAAIES010000009.1	13	637455 	637385 	Gln	TTG	0	0	67.6	
NZ_BAAIES010000009.1	14	637377 	637305 	Lys	TTT	0	0	77.9	
NZ_BAAIES010000009.1	15	632777 	632696 	Leu	TAG	0	0	69.2	
NZ_BAAIES010000009.1	16	632555 	632484 	Gly	GCC	0	0	81.9	
NZ_BAAIES010000009.1	17	598677 	598605 	Ala	GGC	0	0	74.7	
NZ_BAAIES010000009.1	18	460865 	460793 	Val	CAC	0	0	82.8	
NZ_BAAIES010000009.1	19	442962 	442891 	Gly	CCC	0	0	86.7	
NZ_BAAIES010000010.1	1	54210  	54282  	Asp	GTC	0	0	77.0	
NZ_BAAIES010000010.1	2	56281  	56353  	Thr	CGT	0	0	77.4	
NZ_BAAIES010000010.1	3	18622  	18535  	Ser	TGA	0	0	84.4	
NZ_BAAIES010000010.1	4	17770  	17679  	Ser	GCT	0	0	80.6	
NZ_BAAIES010000010.1	5	17658  	17584  	Arg	ACG	0	0	73.3	
NZ_BAAIES010000010.1	6	11511  	11439  	Arg	CCT	0	0	67.1	
NZ_BAAIES010000010.1	7	10197  	10111  	Ser	CGA	0	0	84.2	
NZ_BAAIES010000010.1	8	9909   	9823   	Ser	GGA	0	0	83.2	
NZ_BAAIES010000010.1	9	2386   	2316   	Gln	CTG	0	0	59.6	
NZ_BAAIES010000010.1	10	2311   	2239   	Glu	CTC	0	0	65.3	
NZ_BAAIES010000011.1	1	310853 	310926 	Met	CAT	0	0	75.2	
NZ_BAAIES010000011.1	2	311123 	311198 	Lys	CTT	0	0	87.6	
NZ_BAAIES010000011.1	3	363063 	362993 	Gln	CTG	0	0	59.6	
NZ_BAAIES010000011.1	4	362988 	362916 	Glu	CTC	0	0	65.3	
NZ_BAAIES010000011.1	5	357478 	357407 	Asn	GTT	0	0	82.2	
NZ_BAAIES010000011.1	6	327344 	327261 	Leu	TAA	0	0	64.2	
NZ_BAAIES010000011.1	7	276460 	276387 	Ile	GAT	0	0	77.3	
NZ_BAAIES010000011.1	8	276363 	276291 	Ala	TGC	0	0	81.5	
NZ_BAAIES010000011.1	9	30581  	30488  	SeC	TCA	0	0	115.3	
NZ_JBUEGX010000001.1	1	26615  	26539  	Ile	GAT	0	0	81.9	
NZ_JBUEGX010000001.1	2	26520  	26445  	Ala	TGC	0	0	83.8	
NZ_JBUEGX010000049.1	1	2877   	2803   	Trp	CCA	0	0	69.0	
NZ_JBUEGX010000049.1	2	2791   	2699   	Ser	CGA	0	0	75.0	
NZ_JBUEGX010000144.1	1	599    	674    	His	GTG	0	0	64.6	
NZ_JBUEGX010000173.1	1	16280  	16364  	Leu	CAA	0	0	66.2	
NZ_JBUEGX010000173.1	2	12255  	12180  	Cys	GCA	0	0	68.5	
NZ_JBUEGX010000173.1	3	12138  	12062  	Arg	ACG	0	0	79.0	
NZ_JBUEGX010000173.1	4	12038  	11962  	Pro	TGG	0	0	81.1	
NZ_JBUEGX010000173.1	5	11944  	11869  	Ala	TGC	0	0	84.7	
NZ_JBUEGX010000173.1	6	11837  	11761  	Met	CAT	0	0	73.2	
NZ_JBUEGX010000173.1	7	11759  	11683  	Ile2	CAT	0	0	87.9	
NZ_JBUEGX010000173.1	8	11650  	11558  	Ser	TGA	0	0	83.7	
NZ_JBUEGX010000173.1	9	11504  	11430  	fMet	CAT	0	0	78.6	
NZ_JBUEGX010000173.1	10	11427  	11352  	Asp	GTC	0	0	71.3	
NZ_JBUEGX010000173.1	11	11346  	11271  	Phe	GAA	0	0	75.1	
NZ_JBUEGX010000250.1	1	2822   	2912   	Ser	GCT	0	0	87.2	
NZ_JBUEGX010000269.1	1	1380   	1456   	Arg	TCT	0	0	78.4	
NZ_AP042395.1	1	85061  	85136  	Thr	TGT	0	0	80.3	
NZ_AP042395.1	2	85182  	85267  	Tyr	GTA	0	0	84.4	
NZ_AP042395.1	3	85335  	85411  	Gly	TCC	0	0	89.6	
NZ_AP042395.1	4	85433  	85508  	Thr	GGT	0	0	83.9	
NZ_AP042395.1	5	86949  	87025  	Trp	CCA	0	0	78.4	
NZ_AP042395.1	6	175249 	175324 	Val	CAC	0	0	75.7	
NZ_AP042395.1	7	458967 	459042 	Ile2	CAT	0	0	83.7	
NZ_AP042395.1	8	621894 	621970 	Arg	CCG	0	0	85.4	
NZ_AP042395.1	9	779797 	779872 	Gly	CCC	0	0	89.7	
NZ_AP042395.1	10	882878 	882954 	Arg	ACG	0	0	86.6	
NZ_AP042395.1	11	943594 	943687 	SeC	TCA	0	0	127.4	
NZ_AP042395.1	12	1217543	1217636	Ser	GGA	0	0	85.0	
NZ_AP042395.1	13	1236532	1236608	Arg	TCT	0	0	86.5	
NZ_AP042395.1	14	1284992	1285068	Pro	TGG	0	0	82.4	
NZ_AP042395.1	15	1310325	1310401	fMet	CAT	0	0	80.6	
NZ_AP042395.1	16	1473893	1473969	Pro	GGG	0	0	70.2	
NZ_AP042395.1	17	1565990	1566065	Ala	CGC	0	0	79.1	
NZ_AP042395.1	18	1597442	1597516	Thr	CGT	0	0	88.8	
NZ_AP042395.1	19	1715354	1715448	Ser	GCT	0	0	94.8	
NZ_AP042395.1	20	1715507	1715596	Ser	TGA	0	0	82.3	
NZ_AP042395.1	21	1826829	1826904	His	GTG	0	0	74.1	
NZ_AP042395.1	22	1897387	1897473	Leu	CAA	0	0	80.9	
NZ_AP042395.1	23	2007931	2008005	Val	GAC	0	0	75.1	
NZ_AP042395.1	24	2189346	2189424	Ile	GAT	0	0	84.9	
NZ_AP042395.1	25	2189442	2189517	Ala	TGC	0	0	81.2	
NZ_AP042395.1	26	2204686	2204774	Leu	TAA	0	0	74.6	
NZ_AP042395.1	27	2214634	2214557	Pro	CGG	0	0	74.8	
NZ_AP042395.1	28	2048920	2048845	Ala	GGC	0	0	80.3	
NZ_AP042395.1	29	1925880	1925805	Phe	GAA	0	0	82.5	
NZ_AP042395.1	30	1666663	1666587	Arg	TCG	0	0	81.5	
NZ_AP042395.1	31	1652174	1652088	Leu	CAG	0	0	65.6	
NZ_AP042395.1	32	1605089	1605006	Leu	TAG	0	0	74.9	
NZ_AP042395.1	33	1587666	1587591	Lys	TTT	0	0	89.2	
NZ_AP042395.1	34	1587583	1587508	Glu	CTC	0	0	69.1	
NZ_AP042395.1	35	1487291	1487216	Asn	GTT	0	0	77.7	
NZ_AP042395.1	36	1438944	1438867	Arg	CCT	0	0	76.5	
NZ_AP042395.1	37	1399599	1399526	Gln	CTG	0	0	62.7	
NZ_AP042395.1	38	1399519	1399442	Glu	TTC	0	0	62.2	
NZ_AP042395.1	39	1199803	1199727	Met	CAT	0	0	78.2	
NZ_AP042395.1	40	1199338	1199256	Undet	NNN	0	0	27.7	
NZ_AP042395.1	41	930489 	930411 	Ile	GAT	0	0	84.9	
NZ_AP042395.1	42	930393 	930318 	Ala	TGC	0	0	81.2	
NZ_AP042395.1	43	911769 	911694 	Lys	CTT	0	0	83.1	
NZ_AP042395.1	44	885021 	884936 	Leu	GAG	0	0	67.0	
NZ_AP042395.1	45	877985 	877911 	Gln	TTG	0	0	69.4	
NZ_AP042395.1	46	494342 	494247 	Ser	CGA	0	0	80.7	
NZ_AP042395.1	47	347708 	347633 	Val	TAC	0	0	85.9	
NZ_AP042395.1	48	347623 	347547 	Asp	GTC	0	0	83.8	
NZ_AP042395.1	49	76087  	76013  	Gly	GCC	0	0	86.1	
NZ_AP042395.1	50	76006  	75932  	Cys	GCA	0	0	77.8	
NZ_AP042395.1	51	75907  	75833  	Gly	GCC	0	0	86.1	
NZ_AP043702.1	1	16483  	16558  	Glu	TTC	0	0	60.4	
NZ_AP043702.1	2	73120  	73196  	Ile	GAT	0	0	82.6	
NZ_AP043702.1	3	73217  	73292  	Ala	TGC	0	0	81.0	
NZ_AP043702.1	4	87448  	87524  	Pro	TGG	0	0	77.7	
NZ_AP043702.1	5	87555  	87631  	Arg	TCT	0	0	78.6	
NZ_AP043702.1	6	87660  	87735  	His	GTG	0	0	75.8	
NZ_AP043702.1	7	266443 	266518 	Thr	TGT	0	0	81.6	
NZ_AP043702.1	8	266580 	266664 	Tyr	GTA	0	0	83.8	
NZ_AP043702.1	9	266709 	266784 	Gly	TCC	0	0	88.1	
NZ_AP043702.1	10	266812 	266886 	Thr	GGT	0	0	83.3	
NZ_AP043702.1	11	268190 	268265 	Trp	CCA	0	0	75.4	
NZ_AP043702.1	12	476495 	476579 	Leu	CAA	0	0	80.9	
NZ_AP043702.1	13	576556 	576631 	Lys	TTT	0	0	84.1	
NZ_AP043702.1	14	1134191	1134266	Gly	GCC	0	0	85.6	
NZ_AP043702.1	15	1134342	1134415	Cys	GCA	0	0	70.3	
NZ_AP043702.1	16	1134443	1134518	Gly	GCC	0	0	85.6	
NZ_AP043702.1	17	1669505	1669580	Ala	GGC	0	0	70.7	
NZ_AP043702.1	18	1669620	1669695	Glu	TTC	0	0	60.4	
NZ_AP043702.1	19	1793865	1793940	Asn	GTT	0	0	76.4	
NZ_AP043702.1	20	1850444	1850528	Leu	TAG	0	0	74.2	
NZ_AP043702.1	21	1999588	1999672	Tyr	GTA	0	0	26.0	pseudo
NZ_AP043702.1	22	3183797	3183870	Gly	CCC	0	0	76.2	
NZ_AP043702.1	23	2767102	2767024	Ile2	CAT	0	0	69.6	
NZ_AP043702.1	24	2523683	2523607	fMet	CAT	0	0	79.6	
NZ_AP043702.1	25	2521550	2521474	Ile	GAT	0	0	82.6	
NZ_AP043702.1	26	2521453	2521378	Ala	TGC	0	0	81.0	
NZ_AP043702.1	27	2478066	2477982	Leu	GAG	0	0	59.8	
NZ_AP043702.1	28	2447905	2447829	Val	GAC	0	0	83.4	
NZ_AP043702.1	29	2400916	2400840	Pro	GGG	0	0	64.3	
NZ_AP043702.1	30	1993061	1992986	Val	TAC	0	0	83.0	
NZ_AP043702.1	31	1992923	1992847	Asp	GTC	0	0	87.4	
NZ_AP043702.1	32	1840171	1840096	Val	TAC	0	0	83.0	
NZ_AP043702.1	33	1840044	1839968	Asp	GTC	0	0	87.4	
NZ_AP043702.1	34	1817601	1817514	Ser	TGA	0	0	88.6	
NZ_AP043702.1	35	1610867	1610782	Leu	TAA	0	0	75.3	
NZ_AP043702.1	36	1580154	1580065	Ser	GGA	0	0	92.1	
NZ_AP043702.1	37	1458389	1458303	Leu	CAG	0	0	74.9	
NZ_AP043702.1	38	1316593	1316519	Arg	CCT	0	0	51.6	
NZ_AP043702.1	39	1275655	1275565	Ser	CGA	0	0	89.0	
NZ_AP043702.1	40	988005 	987930 	Lys	CTT	0	0	88.1	
NZ_AP043702.1	41	860225 	860149 	Gln	TTG	0	0	75.7	
NZ_AP043702.1	42	843430 	843354 	Met	CAT	0	0	80.4	
NZ_AP043702.1	43	717992 	717899 	Ser	GCT	0	0	89.4	
NZ_AP043702.1	44	674815 	674739 	Arg	ACG	0	0	83.6	
NZ_AP043702.1	45	521274 	521198 	Arg	CCG	0	0	81.0	
NZ_AP043702.1	46	112424 	112349 	Phe	GAA	0	0	77.6	
NZ_AP043756.1	1	17543  	17619  	Arg	CCT	0	0	84.9	
NZ_AP043756.1	2	163958 	164044 	Leu	GAG	0	0	69.6	
NZ_AP043756.1	3	253620 	253695 	Trp	CCA	0	0	84.6	
NZ_AP043756.1	4	405948 	406024 	Arg	ACG	0	0	85.1	
NZ_AP043756.1	5	490366 	490440 	Glu	CTC	0	0	72.5	
NZ_AP043756.1	6	490442 	490518 	Val	TAC	0	0	83.1	
NZ_AP043756.1	7	916402 	916476 	Cys	GCA	0	0	80.7	
NZ_AP043756.1	8	916484 	916560 	Val	GAC	0	0	80.4	
NZ_AP043756.1	9	918542 	918633 	Ser	CGA	0	0	90.2	
NZ_AP043756.1	10	969871 	969946 	Ala	CGC	0	0	84.2	
NZ_AP043756.1	11	1163171	1163258	Leu	TAA	0	0	84.2	
NZ_AP043756.1	12	1318188	1318264	Pro	TGG	0	0	73.9	
NZ_AP043756.1	13	1318266	1318341	Gly	TCC	0	0	97.4	
NZ_AP043756.1	14	1318376	1318451	Arg	TCT	0	0	85.9	
NZ_AP043756.1	15	1328949	1329025	His	GTG	0	0	82.8	
NZ_AP043756.1	16	1329079	1329163	Leu	TAG	0	0	80.7	
NZ_AP043756.1	17	1379748	1379824	Pro	CGG	0	0	80.0	
NZ_AP043756.1	18	1748269	1748362	Ser	GGA	0	0	90.3	
NZ_AP043756.1	19	2048766	2048842	Asp	GTC	0	0	82.5	
NZ_AP043756.1	20	2048844	2048919	Phe	GAA	0	0	87.1	
NZ_AP043756.1	21	2055557	2055483	Val	CAC	0	0	82.4	
NZ_AP043756.1	22	1884429	1884353	Met	CAT	0	0	87.5	
NZ_AP043756.1	23	1748728	1748654	Ala	TGC	0	0	85.8	
NZ_AP043756.1	24	1708738	1708665	Gln	TTG	0	0	65.3	
NZ_AP043756.1	25	1345963	1345877	Leu	CAG	0	0	74.7	
NZ_AP043756.1	26	908160 	908074 	Leu	CAA	0	0	86.7	
NZ_AP043756.1	27	891020 	890944 	Ile2	CAT	0	0	86.9	
NZ_AP043756.1	28	875939 	875863 	Pro	GGG	0	0	74.1	
NZ_AP043756.1	29	875761 	875685 	Ile	GAT	0	0	87.8	
NZ_AP043756.1	30	824591 	824516 	Lys	CTT	0	0	84.6	
NZ_AP043756.1	31	798473 	798398 	Gly	GCC	0	0	88.6	
NZ_AP043756.1	32	766377 	766301 	fMet	CAT	0	0	82.9	
NZ_AP043756.1	33	529491 	529416 	Gly	GCC	0	0	88.6	
NZ_AP043756.1	34	514362 	514287 	Thr	TGT	0	0	78.9	
NZ_AP043756.1	35	514276 	514191 	Tyr	GTA	0	0	83.9	
NZ_AP043756.1	36	514165 	514090 	Gly	CCC	0	0	96.3	
NZ_AP043756.1	37	514086 	514011 	Thr	GGT	0	0	79.5	
NZ_AP043756.1	38	446756 	446680 	Arg	CCG	0	0	86.9	
NZ_AP043756.1	39	366711 	366638 	Gln	CTG	0	0	64.7	
NZ_AP043756.1	40	366631 	366557 	Glu	TTC	0	0	77.4	
NZ_AP043756.1	41	366536 	366461 	Glu	CTC	0	0	72.7	
NZ_AP043756.1	42	333325 	333236 	Ser	TGA	0	0	88.2	
NZ_AP043756.1	43	333228 	333136 	Ser	GCT	0	0	98.3	
NZ_AP043756.1	44	276872 	276797 	Lys	TTT	0	0	95.1	
NZ_AP043756.1	45	269242 	269129 	Ser	CGA	0	0	39.3	pseudo
NZ_AP043756.1	46	237591 	237516 	Asn	GTT	0	0	85.7	
NZ_AP043756.1	47	189008 	188933 	Ala	GGC	0	0	81.7	
NZ_AP043756.1	48	163859 	163785 	Thr	CGT	0	0	91.0	
NZ_FNBU01000047.1	1	565    	480    	Tyr	GTA	0	0	78.9	
NZ_FNBU01000047.1	2	418    	342    	Met	CAT	0	0	79.5	
NZ_FNBU01000047.1	3	247    	172    	Thr	TGT	0	0	83.1	
NZ_FNBU01000047.1	4	162    	77     	Tyr	GTA	0	0	79.9	
NZ_FNBU01000047.1	5	57     	1      	fMet	CAT	0	0	53.4	
NZ_FNBU01000019.1	1	49199  	49121  	Undet	NNN	0	0	25.4	
NZ_FNBU01000019.1	2	18044  	17968  	Arg	ACG	0	0	79.9	
NZ_FNBU01000019.1	3	9198   	9122   	Arg	CCT	0	0	74.9	
NZ_FNBU01000019.1	4	8638   	8548   	Ser	CGA	0	0	92.1	
NZ_FNBU01000019.1	5	5424   	5333   	Ser	GGA	0	0	82.0	
NZ_FNBU01000012.1	1	48797  	48712  	Leu	CAA	0	0	75.8	
NZ_FNBU01000012.1	2	36373  	36287  	Leu	CAG	0	0	76.0	
NZ_FNBU01000012.1	3	36263  	36178  	Leu	GAG	0	0	59.2	
NZ_FNBU01000012.1	4	25081  	25006  	Asp	GTC	0	0	75.1	
NZ_FNBU01000012.1	5	25003  	24929  	Gly	GCC	0	0	91.8	
NZ_FNBU01000012.1	6	24927  	24852  	Trp	CCA	0	0	82.6	
NZ_FNBU01000012.1	7	13637  	13562  	Asp	GTC	0	0	75.1	
NZ_FNBU01000012.1	8	13554  	13479  	Phe	GAA	0	0	79.4	
NZ_FNBU01000012.1	9	13474  	13400  	Gly	GCC	0	0	91.8	
NZ_FNBU01000012.1	10	13393  	13319  	Cys	GCA	0	0	77.4	
NZ_FNBU01000012.1	11	10274  	10186  	Leu	TAA	0	0	78.1	
NZ_FNBU01000013.1	1	79543  	79617  	Gly	GCC	0	0	91.8	
NZ_FNBU01000021.1	1	490    	391    	Undet	NNN	0	0	28.4	
NZ_FNBU01000002.1	1	227222 	227147 	Asn	GTT	0	0	82.1	
NZ_FNBU01000022.1	1	53518  	53443  	Asn	GTT	0	0	82.1	
NZ_FNBU01000022.1	2	53437  	53362  	Gln	TTG	0	0	76.6	
NZ_FNBU01000022.1	3	53352  	53277  	Lys	TTT	0	0	85.0	
NZ_FNBU01000022.1	4	53271  	53186  	Tyr	GTA	0	0	81.5	
NZ_FNBU01000022.1	5	53179  	53104  	fMet	CAT	0	0	82.4	
NZ_FNBU01000022.1	6	53099  	53024  	Thr	GGT	0	0	76.9	
NZ_FNBU01000022.1	7	53014  	52941  	Gly	TCC	0	0	87.6	
NZ_FNBU01000022.1	8	52934  	52846  	Leu	TAA	0	0	78.1	
NZ_FNBU01000022.1	9	52833  	52747  	Leu	CAG	0	0	76.0	
NZ_FNBU01000022.1	10	52713  	52628  	Leu	GAG	0	0	59.2	
NZ_FNBU01000010.1	1	36861  	36786  	Lys	TTT	0	0	85.0	
NZ_FNBU01000010.1	2	36780  	36706  	Glu	TTC	0	0	77.4	
NZ_FNBU01000010.1	3	36699  	36624  	Val	TAC	0	0	82.3	
NZ_FNBU01000010.1	4	36582  	36507  	Asp	GTC	0	0	75.1	
NZ_FNBU01000010.1	5	36502  	36427  	Phe	GAA	0	0	79.4	
NZ_FNBU01000010.1	6	36418  	36343  	Lys	TTT	0	0	85.0	
NZ_FNBU01000010.1	7	25649  	25575  	Glu	TTC	0	0	77.4	
NZ_FNBU01000010.1	8	25564  	25489  	Asp	GTC	0	0	75.1	
NZ_FNBU01000010.1	9	25483  	25408  	Phe	GAA	0	0	81.6	
NZ_FNBU01000010.1	10	8878   	8803   	Gly	CCC	0	0	92.9	
NZ_FNBU01000004.1	1	21279  	21355  	Arg	ACG	0	0	86.3	
NZ_FNBU01000004.1	2	21768  	21844  	His	GTG	0	0	61.9	
NZ_FNBU01000004.1	3	21857  	21932  	Gln	TTG	0	0	76.6	
NZ_FNBU01000004.1	4	21937  	22012  	Lys	TTT	0	0	81.2	
NZ_FNBU01000004.1	5	22084  	22166  	Leu	TAG	0	0	73.9	
NZ_FNBU01000004.1	6	30957  	31031  	Gly	GCC	0	0	89.6	
NZ_FNBU01000004.1	7	123319 	123394 	Ala	GGC	0	0	78.8	
NZ_FNBU01000017.1	1	1056   	1121   	Gly	CCC	0	0	26.7	pseudo
NZ_FNBU01000017.1	2	7652   	7727   	Thr	CGT	0	0	89.0	
NZ_FNBU01000001.1	1	180090 	180166 	Val	GAC	0	0	81.8	
NZ_FNBU01000001.1	2	180171 	180247 	Pro	GGG	0	0	69.7	
NZ_FNBU01000001.1	3	180256 	180332 	Pro	CGG	0	0	80.1	
NZ_FNBU01000001.1	4	203751 	203655 	SeC	TCA	0	0	107.0	
NZ_FNBU01000005.1	1	58788  	58862  	Asn	GTT	0	0	83.6	
NZ_FNBU01000005.1	2	58915  	58989  	Ile2	CAT	0	0	80.3	
NZ_FNBU01000005.1	3	59002  	59076  	Glu	TTC	0	0	78.3	
NZ_FNBU01000005.1	4	124384 	124460 	Pro	GGG	0	0	69.7	
NZ_FNBU01000005.1	5	135218 	135142 	Pro	CGG	0	0	82.4	
NZ_FNBU01000005.1	6	135130 	135055 	Gln	TTG	0	0	76.6	
NZ_FNBU01000041.1	1	4197   	4273   	Val	GAC	0	0	81.8	
NZ_FNBU01000006.1	1	81277  	81351  	Val	CAC	0	0	81.9	
NZ_FNBU01000006.1	2	127956 	128031 	Ala	CGC	0	0	77.6	
NZ_FNBU01000034.1	1	673    	748    	Ala	CGC	0	0	77.6	
NZ_FNBU01000042.1	1	158    	246    	Ser	TGA	0	0	80.9	
NZ_FNBU01000042.1	2	280    	370    	Ser	GCT	0	0	81.6	
NZ_FNBU01000037.1	1	15387  	15312  	Trp	CCA	0	0	82.4	
NZ_FNBU01000007.1	1	56561  	56487  	Asn	GTT	0	0	83.6	
NZ_FNBU01000007.1	2	56481  	56407  	Glu	TTC	0	0	78.1	
NZ_FNBU01000007.1	3	56400  	56325  	Val	TAC	0	0	82.3	
NZ_FNBU01000007.1	4	50000  	49926  	Arg	CCG	0	0	84.5	
NZ_FNBU01000007.1	5	16287  	16211  	Pro	TGG	0	0	81.2	
NZ_FNBU01000007.1	6	16203  	16130  	Gly	TCC	0	0	86.3	
NZ_FNBU01000007.1	7	13907  	13832  	Arg	TCT	0	0	81.7	
NZ_LS991952.1	1	168051 	168125 	Asn	GTT	0	0	86.8	
NZ_LS991952.1	2	168130 	168206 	Glu	TTC	0	0	62.2	
NZ_LS991952.1	3	168330 	168405 	Val	TAC	0	0	81.4	
NZ_LS991952.1	4	168407 	168482 	Thr	TGT	0	0	84.8	
NZ_LS991952.1	5	168487 	168562 	Lys	CTT	0	0	70.2	
NZ_LS991952.1	6	168567 	168652 	Leu	TAG	0	0	67.0	
NZ_LS991952.1	7	196632 	196705 	Cys	GCA	0	0	56.3	
NZ_LS991952.1	8	196783 	196859 	Pro	TGG	0	0	82.1	
NZ_LS991952.1	9	196865 	196941 	Met	CAT	0	0	79.7	
NZ_LS991952.1	10	196946 	197021 	Ile2	CAT	0	0	76.8	
NZ_LS991952.1	11	197115 	197205 	Ser	TGA	0	0	72.5	
NZ_LS991952.1	12	197271 	197347 	fMet	CAT	0	0	72.5	
NZ_LS991952.1	13	197349 	197422 	Asp	GTC	0	0	60.4	
NZ_LS991952.1	14	197424 	197499 	Phe	GAA	0	0	76.5	
NZ_LS991952.1	15	197618 	197694 	Arg	GCG	0	0	61.8	
NZ_LS991952.1	16	201705 	201781 	Arg	GCG	0	0	70.8	
NZ_LS991952.1	17	245949 	246034 	Tyr	GTA	0	0	71.7	
NZ_LS991952.1	18	246038 	246112 	Gln	TTG	0	0	65.6	
NZ_LS991952.1	19	246118 	246192 	Lys	TTT	0	0	76.2	
NZ_LS991952.1	20	246202 	246287 	Leu	TAA	0	0	73.3	
NZ_LS991952.1	21	246292 	246365 	Gly	TCC	0	0	79.4	
NZ_LS991952.1	22	297451 	297524 	Trp	CCA	0	0	72.2	
NZ_LS991952.1	23	306412 	306486 	Sup	TCA	0	0	75.1	
NZ_LS991952.1	24	361268 	361352 	Leu	CAA	0	0	70.1	
NZ_LS991952.1	25	398357 	398433 	Ile	GAT	0	0	83.4	
NZ_LS991952.1	26	398442 	398517 	Ala	TGC	0	0	72.9	
NZ_LS991952.1	27	556924 	556997 	Thr	GGT	0	0	63.8	
NZ_LS991952.1	28	659827 	659903 	Arg	TCG	0	0	78.2	
NZ_LS991952.1	29	938709 	938636 	Gly	GCC	0	0	75.3	
NZ_LS991952.1	30	673746 	673659 	Ser	GCT	0	0	76.1	
NZ_LS991952.1	31	594829 	594753 	Arg	TCT	0	0	73.5	
NZ_LS991952.1	32	405491 	405415 	His	GTG	0	0	74.6	
NZ_LS991949.1	1	5427   	5501   	Cys	GCA	0	0	67.3	
NZ_LS991949.1	2	5507   	5583   	Arg	ACG	0	0	76.1	
NZ_LS991949.1	3	94791  	94880  	Ser	CGA	0	0	71.0	
NZ_LS991949.1	4	121107 	121183 	Pro	TGG	0	0	85.7	
NZ_LS991949.1	5	121192 	121268 	Ala	TGC	0	0	78.5	
NZ_LS991949.1	6	121273 	121349 	Met	CAT	0	0	78.8	
NZ_LS991949.1	7	121376 	121451 	Ile2	CAT	0	0	86.1	
NZ_LS991949.1	8	121455 	121545 	Ser	TGA	0	0	73.9	
NZ_LS991949.1	9	121552 	121626 	fMet	CAT	0	0	75.7	
NZ_LS991949.1	10	121628 	121704 	Asp	GTC	0	0	76.2	
NZ_LS991949.1	11	121710 	121785 	Phe	GAA	0	0	79.1	
NZ_LS991949.1	12	311253 	311327 	Thr	GGT	0	0	77.5	
NZ_LS991949.1	13	367852 	367927 	Thr	CGT	0	0	74.5	
NZ_LS991949.1	14	368044 	368118 	Asn	GTT	0	0	80.8	
NZ_LS991949.1	15	368123 	368198 	Glu	TTC	0	0	69.4	
NZ_LS991949.1	16	368204 	368279 	Val	TAC	0	0	84.3	
NZ_LS991949.1	17	394229 	394302 	Trp	CCA	0	0	69.7	
NZ_LS991949.1	18	496236 	496152 	Leu	CAA	0	0	68.6	
NZ_LS991949.1	19	461289 	461214 	Lys	CTT	0	0	69.6	
NZ_LS991949.1	20	452619 	452544 	Lys	CTT	0	0	81.9	
NZ_LS991949.1	21	436084 	436009 	His	GTG	0	0	60.6	
NZ_LS991949.1	22	368613 	368538 	Thr	TGT	0	0	88.2	
NZ_LS991949.1	23	368532 	368449 	Leu	TAG	0	0	62.5	
NZ_LS991949.1	24	363064 	362988 	Ile	GAT	0	0	81.4	
NZ_LS991949.1	25	312729 	312655 	Sup	TCA	0	0	72.9	
NZ_LS991949.1	26	249865 	249790 	Arg	TCT	0	0	76.3	
NZ_LS991949.1	27	249715 	249642 	Gly	TCC	0	0	73.3	
NZ_LS991949.1	28	249637 	249564 	Gly	GCC	0	0	70.5	
NZ_LS991949.1	29	173921 	173838 	Tyr	GTA	0	0	70.9	
NZ_LS991949.1	30	173834 	173760 	Gln	TTG	0	0	65.1	
NZ_LS991949.1	31	23729  	23643  	Leu	TAA	0	0	71.2	
NZ_LS991949.1	32	23637  	23562  	Lys	TTT	0	0	77.7	
NZ_LS991949.1	33	17668  	17575  	Ser	GCT	0	0	72.0	
NZ_LS991954.1	1	142495 	142570 	Lys	TTT	0	0	80.7	
NZ_LS991954.1	2	142577 	142660 	Leu	TAG	0	0	71.0	
NZ_LS991954.1	3	178694 	178770 	Ile	GAT	0	0	79.8	
NZ_LS991954.1	4	189797 	189872 	His	GTG	0	0	66.2	
NZ_LS991954.1	5	192167 	192242 	Sup	TCA	0	0	82.3	
NZ_LS991954.1	6	192281 	192355 	Trp	CCA	0	0	83.7	
NZ_LS991954.1	7	266171 	266255 	Leu	CAA	0	0	66.7	
NZ_LS991954.1	8	413808 	413884 	Arg	TCT	0	0	77.9	
NZ_LS991954.1	9	756602 	756536 	Undet	NNN	0	0	24.1	
NZ_LS991954.1	10	706586 	706511 	Asn	GTT	0	0	82.3	
NZ_LS991954.1	11	706504 	706429 	Glu	TTC	0	0	64.1	
NZ_LS991954.1	12	706422 	706347 	Val	TAC	0	0	84.0	
NZ_LS991954.1	13	706335 	706260 	Thr	TGT	0	0	89.3	
NZ_LS991954.1	14	699083 	699009 	Cys	GCA	0	0	71.3	
NZ_LS991954.1	15	698809 	698733 	Arg	ACG	0	0	79.4	
NZ_LS991954.1	16	698685 	698609 	Pro	TGG	0	0	81.2	
NZ_LS991954.1	17	698600 	698525 	Ala	TGC	0	0	82.2	
NZ_LS991954.1	18	698519 	698443 	Met	CAT	0	0	80.5	
NZ_LS991954.1	19	698432 	698356 	Ile2	CAT	0	0	85.3	
NZ_LS991954.1	20	698317 	698225 	Ser	TGA	0	0	85.5	
NZ_LS991954.1	21	698201 	698126 	fMet	CAT	0	0	87.8	
NZ_LS991954.1	22	698123 	698047 	Asp	GTC	0	0	79.8	
NZ_LS991954.1	23	698041 	697966 	Phe	GAA	0	0	76.8	
NZ_LS991954.1	24	678081 	677991 	Ser	GCT	0	0	80.4	
NZ_LS991954.1	25	542457 	542382 	Thr	AGT	0	0	85.9	
NZ_LS991954.1	26	542374 	542291 	Tyr	GTA	0	0	71.2	
NZ_LS991954.1	27	542285 	542211 	Gln	TTG	0	0	68.9	
NZ_LS991954.1	28	542206 	542131 	Lys	TTT	0	0	80.7	
NZ_LS991954.1	29	542117 	542029 	Leu	TAA	0	0	65.3	
NZ_LS991954.1	30	525782 	525709 	Gly	TCC	0	0	75.9	
NZ_LS991954.1	31	508533 	508458 	Lys	CTT	0	0	77.4	
NZ_LR214940.1	1	40179  	40253  	Thr	GGT	0	0	76.4	
NZ_LR214940.1	2	112419 	112495 	Ile	GAT	0	0	78.9	
NZ_LR214940.1	3	287411 	287499 	Ser	CGA	0	0	65.8	
NZ_LR214940.1	4	582304 	582380 	Pro	TGG	0	0	85.0	
NZ_LR214940.1	5	582386 	582462 	Ala	TGC	0	0	78.5	
NZ_LR214940.1	6	582466 	582542 	Met	CAT	0	0	78.5	
NZ_LR214940.1	7	582570 	582646 	Ile2	CAT	0	0	90.5	
NZ_LR214940.1	8	582648 	582740 	Ser	TGA	0	0	76.0	
NZ_LR214940.1	9	582746 	582821 	fMet	CAT	0	0	72.5	
NZ_LR214940.1	10	582823 	582899 	Asp	GTC	0	0	76.2	
NZ_LR214940.1	11	582904 	582979 	Phe	GAA	0	0	74.8	
NZ_LR214940.1	12	600326 	600401 	Lys	CTT	0	0	81.9	
NZ_LR214940.1	13	715922 	715997 	Arg	CCT	0	0	64.3	
NZ_LR214940.1	14	732374 	732457 	Leu	CAA	0	0	68.2	
NZ_LR214940.1	15	674577 	674502 	Arg	TCT	0	0	72.1	
NZ_LR214940.1	16	674442 	674369 	Gly	TCC	0	0	78.4	
NZ_LR214940.1	17	674360 	674287 	Gly	GCC	0	0	80.2	
NZ_LR214940.1	18	361961 	361887 	Cys	GCA	0	0	67.3	
NZ_LR214940.1	19	361880 	361804 	Arg	ACG	0	0	72.5	
NZ_LR214940.1	20	356659 	356575 	Leu	AAG	0	0	66.3	
NZ_LR214940.1	21	339394 	339301 	Ser	GCT	0	0	75.9	
NZ_LR214940.1	22	270649 	270576 	Trp	CCA	0	0	68.1	
NZ_LR214940.1	23	261310 	261227 	Tyr	GTA	0	0	71.0	
NZ_LR214940.1	24	261221 	261147 	Gln	TTG	0	0	65.8	
NZ_LR214940.1	25	181037 	180962 	His	GTG	0	0	59.7	
NZ_LR214940.1	26	153775 	153689 	Leu	TAA	0	0	69.7	
NZ_LR214940.1	27	153681 	153606 	Lys	TTT	0	0	78.1	
NZ_LR214940.1	28	96524  	96449  	Thr	CGT	0	0	77.0	
NZ_LR214940.1	29	96368  	96294  	Asn	GTT	0	0	83.9	
NZ_LR214940.1	30	96288  	96213  	Glu	TTC	0	0	69.4	
NZ_LR214940.1	31	96211  	96136  	Val	TAC	0	0	82.1	
NZ_LR214940.1	32	96032  	95957  	Thr	TGT	0	0	88.2	
NZ_LR214940.1	33	95955  	95871  	Leu	TAG	0	0	54.3	
NZ_LR214940.1	34	40429  	40354  	Sup	TCA	0	0	73.7	
NZ_LR214941.1	1	11302  	11385  	Leu	CAA	0	0	68.2	
NZ_LR214945.1	1	140205 	140280 	Arg	TCT	0	0	74.8	
NZ_LR214945.1	2	175604 	175689 	Leu	GAG	0	0	65.6	
NZ_LR214945.1	3	258049 	258123 	Asn	GTT	0	0	84.0	
NZ_LR214945.1	4	258132 	258208 	Glu	TTC	0	0	58.9	
NZ_LR214945.1	5	258210 	258284 	Thr	CGT	0	0	81.5	
NZ_LR214945.1	6	258292 	258367 	Val	TAC	0	0	81.7	
NZ_LR214945.1	7	258369 	258444 	Thr	TGT	0	0	89.8	
NZ_LR214945.1	8	258457 	258532 	Lys	CTT	0	0	85.2	
NZ_LR214945.1	9	258537 	258621 	Leu	TAG	0	0	64.4	
NZ_LR214945.1	10	334525 	334611 	Tyr	GTA	0	0	72.9	
NZ_LR214945.1	11	334617 	334691 	Gln	TTG	0	0	70.6	
NZ_LR214945.1	12	334735 	334809 	Lys	TTT	0	0	77.0	
NZ_LR214945.1	13	334810 	334895 	Leu	TAA	0	0	70.5	
NZ_LR214945.1	14	334902 	334975 	Gly	TCC	0	0	74.9	
NZ_LR214945.1	15	363924 	364000 	Arg	TCG	0	0	74.9	
NZ_LR214945.1	16	389671 	389744 	Gly	GCC	0	0	78.9	
NZ_LR214945.1	17	659154 	659227 	Thr	GGT	0	0	62.8	
NZ_LR214945.1	18	722429 	722517 	Ser	GCT	0	0	76.9	
NZ_LR214945.1	19	796304 	796380 	Ile	GAT	0	0	84.3	
NZ_LR214945.1	20	796386 	796461 	Ala	TGC	0	0	68.8	
NZ_LR214945.1	21	458948 	458872 	Cys	GCA	0	0	60.0	
NZ_LR214945.1	22	458820 	458744 	Pro	TGG	0	0	83.1	
NZ_LR214945.1	23	458739 	458663 	Met	CAT	0	0	82.2	
NZ_LR214945.1	24	458652 	458577 	Ile2	CAT	0	0	74.7	
NZ_LR214945.1	25	458536 	458446 	Ser	TGA	0	0	78.9	
NZ_LR214945.1	26	458433 	458357 	fMet	CAT	0	0	77.7	
NZ_LR214945.1	27	458355 	458282 	Asp	GTC	0	0	55.6	
NZ_LR214945.1	28	458280 	458205 	Phe	GAA	0	0	77.8	
NZ_LR214945.1	29	444054 	443978 	Arg	GCG	0	0	65.2	
NZ_LR214945.1	30	388035 	387961 	Arg	CCT	0	0	55.1	
NZ_LR214945.1	31	387887 	387814 	Trp	CCA	0	0	74.2	
NZ_LR214945.1	32	329867 	329793 	Sup	TCA	0	0	70.7	
NZ_LR214945.1	33	262118 	262028 	Ser	GGA	0	0	69.6	
NZ_LR214945.1	34	262026 	261938 	Ser	CGA	0	0	75.0	
NZ_LR214945.1	35	176746 	176671 	His	GTG	0	0	71.9	
NZ_LR214945.1	36	171768 	171687 	Leu	CAA	0	0	59.5	
NZ_LR214951.1	1	22447  	22523  	Arg	TCT	0	0	71.0	
NZ_LR214951.1	2	66560  	66650  	Ser	GCT	0	0	63.2	
NZ_LR214951.1	3	128129 	128212 	Tyr	GTA	0	0	71.2	
NZ_LR214951.1	4	128216 	128290 	Gln	TTG	0	0	62.8	
NZ_LR214951.1	5	135770 	135856 	Leu	GAG	0	0	60.7	
NZ_LR214951.1	6	319279 	319353 	Sup	TCA	0	0	74.9	
NZ_LR214951.1	7	820288 	820361 	Gly	TCC	0	0	75.0	
NZ_LR214951.1	8	832427 	832501 	Cys	GCA	0	0	67.6	
NZ_LR214951.1	9	832506 	832582 	Arg	ACG	0	0	66.3	
NZ_LR214951.1	10	873279 	873355 	Ile	GAT	0	0	78.5	
NZ_LR214951.1	11	911225 	911140 	Leu	CAA	0	0	61.5	
NZ_LR214951.1	12	513009 	512935 	Asn	GTT	0	0	78.6	
NZ_LR214951.1	13	512930 	512855 	Glu	TTC	0	0	69.0	
NZ_LR214951.1	14	512850 	512775 	Val	TAC	0	0	83.0	
NZ_LR214951.1	15	512773 	512698 	Thr	TGT	0	0	85.5	
NZ_LR214951.1	16	512620 	512536 	Leu	TAG	0	0	60.2	
NZ_LR214951.1	17	462362 	462287 	Thr	GGT	0	0	72.4	
NZ_LR214951.1	18	391897 	391822 	His	GTG	0	0	63.3	
NZ_LR214951.1	19	286240 	286164 	Pro	TGG	0	0	81.9	
NZ_LR214951.1	20	286161 	286085 	Ala	TGC	0	0	80.5	
NZ_LR214951.1	21	286083 	286007 	Met	CAT	0	0	82.8	
NZ_LR214951.1	22	285982 	285906 	Ile2	CAT	0	0	86.9	
NZ_LR214951.1	23	285904 	285814 	Ser	TGA	0	0	72.5	
NZ_LR214951.1	24	285767 	285692 	fMet	CAT	0	0	78.4	
NZ_LR214951.1	25	285690 	285615 	Asp	GTC	0	0	71.0	
NZ_LR214951.1	26	285613 	285538 	Phe	GAA	0	0	72.1	
NZ_LR214951.1	27	186528 	186438 	Ser	GGA	0	0	72.6	
NZ_LR214951.1	28	21820  	21734  	Leu	TAA	0	0	75.8	
NZ_LR214951.1	29	21727  	21652  	Lys	TTT	0	0	78.3	
NZ_LR214952.1	1	21844  	21754  	Ser	GCT	0	0	63.2	
NZ_LR214972.1	1	115889 	115979 	Ser	GCT	0	0	70.5	
NZ_LR214972.1	2	388338 	388423 	Leu	TAA	0	0	78.1	
NZ_LR214972.1	3	388432 	388507 	Lys	TTT	0	0	78.9	
NZ_LR214972.1	4	392385 	392460 	Thr	GGT	0	0	72.0	
NZ_LR214972.1	5	650324 	650400 	Arg	TCT	0	0	71.3	
NZ_LR214972.1	6	709576 	709652 	Pro	TGG	0	0	81.5	
NZ_LR214972.1	7	709659 	709735 	Ala	TGC	0	0	81.0	
NZ_LR214972.1	8	709743 	709819 	Met	CAT	0	0	76.9	
NZ_LR214972.1	9	709834 	709909 	Ile2	CAT	0	0	85.8	
NZ_LR214972.1	10	709918 	710010 	Ser	TGA	0	0	75.2	
NZ_LR214972.1	11	710037 	710113 	fMet	CAT	0	0	78.9	
NZ_LR214972.1	12	710116 	710191 	Asp	GTC	0	0	76.8	
NZ_LR214972.1	13	710197 	710272 	Phe	GAA	0	0	78.1	
NZ_LR214972.1	14	710338 	710411 	Gly	TCC	0	0	74.1	
NZ_LR214972.1	15	711084 	711159 	Lys	CTT	0	0	82.6	
NZ_LR214972.1	16	711210 	711285 	Thr	CGT	0	0	85.0	
NZ_LR214972.1	17	714099 	714182 	Tyr	GTA	0	0	70.6	
NZ_LR214972.1	18	714187 	714261 	Gln	TTG	0	0	63.8	
NZ_LR214972.1	19	820466 	820550 	Leu	AAG	0	0	71.6	
NZ_LR214972.1	20	820600 	820675 	His	GTG	0	0	73.1	
NZ_LR214972.1	21	852572 	852499 	Trp	CCA	0	0	60.0	
NZ_LR214972.1	22	764385 	764311 	Asn	GTT	0	0	77.1	
NZ_LR214972.1	23	764304 	764229 	Glu	TTC	0	0	60.4	
NZ_LR214972.1	24	764220 	764145 	Val	TAC	0	0	80.6	
NZ_LR214972.1	25	764143 	764068 	Thr	TGT	0	0	91.8	
NZ_LR214972.1	26	764055 	763971 	Leu	TAG	0	0	64.6	
NZ_LR214972.1	27	714000 	713926 	Sup	TCA	0	0	73.2	
NZ_LR214972.1	28	391266 	391190 	Ile	GAT	0	0	82.2	
NZ_LR214972.1	29	197796 	197713 	Leu	CAA	0	0	69.1	
NZ_LR214972.1	30	129012 	128938 	Cys	GCA	0	0	70.0	
NZ_LR214972.1	31	128925 	128849 	Arg	ACG	0	0	76.1	
NZ_LR215008.1	1	57323  	57398  	His	GTG	0	0	60.0	
NZ_LR215008.1	2	88708  	88791  	Leu	CAA	0	0	67.9	
NZ_LR215008.1	3	127482 	127556 	Cys	GCA	0	0	67.5	
NZ_LR215008.1	4	127559 	127635 	Arg	GCG	0	0	66.3	
NZ_LR215008.1	5	127657 	127733 	Arg	TCG	0	0	66.1	
NZ_LR215008.1	6	170246 	170329 	Tyr	GTA	0	0	72.8	
NZ_LR215008.1	7	170331 	170405 	Gln	TTG	0	0	68.7	
NZ_LR215008.1	8	277677 	277763 	Leu	TAA	0	0	67.3	
NZ_LR215008.1	9	277769 	277844 	Lys	TTT	0	0	77.9	
NZ_LR215008.1	10	403178 	403254 	Pro	TGG	0	0	85.5	
NZ_LR215008.1	11	403261 	403337 	Ala	TGC	0	0	77.3	
NZ_LR215008.1	12	403339 	403415 	Met	CAT	0	0	82.2	
NZ_LR215008.1	13	403452 	403527 	Ile2	CAT	0	0	76.0	
NZ_LR215008.1	14	403529 	403621 	Ser	TGA	0	0	70.5	
NZ_LR215008.1	15	403668 	403743 	fMet	CAT	0	0	75.7	
NZ_LR215008.1	16	403747 	403823 	Asp	GTC	0	0	73.4	
NZ_LR215008.1	17	403828 	403903 	Phe	GAA	0	0	74.3	
NZ_LR215008.1	18	407292 	407366 	Sup	TCA	0	0	71.5	
NZ_LR215008.1	19	506938 	507013 	Thr	GGT	0	0	75.0	
NZ_LR215008.1	20	589033 	589109 	Ile	GAT	0	0	80.9	
NZ_LR215008.1	21	784853 	784943 	Ser	GCT	0	0	78.8	
NZ_LR215008.1	22	804386 	804310 	Arg	TCT	0	0	72.7	
NZ_LR215008.1	23	662561 	662487 	Asn	GTT	0	0	86.5	
NZ_LR215008.1	24	662482 	662407 	Glu	TTC	0	0	70.8	
NZ_LR215008.1	25	662402 	662327 	Val	TAC	0	0	83.0	
NZ_LR215008.1	26	662325 	662250 	Thr	TGT	0	0	86.7	
NZ_LR215008.1	27	662224 	662140 	Leu	TAG	0	0	64.6	
NZ_LR215008.1	28	327469 	327396 	Gly	TCC	0	0	74.8	
NZ_LR215008.1	29	154911 	154838 	Trp	CCA	0	0	62.3	
NZ_LR215031.1	1	316238 	316322 	Leu	AAG	0	0	73.9	
NZ_LR215031.1	2	362690 	362764 	Sup	TCA	0	0	73.8	
NZ_LR215031.1	3	481940 	481864 	Pro	TGG	0	0	81.5	
NZ_LR215031.1	4	481857 	481781 	Ala	TGC	0	0	81.0	
NZ_LR215031.1	5	481776 	481700 	Met	CAT	0	0	78.8	
NZ_LR215031.1	6	481655 	481580 	Ile2	CAT	0	0	84.6	
NZ_LR215031.1	7	481578 	481488 	Ser	TGA	0	0	74.7	
NZ_LR215031.1	8	481450 	481375 	fMet	CAT	0	0	73.8	
NZ_LR215031.1	9	481371 	481295 	Asp	GTC	0	0	75.8	
NZ_LR215031.1	10	481290 	481215 	Phe	GAA	0	0	78.1	
NZ_LR215031.1	11	416315 	416242 	Trp	CCA	0	0	65.4	
NZ_LR215031.1	12	416182 	416107 	His	GTG	0	0	69.8	
NZ_LR215031.1	13	358264 	358189 	Lys	CTT	0	0	81.9	
NZ_LR215031.1	14	234492 	234416 	Arg	TCT	0	0	75.9	
NZ_LR215031.1	15	155857 	155782 	Thr	GGT	0	0	67.9	
NZ_LR215032.1	1	10942  	11016  	Cys	GCA	0	0	69.4	
NZ_LR215032.1	2	11028  	11104  	Arg	ACG	0	0	74.5	
NZ_LR215032.1	3	161270 	161360 	Ser	GCT	0	0	70.5	
NZ_LR215032.1	4	246683 	246756 	Gly	TCC	0	0	72.2	
NZ_LR215032.1	5	255067 	255140 	Gly	TCC	0	0	72.2	
NZ_LR215032.1	6	335902 	335987 	Leu	TAA	0	0	72.1	
NZ_LR215032.1	7	335994 	336069 	Lys	TTT	0	0	78.9	
NZ_LR215032.1	8	351756 	351673 	Leu	CAA	0	0	70.3	
NZ_LR215032.1	9	334915 	334841 	Asn	GTT	0	0	80.4	
NZ_LR215032.1	10	334835 	334760 	Glu	TTC	0	0	62.2	
NZ_LR215032.1	11	334754 	334679 	Val	TAC	0	0	80.6	
NZ_LR215032.1	12	334677 	334602 	Thr	TGT	0	0	91.8	
NZ_LR215032.1	13	334552 	334469 	Leu	TAG	0	0	66.2	
NZ_LR215032.1	14	315620 	315544 	Ile	GAT	0	0	82.2	
NZ_LR215032.1	15	236097 	236014 	Tyr	GTA	0	0	70.6	
NZ_LR215032.1	16	236010 	235936 	Gln	TTG	0	0	62.6	
NZ_CADDIL010000001.1	1	121874 	121949 	Phe	GAA	0	0	78.4	
NZ_CADDIL010000001.1	2	225002 	224928 	Asn	GTT	0	0	77.0	
NZ_CADDIL010000001.1	3	224903 	224829 	Glu	TTC	0	0	61.2	
NZ_CADDIL010000001.1	4	224772 	224697 	Lys	CTT	0	0	70.6	
NZ_CADDIL010000001.1	5	224692 	224608 	Leu	TAG	0	0	64.6	
NZ_CADDIL010000002.1	1	53018  	53108  	Ser	GCT	0	0	78.1	
NZ_CADDIL010000002.1	2	61969  	62043  	Sup	TCA	0	0	69.9	
NZ_CADDIL010000003.1	1	256239 	256315 	Ile	GAT	0	0	84.5	
NZ_CADDIL010000004.1	1	151301 	151226 	Val	TAC	0	0	85.4	
NZ_CADDIL010000004.1	2	151218 	151142 	Thr	TGT	0	0	82.5	
NZ_CADDIL010000004.1	3	151130 	151046 	Tyr	GTA	0	0	67.9	
NZ_CADDIL010000004.1	4	151035 	150961 	Gln	TTG	0	0	74.8	
NZ_CADDIL010000004.1	5	150944 	150870 	Lys	TTT	0	0	75.6	
NZ_CADDIL010000004.1	6	150863 	150776 	Leu	TAA	0	0	69.1	
NZ_CADDIL010000004.1	7	150714 	150633 	Leu	CAA	0	0	70.6	
NZ_CADDIL010000004.1	8	146781 	146708 	Gly	TCC	0	0	62.1	
NZ_CADDIL010000005.1	1	22638  	22713  	Arg	TCT	0	0	86.4	
NZ_CADDIL010000005.1	2	181411 	181486 	Cys	GCA	0	0	75.6	
NZ_CADDIL010000005.1	3	181594 	181670 	Arg	ACG	0	0	76.4	
NZ_CADDIL010000005.1	4	181672 	181748 	Pro	TGG	0	0	78.8	
NZ_CADDIL010000005.1	5	181760 	181835 	Ala	TGC	0	0	79.2	
NZ_CADDIL010000005.1	6	181868 	181944 	Met	CAT	0	0	62.6	
NZ_CADDIL010000005.1	7	181952 	182028 	Ile2	CAT	0	0	77.6	
NZ_CADDIL010000005.1	8	182042 	182131 	Ser	TGA	0	0	77.6	
NZ_CADDIL010000005.1	9	182152 	182226 	fMet	CAT	0	0	65.9	
NZ_CADDIL010000005.1	10	182228 	182303 	Asp	GTC	0	0	74.1	
NZ_CADDIL010000006.1	1	137852 	137776 	His	GTG	0	0	75.5	
NZ_CALUHA010000002.1	1	62057  	62127  	Gln	TTG	0	0	58.9	
NZ_CALUHA010000003.1	1	20839  	20748  	Ser	GCT	0	0	87.8	
NZ_CALUHA010000004.1	1	35173  	35246  	Arg	ACG	0	0	62.6	
NZ_CALUHA010000004.1	2	94158  	94229  	Arg	CCT	0	0	48.3	
NZ_CALUHA010000004.1	3	90595  	90511  	Ser	TGA	0	0	74.2	
NZ_CALUHA010000004.1	4	51105  	51030  	fMet	CAT	0	0	80.7	
NZ_CALUHA010000005.1	1	70544  	70470  	Arg	CCG	0	0	56.6	
NZ_CALUHA010000006.1	1	32413  	32340  	Arg	TCT	0	0	68.6	
NZ_CALUHA010000006.1	2	72     	1      	Phe	GAA	0	0	59.2	
NZ_CALUHA010000007.1	1	83883  	83810  	Ile2	CAT	0	0	56.8	
NZ_CALUHA010000008.1	1	3617   	3546   	Thr	CGT	0	0	77.7	
NZ_CALUHA010000013.1	1	8195   	8125   	Gln	CTG	0	0	48.1	
NZ_CALUHA010000017.1	1	17653  	17740  	Ser	GGA	0	0	59.7	
NZ_CALUHA010000020.1	1	561    	488    	Asn	GTT	0	0	72.3	
NZ_CALUHA010000020.1	2	238    	164    	Val	TAC	0	0	85.2	
NZ_CALUHA010000020.1	3	74     	1      	Val	TAC	0	0	81.5	
NZ_CALUHA010000021.1	1	77     	1      	Ala	GGC	0	0	78.3	
NZ_CALUHA010000022.1	1	596    	521    	Gly	GCC	0	0	82.0	
NZ_CALUHA010000025.1	1	32914  	32990  	Met	CAT	0	0	84.0	
NZ_CALUHA010000027.1	1	4227   	4139   	Leu	TAA	0	0	65.3	
NZ_CALUHA010000029.1	1	3735   	3663   	Lys	CTT	0	0	64.1	
NZ_CALUHA010000029.1	2	3559   	3484   	Lys	CTT	0	0	71.0	
NZ_CALUHA010000035.1	1	23888  	23817  	Thr	CGT	0	0	77.7	
NZ_CALUHA010000038.1	1	12846  	12919  	Asp	GTC	0	0	74.4	
NZ_CALUHA010000039.1	1	22497  	22571  	Glu	TTC	0	0	55.4	
NZ_CALUHA010000039.1	2	19273  	19199  	Pro	GGG	0	0	55.8	
NZ_CALUHA010000041.1	1	2288   	2363   	His	GTG	0	0	66.1	
NZ_CALUHA010000049.1	1	1307   	1235   	Lys	TTT	0	0	69.1	
NZ_CALUHA010000052.1	1	707    	636    	Thr	GGT	0	0	73.2	
NZ_CALUHA010000054.1	1	8345   	8431   	Leu	CAA	0	0	68.7	
NZ_CALUHA010000060.1	1	297    	227    	Cys	GCA	0	0	59.6	
NZ_OZ026447.1	1	573411 	573487 	His	GTG	0	0	75.5	
NZ_OZ026447.1	2	593374 	593450 	His	GTG	0	0	75.5	
NZ_OZ026447.1	3	623031 	623121 	Ser	GCT	0	0	78.1	
NZ_OZ026447.1	4	632957 	633031 	Sup	TCA	0	0	69.9	
NZ_OZ026447.1	5	655894 	655969 	Cys	GCA	0	0	75.6	
NZ_OZ026447.1	6	656077 	656153 	Arg	ACG	0	0	76.4	
NZ_OZ026447.1	7	656155 	656231 	Pro	TGG	0	0	78.8	
NZ_OZ026447.1	8	656243 	656318 	Ala	TGC	0	0	79.2	
NZ_OZ026447.1	9	656351 	656427 	Met	CAT	0	0	62.6	
NZ_OZ026447.1	10	656435 	656511 	Ile2	CAT	0	0	77.6	
NZ_OZ026447.1	11	656525 	656614 	Ser	TGA	0	0	77.6	
NZ_OZ026447.1	12	656636 	656710 	fMet	CAT	0	0	65.9	
NZ_OZ026447.1	13	656712 	656787 	Asp	GTC	0	0	74.1	
NZ_OZ026447.1	14	682190 	682265 	Phe	GAA	0	0	78.4	
NZ_OZ026447.1	15	1343645	1343720	Arg	TCT	0	0	86.4	
NZ_OZ026447.1	16	1652659	1652584	Val	TAC	0	0	85.4	
NZ_OZ026447.1	17	1652576	1652500	Thr	TGT	0	0	82.5	
NZ_OZ026447.1	18	1652488	1652404	Tyr	GTA	0	0	67.9	
NZ_OZ026447.1	19	1652393	1652319	Gln	TTG	0	0	74.8	
NZ_OZ026447.1	20	1652302	1652228	Lys	TTT	0	0	75.6	
NZ_OZ026447.1	21	1652221	1652134	Leu	TAA	0	0	67.8	
NZ_OZ026447.1	22	1652068	1651987	Leu	CAA	0	0	70.6	
NZ_OZ026447.1	23	1645548	1645475	Gly	TCC	0	0	62.1	
NZ_OZ026447.1	24	1025906	1025832	Asn	GTT	0	0	77.0	
NZ_OZ026447.1	25	1025807	1025733	Glu	TTC	0	0	61.2	
NZ_OZ026447.1	26	1025676	1025601	Lys	CTT	0	0	70.6	
NZ_OZ026447.1	27	1025595	1025511	Leu	TAG	0	0	64.6	
NZ_OZ026447.1	28	27756  	27680  	Ile	GAT	0	0	84.5	
NZ_OZ026449.1	1	76602  	76700  	Undet	NNN	0	0	20.5	
NZ_OZ026449.1	2	97725  	97799  	Asn	GTT	0	0	87.4	
NZ_OZ026449.1	3	97803  	97878  	Glu	TTC	0	0	63.6	
NZ_OZ026449.1	4	97884  	97959  	Val	TAC	0	0	91.4	
NZ_OZ026449.1	5	97965  	98039  	Thr	TGT	0	0	85.2	
NZ_OZ026449.1	6	98084  	98168  	Leu	TAG	0	0	73.7	
NZ_OZ026449.1	7	129044 	129119 	Cys	GCA	0	0	68.2	
NZ_OZ026449.1	8	132897 	132973 	Arg	ACG	0	0	78.1	
NZ_OZ026449.1	9	133021 	133097 	Pro	TGG	0	0	82.8	
NZ_OZ026449.1	10	133105 	133180 	Ala	TGC	0	0	84.1	
NZ_OZ026449.1	11	133186 	133262 	Met	CAT	0	0	82.9	
NZ_OZ026449.1	12	133282 	133358 	Ile2	CAT	0	0	81.9	
NZ_OZ026449.1	13	133406 	133498 	Ser	TGA	0	0	84.5	
NZ_OZ026449.1	14	133511 	133586 	fMet	CAT	0	0	82.1	
NZ_OZ026449.1	15	133589 	133665 	Asp	GTC	0	0	77.5	
NZ_OZ026449.1	16	133671 	133746 	Phe	GAA	0	0	72.9	
NZ_OZ026449.1	17	133750 	133826 	Ile	GAT	0	0	81.0	
NZ_OZ026449.1	18	141293 	141368 	His	GTG	0	0	57.9	
NZ_OZ026449.1	19	169648 	169736 	Ser	GCT	0	0	77.9	
NZ_OZ026449.1	20	364897 	364973 	Arg	TCT	0	0	74.7	
NZ_OZ026449.1	21	401616 	401689 	Gly	TCC	0	0	76.2	
NZ_OZ026449.1	22	663848 	663774 	Sup	TCA	0	0	75.6	
NZ_OZ026449.1	23	663731 	663657 	Trp	CCA	0	0	76.1	
NZ_OZ026449.1	24	501190 	501107 	Tyr	GTA	0	0	63.1	
NZ_OZ026449.1	25	501103 	501029 	Gln	TTG	0	0	63.3	
NZ_OZ026449.1	26	501015 	500940 	Lys	TTT	0	0	81.2	
NZ_OZ026449.1	27	500927 	500839 	Leu	TAA	0	0	69.0	
NZ_OZ026449.1	28	272259 	272175 	Leu	CAA	0	0	70.8	
NZ_OZ026453.1	1	114124 	114199 	Val	TAC	0	0	79.8	
NZ_OZ026453.1	2	114203 	114278 	Thr	TGT	0	0	82.5	
NZ_OZ026453.1	3	114289 	114372 	Tyr	GTA	0	0	73.7	
NZ_OZ026453.1	4	114379 	114453 	Gln	TTG	0	0	69.2	
NZ_OZ026453.1	5	114465 	114540 	Lys	TTT	0	0	79.6	
NZ_OZ026453.1	6	114546 	114634 	Leu	TAA	0	0	65.5	
NZ_OZ026453.1	7	181728 	181804 	Ile	GAT	0	0	85.3	
NZ_OZ026453.1	8	181810 	181885 	Ala	TGC	0	0	80.7	
NZ_OZ026453.1	9	199351 	199440 	Ser	GCT	0	0	84.7	
NZ_OZ026453.1	10	204040 	204115 	Sup	TCA	0	0	76.8	
NZ_OZ026453.1	11	264535 	264611 	Cys	GCA	0	0	65.3	
NZ_OZ026453.1	12	264775 	264851 	Arg	ACG	0	0	77.6	
NZ_OZ026453.1	13	264865 	264941 	Pro	TGG	0	0	81.9	
NZ_OZ026453.1	14	264947 	265023 	Met	CAT	0	0	76.9	
NZ_OZ026453.1	15	313377 	313453 	Ile2	CAT	0	0	88.8	
NZ_OZ026453.1	16	313471 	313563 	Ser	TGA	0	0	74.1	
NZ_OZ026453.1	17	313588 	313664 	fMet	CAT	0	0	79.2	
NZ_OZ026453.1	18	313668 	313743 	Asp	GTC	0	0	73.4	
NZ_OZ026453.1	19	313753 	313828 	Phe	GAA	0	0	78.3	
NZ_OZ026453.1	20	366625 	366701 	Arg	TCT	0	0	80.6	
NZ_OZ026453.1	21	831535 	831478 	Undet	NNN	0	0	22.9	pseudo
NZ_OZ026453.1	22	826031 	825956 	His	GTG	0	0	69.0	
NZ_OZ026453.1	23	641647 	641572 	Asn	GTT	0	0	85.8	
NZ_OZ026453.1	24	641565 	641490 	Glu	TTC	0	0	73.8	
NZ_OZ026453.1	25	625750 	625677 	Gly	TCC	0	0	75.3	
NZ_OZ026453.1	26	608501 	608419 	Leu	CAA	0	0	68.8	
NZ_OZ026453.1	27	570542 	570467 	Thr	GGT	0	0	76.8	
NZ_OZ026453.1	28	570464 	570375 	Ser	GGA	0	0	71.2	
NZ_OZ026453.1	29	129681 	129607 	Trp	CCA	0	0	79.1	
NZ_OZ026453.1	30	65427  	65343  	Leu	TAG	0	0	72.3	
NZ_OZ026450.1	1	225490 	225566 	Ile	GAT	0	0	84.5	
NZ_OZ026450.1	2	821292 	821366 	Asn	GTT	0	0	77.0	
NZ_OZ026450.1	3	821391 	821465 	Glu	TTC	0	0	61.2	
NZ_OZ026450.1	4	821522 	821597 	Lys	CTT	0	0	70.6	
NZ_OZ026450.1	5	821602 	821686 	Leu	TAG	0	0	64.6	
NZ_OZ026450.1	6	1304314	1304238	His	GTG	0	0	75.5	
NZ_OZ026450.1	7	1273164	1273074	Ser	GCT	0	0	78.1	
NZ_OZ026450.1	8	1264271	1264197	Sup	TCA	0	0	69.9	
NZ_OZ026450.1	9	1236103	1236028	Cys	GCA	0	0	75.6	
NZ_OZ026450.1	10	1235920	1235844	Arg	ACG	0	0	76.4	
NZ_OZ026450.1	11	1235842	1235766	Pro	TGG	0	0	78.8	
NZ_OZ026450.1	12	1235752	1235677	Ala	TGC	0	0	79.2	
NZ_OZ026450.1	13	1235642	1235566	Met	CAT	0	0	62.6	
NZ_OZ026450.1	14	1235558	1235482	Ile2	CAT	0	0	77.6	
NZ_OZ026450.1	15	1235468	1235379	Ser	TGA	0	0	77.6	
NZ_OZ026450.1	16	1235357	1235283	fMet	CAT	0	0	65.9	
NZ_OZ026450.1	17	1235281	1235206	Asp	GTC	0	0	77.6	
NZ_OZ026450.1	18	1216974	1216899	Phe	GAA	0	0	78.4	
NZ_OZ026450.1	19	768490 	768415 	Arg	TCT	0	0	86.4	
NZ_OZ026450.1	20	313352 	313277 	Val	TAC	0	0	85.4	
NZ_OZ026450.1	21	313269 	313193 	Thr	TGT	0	0	82.5	
NZ_OZ026450.1	22	313181 	313097 	Tyr	GTA	0	0	67.9	
NZ_OZ026450.1	23	313086 	313012 	Gln	TTG	0	0	74.8	
NZ_OZ026450.1	24	312995 	312921 	Lys	TTT	0	0	75.6	
NZ_OZ026450.1	25	312914 	312827 	Leu	TAA	0	0	67.8	
NZ_OZ026450.1	26	312761 	312680 	Leu	CAA	0	0	70.6	
NZ_OZ026450.1	27	308758 	308685 	Gly	TCC	0	0	62.1	
NZ_OZ026455.1	1	885212 	885288 	Ile	GAT	0	0	84.5	
NZ_OZ026455.1	2	1375858	1375933	Arg	TCT	0	0	86.4	
NZ_OZ026455.1	3	1618145	1618071	Asn	GTT	0	0	77.0	
NZ_OZ026455.1	4	1618046	1617972	Glu	TTC	0	0	61.2	
NZ_OZ026455.1	5	1617915	1617840	Lys	CTT	0	0	69.4	
NZ_OZ026455.1	6	1617835	1617751	Leu	TAG	0	0	64.6	
NZ_OZ026455.1	7	973231 	973156 	Val	TAC	0	0	85.4	
NZ_OZ026455.1	8	973148 	973072 	Thr	TGT	0	0	82.5	
NZ_OZ026455.1	9	973060 	972976 	Tyr	GTA	0	0	67.9	
NZ_OZ026455.1	10	972965 	972891 	Gln	TTG	0	0	74.8	
NZ_OZ026455.1	11	972874 	972800 	Lys	TTT	0	0	75.6	
NZ_OZ026455.1	12	972793 	972706 	Leu	TAA	0	0	67.8	
NZ_OZ026455.1	13	972640 	972559 	Leu	CAA	0	0	70.6	
NZ_OZ026455.1	14	968644 	968571 	Gly	TCC	0	0	62.1	
NZ_OZ026455.1	15	413452 	413376 	His	GTG	0	0	75.5	
NZ_OZ026455.1	16	388075 	387985 	Ser	GCT	0	0	78.1	
NZ_OZ026455.1	17	379181 	379107 	Sup	TCA	0	0	69.9	
NZ_OZ026455.1	18	365865 	365790 	Cys	GCA	0	0	75.6	
NZ_OZ026455.1	19	365682 	365606 	Arg	ACG	0	0	76.4	
NZ_OZ026455.1	20	365604 	365528 	Pro	TGG	0	0	78.8	
NZ_OZ026455.1	21	365516 	365441 	Ala	TGC	0	0	79.2	
NZ_OZ026455.1	22	365408 	365332 	Met	CAT	0	0	62.6	
NZ_OZ026455.1	23	365324 	365248 	Ile2	CAT	0	0	77.6	
NZ_OZ026455.1	24	365234 	365145 	Ser	TGA	0	0	77.6	
NZ_OZ026455.1	25	365123 	365049 	fMet	CAT	0	0	65.9	
NZ_OZ026455.1	26	365047 	364972 	Asp	GTC	0	0	74.1	
NZ_OZ026455.1	27	350727 	350652 	Phe	GAA	0	0	78.4	
NZ_OZ026456.1	1	527395 	527479 	Leu	CAA	0	0	66.2	
NZ_OZ026456.1	2	940757 	940832 	His	GTG	0	0	62.6	
NZ_OZ026456.1	3	1130924	1131000	Ile	GAT	0	0	82.8	
NZ_OZ026456.1	4	1131017	1131092	Ala	TGC	0	0	83.8	
NZ_OZ026456.1	5	1401529	1401605	Arg	TCT	0	0	74.7	
NZ_OZ026456.1	6	1430208	1430283	Thr	TGT	0	0	82.5	
NZ_OZ026456.1	7	1430289	1430372	Tyr	GTA	0	0	70.7	
NZ_OZ026456.1	8	1430388	1430462	Gln	TTG	0	0	71.5	
NZ_OZ026456.1	9	1430470	1430545	Lys	TTT	0	0	71.6	
NZ_OZ026456.1	10	1430562	1430648	Leu	TAA	0	0	71.0	
NZ_OZ026456.1	11	1430726	1430799	Gly	TCC	0	0	76.2	
NZ_OZ026456.1	12	689742 	689652 	Ser	GCT	0	0	87.4	
NZ_OZ026456.1	13	668280 	668205 	Sup	TCA	0	0	75.0	
NZ_OZ026456.1	14	668110 	668036 	Trp	CCA	0	0	73.5	
NZ_OZ026456.1	15	668022 	667930 	Ser	CGA	0	0	75.0	
NZ_OZ026456.1	16	593725 	593650 	Asn	GTT	0	0	82.6	
NZ_OZ026456.1	17	593615 	593540 	Glu	TTC	0	0	69.2	
NZ_OZ026456.1	18	593535 	593460 	Val	TAC	0	0	82.9	
NZ_OZ026456.1	19	593444 	593369 	Thr	TGT	0	0	80.7	
NZ_OZ026456.1	20	593360 	593285 	Lys	TTT	0	0	71.6	
NZ_OZ026456.1	21	593266 	593182 	Leu	TAG	0	0	70.4	
NZ_OZ026456.1	22	513524 	513449 	Cys	GCA	0	0	67.4	
NZ_OZ026456.1	23	513410 	513334 	Arg	ACG	0	0	79.0	
NZ_OZ026456.1	24	513310 	513234 	Pro	TGG	0	0	79.2	
NZ_OZ026456.1	25	513218 	513143 	Ala	TGC	0	0	83.8	
NZ_OZ026456.1	26	513108 	513032 	Met	CAT	0	0	73.2	
NZ_OZ026456.1	27	513030 	512954 	Ile2	CAT	0	0	87.9	
NZ_OZ026456.1	28	512922 	512830 	Ser	TGA	0	0	83.8	
NZ_OZ026456.1	29	512773 	512698 	fMet	CAT	0	0	75.5	
NZ_OZ026456.1	30	512695 	512620 	Asp	GTC	0	0	72.3	
NZ_OZ026456.1	31	512614 	512539 	Phe	GAA	0	0	75.4	
NZ_OZ026458.1	1	79550  	79648  	Undet	NNN	0	0	27.7	pseudo
NZ_OZ026458.1	2	134323 	134398 	Asn	GTT	0	0	89.6	
NZ_OZ026458.1	3	134406 	134481 	Glu	TTC	0	0	63.5	
NZ_OZ026458.1	4	134503 	134578 	Val	TAC	0	0	82.8	
NZ_OZ026458.1	5	134587 	134662 	Thr	TGT	0	0	84.5	
NZ_OZ026458.1	6	135178 	135253 	Lys	TTT	0	0	76.8	
NZ_OZ026458.1	7	135259 	135343 	Leu	TAG	0	0	73.7	
NZ_OZ026458.1	8	145445 	145519 	Cys	GCA	0	0	64.7	
NZ_OZ026458.1	9	145683 	145759 	Arg	ACG	0	0	77.4	
NZ_OZ026458.1	10	145803 	145879 	Pro	TGG	0	0	83.1	
NZ_OZ026458.1	11	145904 	145979 	Ala	TGC	0	0	83.8	
NZ_OZ026458.1	12	145985 	146061 	Met	CAT	0	0	78.9	
NZ_OZ026458.1	13	146086 	146162 	Ile2	CAT	0	0	87.8	
NZ_OZ026458.1	14	146206 	146298 	Ser	TGA	0	0	84.5	
NZ_OZ026458.1	15	146306 	146381 	fMet	CAT	0	0	82.8	
NZ_OZ026458.1	16	146385 	146461 	Asp	GTC	0	0	79.8	
NZ_OZ026458.1	17	146467 	146542 	Phe	GAA	0	0	73.2	
NZ_OZ026458.1	18	146654 	146730 	Ile	GAT	0	0	75.5	
NZ_OZ026458.1	19	181503 	181593 	Ser	GCT	0	0	84.7	
NZ_OZ026458.1	20	300043 	300119 	Arg	TCT	0	0	76.4	
NZ_OZ026458.1	21	369609 	369682 	Gly	TCC	0	0	76.2	
NZ_OZ026458.1	22	792763 	792845 	Leu	CAA	0	0	68.3	
NZ_OZ026458.1	23	842984 	842909 	His	GTG	0	0	68.4	
NZ_OZ026458.1	24	840438 	840363 	Sup	TCA	0	0	81.5	
NZ_OZ026458.1	25	840324 	840249 	Trp	CCA	0	0	77.7	
NZ_OZ026458.1	26	696048 	695973 	Thr	AGT	0	0	88.8	
NZ_OZ026458.1	27	695959 	695876 	Tyr	GTA	0	0	67.6	
NZ_OZ026458.1	28	695870 	695796 	Gln	TTG	0	0	68.2	
NZ_OZ026458.1	29	695786 	695711 	Lys	TTT	0	0	76.8	
NZ_OZ026458.1	30	695696 	695608 	Leu	TAA	0	0	69.2	
NZ_OZ026459.1	1	84598  	84699  	Undet	NNN	0	0	24.3	pseudo
NZ_OZ026459.1	2	158096 	158171 	Asn	GTT	0	0	89.6	
NZ_OZ026459.1	3	158179 	158254 	Glu	TTC	0	0	61.6	
NZ_OZ026459.1	4	158272 	158347 	Val	TAC	0	0	82.8	
NZ_OZ026459.1	5	158358 	158433 	Thr	TGT	0	0	84.5	
NZ_OZ026459.1	6	158951 	159026 	Lys	TTT	0	0	76.8	
NZ_OZ026459.1	7	159032 	159116 	Leu	TAG	0	0	73.7	
NZ_OZ026459.1	8	171007 	171081 	Cys	GCA	0	0	64.7	
NZ_OZ026459.1	9	171249 	171325 	Arg	ACG	0	0	77.4	
NZ_OZ026459.1	10	171367 	171443 	Pro	TGG	0	0	83.1	
NZ_OZ026459.1	11	171470 	171545 	Ala	TGC	0	0	85.0	
NZ_OZ026459.1	12	171551 	171627 	Met	CAT	0	0	79.8	
NZ_OZ026459.1	13	171653 	171729 	Ile2	CAT	0	0	87.8	
NZ_OZ026459.1	14	171774 	171866 	Ser	TGA	0	0	84.5	
NZ_OZ026459.1	15	171874 	171949 	fMet	CAT	0	0	84.8	
NZ_OZ026459.1	16	171955 	172031 	Asp	GTC	0	0	79.8	
NZ_OZ026459.1	17	172037 	172112 	Phe	GAA	0	0	74.3	
NZ_OZ026459.1	18	172227 	172303 	Ile	GAT	0	0	76.5	
NZ_OZ026459.1	19	217903 	217993 	Ser	GCT	0	0	85.1	
NZ_OZ026459.1	20	359147 	359223 	Arg	TCT	0	0	76.4	
NZ_OZ026459.1	21	452559 	452632 	Gly	TCC	0	0	76.2	
NZ_OZ026459.1	22	1054497	1054579	Leu	CAA	0	0	68.3	
NZ_OZ026459.1	23	1105016	1104941	His	GTG	0	0	63.8	
NZ_OZ026459.1	24	1102465	1102390	Sup	TCA	0	0	82.6	
NZ_OZ026459.1	25	1102337	1102262	Trp	CCA	0	0	79.3	
NZ_OZ026459.1	26	939565 	939490 	Thr	AGT	0	0	85.7	
NZ_OZ026459.1	27	939467 	939384 	Tyr	GTA	0	0	68.4	
NZ_OZ026459.1	28	939378 	939304 	Gln	TTG	0	0	68.2	
NZ_OZ026459.1	29	939285 	939210 	Lys	TTT	0	0	76.8	
NZ_OZ026459.1	30	939191 	939103 	Leu	TAA	0	0	74.2	
NZ_OZ026460.1	1	121039 	121115 	His	GTG	0	0	75.5	
NZ_OZ026460.1	2	230997 	231072 	Val	TAC	0	0	85.4	
NZ_OZ026460.1	3	231080 	231156 	Thr	TGT	0	0	82.5	
NZ_OZ026460.1	4	231168 	231252 	Tyr	GTA	0	0	67.9	
NZ_OZ026460.1	5	231263 	231337 	Gln	TTG	0	0	74.8	
NZ_OZ026460.1	6	231354 	231428 	Lys	TTT	0	0	75.6	
NZ_OZ026460.1	7	231435 	231522 	Leu	TAA	0	0	67.8	
NZ_OZ026460.1	8	231588 	231669 	Leu	CAA	0	0	70.6	
NZ_OZ026460.1	9	235582 	235655 	Gly	TCC	0	0	62.1	
NZ_OZ026460.1	10	594368 	594442 	Asn	GTT	0	0	77.0	
NZ_OZ026460.1	11	594467 	594541 	Glu	TTC	0	0	61.2	
NZ_OZ026460.1	12	594598 	594673 	Lys	CTT	0	0	70.6	
NZ_OZ026460.1	13	594678 	594762 	Leu	TAG	0	0	64.6	
NZ_OZ026460.1	14	621820 	621895 	Arg	TCT	0	0	86.4	
NZ_OZ026460.1	15	1255514	1255424	Ser	GCT	0	0	78.1	
NZ_OZ026460.1	16	1245400	1245326	Sup	TCA	0	0	69.9	
NZ_OZ026460.1	17	1232848	1232773	Cys	GCA	0	0	75.6	
NZ_OZ026460.1	18	1232665	1232589	Arg	ACG	0	0	76.4	
NZ_OZ026460.1	19	1232587	1232511	Pro	TGG	0	0	78.8	
NZ_OZ026460.1	20	1232497	1232422	Ala	TGC	0	0	79.2	
NZ_OZ026460.1	21	1232387	1232311	Met	CAT	0	0	62.6	
NZ_OZ026460.1	22	1232303	1232227	Ile2	CAT	0	0	77.6	
NZ_OZ026460.1	23	1232213	1232124	Ser	TGA	0	0	77.6	
NZ_OZ026460.1	24	1232102	1232028	fMet	CAT	0	0	65.9	
NZ_OZ026460.1	25	1232026	1231951	Asp	GTC	0	0	74.1	
NZ_OZ026460.1	26	1214965	1214890	Phe	GAA	0	0	78.4	
NZ_OZ026460.1	27	328500 	328424 	Ile	GAT	0	0	84.5	
NZ_OZ026463.1	1	105090 	105164 	Trp	CCA	0	0	77.2	
NZ_OZ026463.1	2	331538 	331614 	Ile	GAT	0	0	85.3	
NZ_OZ026463.1	3	331620 	331695 	Ala	TGC	0	0	80.7	
NZ_OZ026463.1	4	463934 	464007 	Gly	TCC	0	0	74.0	
NZ_OZ026463.1	5	728271 	728346 	His	GTG	0	0	69.0	
NZ_OZ026463.1	6	865961 	866037 	Ile2	CAT	0	0	88.8	
NZ_OZ026463.1	7	866055 	866147 	Ser	TGA	0	0	74.1	
NZ_OZ026463.1	8	866172 	866248 	fMet	CAT	0	0	79.2	
NZ_OZ026463.1	9	866252 	866327 	Asp	GTC	0	0	73.4	
NZ_OZ026463.1	10	866337 	866412 	Phe	GAA	0	0	79.2	
NZ_OZ026463.1	11	1309405	1309494	Ser	GCT	0	0	84.7	
NZ_OZ026463.1	12	1298265	1298190	Sup	TCA	0	0	69.0	
NZ_OZ026463.1	13	1019462	1019386	Arg	TCT	0	0	80.6	
NZ_OZ026463.1	14	941998 	941916 	Leu	CAA	0	0	64.4	
NZ_OZ026463.1	15	735763 	735706 	Undet	NNN	0	0	22.9	pseudo
NZ_OZ026463.1	16	627694 	627619 	Val	TAC	0	0	79.8	
NZ_OZ026463.1	17	627615 	627540 	Thr	TGT	0	0	83.9	
NZ_OZ026463.1	18	627529 	627446 	Tyr	GTA	0	0	76.7	
NZ_OZ026463.1	19	627439 	627365 	Gln	TTG	0	0	69.2	
NZ_OZ026463.1	20	627354 	627279 	Lys	TTT	0	0	77.8	
NZ_OZ026463.1	21	627273 	627184 	Leu	TAA	0	0	59.1	
NZ_OZ026463.1	22	578774 	578699 	Asn	GTT	0	0	84.7	
NZ_OZ026463.1	23	578692 	578617 	Glu	TTC	0	0	73.8	
NZ_OZ026463.1	24	570666 	570582 	Leu	TAG	0	0	72.3	
NZ_OZ026463.1	25	556258 	556182 	Thr	GGT	0	0	73.1	
NZ_OZ026463.1	26	556179 	556090 	Ser	GGA	0	0	72.2	
NZ_OZ026463.1	27	181995 	181919 	Cys	GCA	0	0	65.3	
NZ_OZ026463.1	28	181755 	181679 	Arg	ACG	0	0	77.6	
NZ_OZ026463.1	29	181665 	181589 	Pro	TGG	0	0	81.9	
NZ_OZ026463.1	30	181583 	181507 	Met	CAT	0	0	76.9	
NZ_OZ026464.1	1	244237 	244313 	Ile	GAT	0	0	84.5	
NZ_OZ026464.1	2	786895 	786969 	Asn	GTT	0	0	77.0	
NZ_OZ026464.1	3	786994 	787068 	Glu	TTC	0	0	61.2	
NZ_OZ026464.1	4	787125 	787200 	Lys	CTT	0	0	65.6	
NZ_OZ026464.1	5	787205 	787289 	Leu	TAG	0	0	64.6	
NZ_OZ026464.1	6	1319590	1319514	His	GTG	0	0	75.5	
NZ_OZ026464.1	7	1255784	1255694	Ser	GCT	0	0	78.1	
NZ_OZ026464.1	8	1246890	1246816	Sup	TCA	0	0	69.9	
NZ_OZ026464.1	9	1233126	1233051	Cys	GCA	0	0	75.6	
NZ_OZ026464.1	10	1232925	1232849	Arg	ACG	0	0	76.4	
NZ_OZ026464.1	11	1232847	1232771	Pro	TGG	0	0	78.8	
NZ_OZ026464.1	12	1232757	1232682	Ala	TGC	0	0	79.2	
NZ_OZ026464.1	13	1232647	1232571	Met	CAT	0	0	62.6	
NZ_OZ026464.1	14	1232563	1232487	Ile2	CAT	0	0	77.6	
NZ_OZ026464.1	15	1232473	1232384	Ser	TGA	0	0	77.6	
NZ_OZ026464.1	16	1232362	1232288	fMet	CAT	0	0	65.9	
NZ_OZ026464.1	17	1232286	1232211	Asp	GTC	0	0	74.1	
NZ_OZ026464.1	18	1217181	1217106	Phe	GAA	0	0	78.4	
NZ_OZ026464.1	19	817938 	817863 	Arg	TCT	0	0	86.4	
NZ_OZ026464.1	20	329014 	328939 	Val	TAC	0	0	85.4	
NZ_OZ026464.1	21	328931 	328855 	Thr	TGT	0	0	82.5	
NZ_OZ026464.1	22	328843 	328759 	Tyr	GTA	0	0	67.9	
NZ_OZ026464.1	23	328748 	328674 	Gln	TTG	0	0	74.8	
NZ_OZ026464.1	24	328657 	328583 	Lys	TTT	0	0	75.6	
NZ_OZ026464.1	25	328576 	328489 	Leu	TAA	0	0	67.8	
NZ_OZ026464.1	26	328423 	328342 	Leu	CAA	0	0	70.6	
NZ_OZ026464.1	27	324449 	324376 	Gly	TCC	0	0	62.1	
NZ_OZ026469.1	1	144105 	144189 	Leu	CAA	0	0	70.1	
NZ_OZ026469.1	2	288632 	288707 	Cys	GCA	0	0	68.5	
NZ_OZ026469.1	3	288748 	288824 	Arg	ACG	0	0	74.4	
NZ_OZ026469.1	4	288848 	288924 	Pro	TGG	0	0	81.1	
NZ_OZ026469.1	5	288942 	289017 	Ala	TGC	0	0	83.8	
NZ_OZ026469.1	6	289049 	289125 	Met	CAT	0	0	73.2	
NZ_OZ026469.1	7	289127 	289203 	Ile2	CAT	0	0	81.1	
NZ_OZ026469.1	8	289245 	289337 	Ser	TGA	0	0	82.8	
NZ_OZ026469.1	9	289389 	289463 	fMet	CAT	0	0	78.6	
NZ_OZ026469.1	10	289466 	289541 	Asp	GTC	0	0	71.3	
NZ_OZ026469.1	11	289547 	289622 	Phe	GAA	0	0	75.1	
NZ_OZ026469.1	12	403724 	403799 	Sup	TCA	0	0	75.0	
NZ_OZ026469.1	13	403881 	403955 	Trp	CCA	0	0	67.8	
NZ_OZ026469.1	14	403966 	404058 	Ser	CGA	0	0	73.8	
NZ_OZ026469.1	15	790388 	790464 	Ile	GAT	0	0	82.8	
NZ_OZ026469.1	16	790482 	790557 	Ala	TGC	0	0	83.8	
NZ_OZ026469.1	17	825713 	825803 	Ser	GCT	0	0	89.4	
NZ_OZ026469.1	18	825441 	825366 	His	GTG	0	0	64.6	
NZ_OZ026469.1	19	813269 	813193 	Arg	TCT	0	0	77.0	
NZ_OZ026469.1	20	378480 	378414 	Undet	NNN	0	0	23.9	pseudo
NZ_OZ026469.1	21	376042 	375967 	Val	TAC	0	0	83.4	
NZ_OZ026469.1	22	375958 	375883 	Thr	TGT	0	0	79.6	
NZ_OZ026469.1	23	375877 	375794 	Tyr	GTA	0	0	70.7	
NZ_OZ026469.1	24	375777 	375703 	Gln	TTG	0	0	74.2	
NZ_OZ026469.1	25	375698 	375623 	Lys	TTT	0	0	71.6	
NZ_OZ026469.1	26	375604 	375518 	Leu	TAA	0	0	67.0	
NZ_OZ026469.1	27	375442 	375369 	Gly	TCC	0	0	76.2	
NZ_OZ026469.1	28	352244 	352169 	Asn	GTT	0	0	84.0	
NZ_OZ026469.1	29	352138 	352063 	Glu	TTC	0	0	69.8	
NZ_OZ026469.1	30	352058 	351983 	Val	TAC	0	0	83.4	
NZ_OZ026469.1	31	351966 	351894 	Thr	TGT	0	0	62.6	
NZ_OZ026469.1	32	351884 	351812 	Lys	CTT	0	0	27.8	
NZ_OZ026469.1	33	351793 	351709 	Leu	TAG	0	0	64.2	
NZ_OZ026461.1	1	139682 	139757 	Asn	GTT	0	0	84.1	
NZ_OZ026461.1	2	139774 	139849 	Glu	TTC	0	0	66.9	
NZ_OZ026461.1	3	139863 	139938 	Val	TAC	0	0	79.9	
NZ_OZ026461.1	4	139957 	140032 	Thr	TGT	0	0	84.5	
NZ_OZ026461.1	5	141246 	141321 	Lys	TTT	0	0	82.5	
NZ_OZ026461.1	6	141326 	141410 	Leu	TAG	0	0	73.7	
NZ_OZ026461.1	7	151821 	151895 	Cys	GCA	0	0	65.0	
NZ_OZ026461.1	8	152075 	152151 	Arg	ACG	0	0	78.9	
NZ_OZ026461.1	9	152203 	152279 	Pro	TGG	0	0	82.2	
NZ_OZ026461.1	10	152299 	152374 	Ala	TGC	0	0	82.2	
NZ_OZ026461.1	11	152390 	152466 	Met	CAT	0	0	72.8	
NZ_OZ026461.1	12	152478 	152554 	Ile2	CAT	0	0	85.3	
NZ_OZ026461.1	13	152606 	152698 	Ser	TGA	0	0	84.5	
NZ_OZ026461.1	14	152715 	152790 	fMet	CAT	0	0	86.3	
NZ_OZ026461.1	15	152793 	152869 	Asp	GTC	0	0	77.5	
NZ_OZ026461.1	16	152876 	152951 	Phe	GAA	0	0	72.4	
NZ_OZ026461.1	17	160557 	160647 	Ser	GCT	0	0	84.7	
NZ_OZ026461.1	18	363588 	363664 	Ile	GAT	0	0	77.2	
NZ_OZ026461.1	19	379929 	380005 	Arg	TCT	0	0	76.4	
NZ_OZ026461.1	20	430258 	430345 	Ser	CGA	0	0	67.6	
NZ_OZ026461.1	21	708293 	708377 	Leu	CAA	0	0	72.8	
NZ_OZ026461.1	22	765899 	765824 	His	GTG	0	0	63.0	
NZ_OZ026461.1	23	763073 	762998 	Sup	TCA	0	0	85.4	
NZ_OZ026461.1	24	762958 	762883 	Trp	CCA	0	0	85.3	
NZ_OZ026461.1	25	617446 	617371 	Thr	AGT	0	0	86.1	
NZ_OZ026461.1	26	617362 	617279 	Tyr	GTA	0	0	74.8	
NZ_OZ026461.1	27	617274 	617200 	Gln	TTG	0	0	68.3	
NZ_OZ026461.1	28	617194 	617119 	Lys	TTT	0	0	82.5	
NZ_OZ026461.1	29	617087 	616999 	Leu	TAA	0	0	75.0	
NZ_OZ026461.1	30	589184 	589111 	Gly	TCC	0	0	76.2	
NZ_OZ026465.1	1	62309  	62397  	Ser	GCT	0	0	76.2	
NZ_OZ026465.1	2	73019  	73094  	Thr	CGT	0	0	72.3	
NZ_OZ026465.1	3	159811 	159902 	Undet	NNN	0	0	20.3	pseudo
NZ_OZ026465.1	4	224019 	224094 	Asn	GTT	0	0	84.5	
NZ_OZ026465.1	5	224106 	224181 	Glu	TTC	0	0	64.0	
NZ_OZ026465.1	6	224191 	224266 	Val	TAC	0	0	88.9	
NZ_OZ026465.1	7	224281 	224356 	Thr	TGT	0	0	84.5	
NZ_OZ026465.1	8	241363 	241438 	Lys	TTT	0	0	82.5	
NZ_OZ026465.1	9	241445 	241529 	Leu	TAG	0	0	73.5	
NZ_OZ026465.1	10	262061 	262135 	Cys	GCA	0	0	68.2	
NZ_OZ026465.1	11	307844 	307918 	Arg	CCT	0	0	69.6	
NZ_OZ026465.1	12	364785 	364861 	Arg	TCT	0	0	76.4	
NZ_OZ026465.1	13	415454 	415541 	Ser	CGA	0	0	69.0	
NZ_OZ026465.1	14	488867 	488940 	Gly	TCC	0	0	76.2	
NZ_OZ026465.1	15	826013 	826097 	Leu	CAA	0	0	74.6	
NZ_OZ026465.1	16	921845 	921920 	His	GTG	0	0	63.5	
NZ_OZ026465.1	17	873779 	873704 	Sup	TCA	0	0	83.2	
NZ_OZ026465.1	18	873667 	873592 	Trp	CCA	0	0	83.1	
NZ_OZ026465.1	19	825878 	825802 	Arg	ACG	0	0	78.9	
NZ_OZ026465.1	20	825764 	825688 	Pro	TGG	0	0	84.1	
NZ_OZ026465.1	21	825677 	825602 	Ala	TGC	0	0	81.5	
NZ_OZ026465.1	22	825586 	825510 	Met	CAT	0	0	75.5	
NZ_OZ026465.1	23	825490 	825413 	Ile2	CAT	0	0	82.1	
NZ_OZ026465.1	24	825346 	825254 	Ser	TGA	0	0	85.5	
NZ_OZ026465.1	25	825241 	825166 	fMet	CAT	0	0	83.1	
NZ_OZ026465.1	26	825164 	825088 	Asp	GTC	0	0	73.6	
NZ_OZ026465.1	27	825084 	825009 	Phe	GAA	0	0	72.0	
NZ_OZ026465.1	28	824942 	824866 	Arg	CCG	0	0	63.3	
NZ_OZ026465.1	29	765070 	764994 	Ile	GAT	0	0	75.9	
NZ_OZ026465.1	30	657510 	657435 	Thr	AGT	0	0	86.2	
NZ_OZ026465.1	31	657410 	657327 	Tyr	GTA	0	0	71.5	
NZ_OZ026465.1	32	655820 	655746 	Gln	TTG	0	0	68.2	
NZ_OZ026465.1	33	655741 	655666 	Lys	TTT	0	0	82.5	
NZ_OZ026465.1	34	655643 	655555 	Leu	TAA	0	0	73.8	
NZ_OZ026470.1	1	130291 	130366 	Thr	AGT	0	0	85.7	
NZ_OZ026470.1	2	130389 	130472 	Tyr	GTA	0	0	68.4	
NZ_OZ026470.1	3	130478 	130552 	Gln	TTG	0	0	68.2	
NZ_OZ026470.1	4	130571 	130646 	Lys	TTT	0	0	76.8	
NZ_OZ026470.1	5	130665 	130753 	Leu	TAA	0	0	74.2	
NZ_OZ026470.1	6	1208974	1209049	His	GTG	0	0	63.8	
NZ_OZ026470.1	7	1211525	1211600	Sup	TCA	0	0	81.5	
NZ_OZ026470.1	8	1211652	1211727	Trp	CCA	0	0	78.3	
NZ_OZ026470.1	9	979075 	978974 	Undet	NNN	0	0	27.1	pseudo
NZ_OZ026470.1	10	918179 	918104 	Asn	GTT	0	0	89.6	
NZ_OZ026470.1	11	918096 	918021 	Glu	TTC	0	0	63.5	
NZ_OZ026470.1	12	918002 	917927 	Val	TAC	0	0	82.8	
NZ_OZ026470.1	13	917916 	917841 	Thr	TGT	0	0	84.5	
NZ_OZ026470.1	14	917323 	917248 	Lys	TTT	0	0	76.8	
NZ_OZ026470.1	15	917242 	917158 	Leu	TAG	0	0	73.7	
NZ_OZ026470.1	16	898995 	898921 	Cys	GCA	0	0	64.7	
NZ_OZ026470.1	17	898753 	898677 	Arg	ACG	0	0	77.4	
NZ_OZ026470.1	18	898635 	898559 	Pro	TGG	0	0	83.1	
NZ_OZ026470.1	19	898532 	898457 	Ala	TGC	0	0	85.0	
NZ_OZ026470.1	20	898451 	898375 	Met	CAT	0	0	79.8	
NZ_OZ026470.1	21	898349 	898273 	Ile2	CAT	0	0	87.8	
NZ_OZ026470.1	22	898227 	898135 	Ser	TGA	0	0	84.5	
NZ_OZ026470.1	23	898127 	898052 	fMet	CAT	0	0	84.8	
NZ_OZ026470.1	24	898046 	897970 	Asp	GTC	0	0	79.8	
NZ_OZ026470.1	25	897964 	897889 	Phe	GAA	0	0	74.3	
NZ_OZ026470.1	26	897774 	897698 	Ile	GAT	0	0	75.5	
NZ_OZ026470.1	27	860382 	860292 	Ser	GCT	0	0	85.1	
NZ_OZ026470.1	28	722082 	722006 	Arg	TCT	0	0	76.4	
NZ_OZ026470.1	29	638716 	638643 	Gly	TCC	0	0	76.2	
NZ_OZ026470.1	30	21513  	21431  	Leu	CAA	0	0	68.3	
NZ_OZ026473.1	1	123817 	123893 	His	GTG	0	0	75.5	
NZ_OZ026473.1	2	170445 	170535 	Ser	GCT	0	0	78.1	
NZ_OZ026473.1	3	179341 	179415 	Sup	TCA	0	0	69.9	
NZ_OZ026473.1	4	194366 	194441 	Cys	GCA	0	0	75.6	
NZ_OZ026473.1	5	194549 	194625 	Arg	ACG	0	0	76.4	
NZ_OZ026473.1	6	194627 	194703 	Pro	TGG	0	0	78.8	
NZ_OZ026473.1	7	194717 	194792 	Ala	TGC	0	0	79.2	
NZ_OZ026473.1	8	194827 	194903 	Met	CAT	0	0	62.6	
NZ_OZ026473.1	9	194911 	194987 	Ile2	CAT	0	0	77.6	
NZ_OZ026473.1	10	195001 	195090 	Ser	TGA	0	0	77.6	
NZ_OZ026473.1	11	195112 	195186 	fMet	CAT	0	0	65.9	
NZ_OZ026473.1	12	195188 	195263 	Asp	GTC	0	0	73.2	
NZ_OZ026473.1	13	217001 	217076 	Phe	GAA	0	0	77.5	
NZ_OZ026473.1	14	350144 	350219 	Val	TAC	0	0	85.4	
NZ_OZ026473.1	15	350227 	350303 	Thr	TGT	0	0	82.5	
NZ_OZ026473.1	16	350315 	350399 	Tyr	GTA	0	0	67.9	
NZ_OZ026473.1	17	350410 	350484 	Gln	TTG	0	0	74.8	
NZ_OZ026473.1	18	350501 	350575 	Lys	TTT	0	0	75.6	
NZ_OZ026473.1	19	350582 	350669 	Leu	TAA	0	0	67.3	
NZ_OZ026473.1	20	350735 	350816 	Leu	CAA	0	0	70.6	
NZ_OZ026473.1	21	354728 	354801 	Gly	TCC	0	0	62.1	
NZ_OZ026473.1	22	676441 	676516 	Arg	TCT	0	0	86.4	
NZ_OZ026473.1	23	921329 	921405 	Ile	GAT	0	0	84.5	
NZ_OZ026473.1	24	888414 	888340 	Asn	GTT	0	0	77.0	
NZ_OZ026473.1	25	888315 	888241 	Glu	TTC	0	0	61.2	
NZ_OZ026473.1	26	888184 	888109 	Lys	CTT	0	0	70.6	
NZ_OZ026473.1	27	888104 	888020 	Leu	TAG	0	0	64.6	
NZ_OZ026474.1	1	80590  	80647  	Undet	NNN	0	0	23.5	
NZ_OZ026474.1	2	148596 	148671 	Asn	GTT	0	0	88.4	
NZ_OZ026474.1	3	148678 	148753 	Glu	TTC	0	0	63.5	
NZ_OZ026474.1	4	148776 	148851 	Val	TAC	0	0	82.8	
NZ_OZ026474.1	5	148859 	148934 	Thr	TGT	0	0	84.5	
NZ_OZ026474.1	6	149073 	149148 	Lys	TTT	0	0	76.8	
NZ_OZ026474.1	7	149154 	149238 	Leu	TAG	0	0	73.7	
NZ_OZ026474.1	8	161737 	161811 	Cys	GCA	0	0	64.7	
NZ_OZ026474.1	9	161975 	162051 	Arg	ACG	0	0	77.4	
NZ_OZ026474.1	10	162095 	162171 	Pro	TGG	0	0	81.1	
NZ_OZ026474.1	11	162196 	162271 	Ala	TGC	0	0	83.8	
NZ_OZ026474.1	12	162277 	162353 	Met	CAT	0	0	79.8	
NZ_OZ026474.1	13	162380 	162456 	Ile2	CAT	0	0	87.8	
NZ_OZ026474.1	14	162500 	162592 	Ser	TGA	0	0	84.5	
NZ_OZ026474.1	15	162600 	162675 	fMet	CAT	0	0	82.8	
NZ_OZ026474.1	16	162679 	162755 	Asp	GTC	0	0	79.8	
NZ_OZ026474.1	17	162761 	162836 	Phe	GAA	0	0	74.3	
NZ_OZ026474.1	18	162947 	163023 	Ile	GAT	0	0	76.5	
NZ_OZ026474.1	19	201440 	201530 	Ser	GCT	0	0	84.7	
NZ_OZ026474.1	20	376233 	376309 	Arg	TCT	0	0	76.4	
NZ_OZ026474.1	21	439882 	439955 	Gly	TCC	0	0	76.2	
NZ_OZ026474.1	22	877572 	877654 	Leu	CAA	0	0	68.3	
NZ_OZ026474.1	23	928824 	928749 	His	GTG	0	0	64.4	
NZ_OZ026474.1	24	926275 	926200 	Sup	TCA	0	0	81.5	
NZ_OZ026474.1	25	926162 	926087 	Trp	CCA	0	0	78.0	
NZ_OZ026474.1	26	768852 	768779 	Thr	AGT	0	0	74.3	
NZ_OZ026474.1	27	768764 	768681 	Tyr	GTA	0	0	67.6	
NZ_OZ026474.1	28	768675 	768601 	Gln	TTG	0	0	68.2	
NZ_OZ026474.1	29	768586 	768511 	Lys	TTT	0	0	76.8	
NZ_OZ026474.1	30	768497 	768409 	Leu	TAA	0	0	69.7	
NZ_OZ026475.1	1	103573 	103630 	Leu	CAA	0	0	24.8	
NZ_OZ026475.1	2	133960 	134035 	Asn	GTT	0	0	82.3	
NZ_OZ026475.1	3	134043 	134118 	Glu	TTC	0	0	66.4	
NZ_OZ026475.1	4	134129 	134204 	Val	TAC	0	0	80.3	
NZ_OZ026475.1	5	134213 	134287 	Thr	TGT	0	0	85.2	
NZ_OZ026475.1	6	134370 	134453 	Leu	TAG	0	0	72.3	
NZ_OZ026475.1	7	141896 	141972 	Cys	GCA	0	0	67.1	
NZ_OZ026475.1	8	142100 	142176 	Arg	ACG	0	0	77.6	
NZ_OZ026475.1	9	142215 	142291 	Pro	TGG	0	0	83.1	
NZ_OZ026475.1	10	142299 	142374 	Ala	TGC	0	0	84.1	
NZ_OZ026475.1	11	142379 	142456 	Met	CAT	0	0	80.1	
NZ_OZ026475.1	12	142472 	142548 	Ile2	CAT	0	0	87.1	
NZ_OZ026475.1	13	142595 	142687 	Ser	TGA	0	0	86.7	
NZ_OZ026475.1	14	142697 	142772 	fMet	CAT	0	0	80.8	
NZ_OZ026475.1	15	142775 	142851 	Asp	GTC	0	0	78.6	
NZ_OZ026475.1	16	142855 	142930 	Phe	GAA	0	0	74.3	
NZ_OZ026475.1	17	142981 	143057 	Ile	GAT	0	0	77.8	
NZ_OZ026475.1	18	152091 	152166 	His	GTG	0	0	62.2	
NZ_OZ026475.1	19	154832 	154906 	Sup	TCA	0	0	78.4	
NZ_OZ026475.1	20	154940 	155014 	Trp	CCA	0	0	77.5	
NZ_OZ026475.1	21	307613 	307688 	Thr	AGT	0	0	89.8	
NZ_OZ026475.1	22	307698 	307781 	Tyr	GTA	0	0	69.9	
NZ_OZ026475.1	23	307786 	307860 	Gln	TTG	0	0	66.1	
NZ_OZ026475.1	24	307872 	307947 	Lys	TTT	0	0	83.2	
NZ_OZ026475.1	25	307961 	308049 	Leu	TAA	0	0	73.9	
NZ_OZ026475.1	26	599807 	599718 	Ser	GCT	0	0	82.3	
NZ_OZ026475.1	27	468944 	468868 	Arg	TCT	0	0	74.7	
NZ_OZ026475.1	28	442533 	442460 	Gly	TCC	0	0	76.2	
NZ_OZ026475.1	29	200795 	200713 	Leu	CAA	0	0	69.4	
NZ_OZ026534.1	1	124262 	124338 	His	GTG	0	0	75.5	
NZ_OZ026534.1	2	164758 	164848 	Ser	GCT	0	0	78.1	
NZ_OZ026534.1	3	174724 	174798 	Sup	TCA	0	0	69.9	
NZ_OZ026534.1	4	187832 	187907 	Cys	GCA	0	0	75.6	
NZ_OZ026534.1	5	188015 	188091 	Arg	ACG	0	0	76.4	
NZ_OZ026534.1	6	188093 	188169 	Pro	TGG	0	0	78.8	
NZ_OZ026534.1	7	188181 	188256 	Ala	TGC	0	0	79.2	
NZ_OZ026534.1	8	188289 	188365 	Met	CAT	0	0	62.6	
NZ_OZ026534.1	9	188373 	188449 	Ile2	CAT	0	0	77.6	
NZ_OZ026534.1	10	188463 	188552 	Ser	TGA	0	0	77.6	
NZ_OZ026534.1	11	188574 	188648 	fMet	CAT	0	0	65.9	
NZ_OZ026534.1	12	188650 	188725 	Asp	GTC	0	0	74.1	
NZ_OZ026534.1	13	204074 	204149 	Phe	GAA	0	0	78.4	
NZ_OZ026534.1	14	312685 	312760 	Val	TAC	0	0	85.4	
NZ_OZ026534.1	15	312768 	312844 	Thr	TGT	0	0	82.5	
NZ_OZ026534.1	16	312856 	312940 	Tyr	GTA	0	0	67.9	
NZ_OZ026534.1	17	312951 	313025 	Gln	TTG	0	0	74.8	
NZ_OZ026534.1	18	313042 	313116 	Lys	TTT	0	0	75.6	
NZ_OZ026534.1	19	313123 	313210 	Leu	TAA	0	0	67.8	
NZ_OZ026534.1	20	313276 	313357 	Leu	CAA	0	0	70.6	
NZ_OZ026534.1	21	640513 	640588 	Arg	TCT	0	0	86.4	
NZ_OZ026534.1	22	1188320	1188244	Ile	GAT	0	0	84.5	
NZ_OZ026534.1	23	635572 	635499 	Gly	TCC	0	0	62.1	
NZ_OZ026534.1	24	424222 	424148 	Asn	GTT	0	0	77.0	
NZ_OZ026534.1	25	424123 	424049 	Glu	TTC	0	0	61.2	
NZ_OZ026534.1	26	423992 	423917 	Lys	CTT	0	0	70.6	
NZ_OZ026534.1	27	423912 	423828 	Leu	TAG	0	0	64.6	
NZ_OZ026536.1	1	1836716	1836791	Val	TAC	0	0	85.4	
NZ_OZ026536.1	2	1836799	1836875	Thr	TGT	0	0	82.5	
NZ_OZ026536.1	3	1836887	1836971	Tyr	GTA	0	0	67.9	
NZ_OZ026536.1	4	1836982	1837056	Gln	TTG	0	0	74.8	
NZ_OZ026536.1	5	1837073	1837147	Lys	TTT	0	0	75.6	
NZ_OZ026536.1	6	1837154	1837241	Leu	TAA	0	0	67.8	
NZ_OZ026536.1	7	1837307	1837388	Leu	CAA	0	0	70.6	
NZ_OZ026536.1	8	1842389	1842462	Gly	TCC	0	0	62.1	
NZ_OZ026536.1	9	1893061	1893137	Ile	GAT	0	0	84.5	
NZ_OZ026536.1	10	2238694	2238618	His	GTG	0	0	75.5	
NZ_OZ026536.1	11	2158484	2158394	Ser	GCT	0	0	78.1	
NZ_OZ026536.1	12	2139912	2139838	Sup	TCA	0	0	69.9	
NZ_OZ026536.1	13	2127538	2127463	Cys	GCA	0	0	75.6	
NZ_OZ026536.1	14	2127347	2127271	Arg	ACG	0	0	76.4	
NZ_OZ026536.1	15	2127269	2127193	Pro	TGG	0	0	78.8	
NZ_OZ026536.1	16	2127181	2127106	Ala	TGC	0	0	79.2	
NZ_OZ026536.1	17	2127073	2126997	Met	CAT	0	0	62.6	
NZ_OZ026536.1	18	2126989	2126913	Ile2	CAT	0	0	77.6	
NZ_OZ026536.1	19	2126899	2126810	Ser	TGA	0	0	77.6	
NZ_OZ026536.1	20	2126788	2126714	fMet	CAT	0	0	65.9	
NZ_OZ026536.1	21	2126712	2126637	Asp	GTC	0	0	74.1	
NZ_OZ026536.1	22	1702027	1701952	Phe	GAA	0	0	78.4	
NZ_OZ026536.1	23	903395 	903320 	Arg	TCT	0	0	86.4	
NZ_OZ026536.1	24	881448 	881374 	Asn	GTT	0	0	77.0	
NZ_OZ026536.1	25	881349 	881275 	Glu	TTC	0	0	61.2	
NZ_OZ026536.1	26	881218 	881143 	Lys	CTT	0	0	70.6	
NZ_OZ026536.1	27	881137 	881053 	Leu	TAG	0	0	64.6	
NZ_OZ026539.1	1	243530 	243606 	Ile	GAT	0	0	84.5	
NZ_OZ026539.1	2	793182 	793256 	Asn	GTT	0	0	77.0	
NZ_OZ026539.1	3	793281 	793355 	Glu	TTC	0	0	61.2	
NZ_OZ026539.1	4	793412 	793487 	Lys	CTT	0	0	65.6	
NZ_OZ026539.1	5	793492 	793576 	Leu	TAG	0	0	64.6	
NZ_OZ026539.1	6	1333092	1333016	His	GTG	0	0	75.5	
NZ_OZ026539.1	7	1253261	1253171	Ser	GCT	0	0	78.1	
NZ_OZ026539.1	8	1244368	1244294	Sup	TCA	0	0	69.9	
NZ_OZ026539.1	9	1231685	1231610	Cys	GCA	0	0	75.6	
NZ_OZ026539.1	10	1231502	1231426	Arg	ACG	0	0	76.4	
NZ_OZ026539.1	11	1231424	1231348	Pro	TGG	0	0	78.8	
NZ_OZ026539.1	12	1231334	1231259	Ala	TGC	0	0	79.2	
NZ_OZ026539.1	13	1231224	1231148	Met	CAT	0	0	62.6	
NZ_OZ026539.1	14	1231140	1231064	Ile2	CAT	0	0	77.6	
NZ_OZ026539.1	15	1231050	1230961	Ser	TGA	0	0	77.6	
NZ_OZ026539.1	16	1230939	1230865	fMet	CAT	0	0	65.9	
NZ_OZ026539.1	17	1230863	1230788	Asp	GTC	0	0	74.1	
NZ_OZ026539.1	18	1216837	1216762	Phe	GAA	0	0	78.4	
NZ_OZ026539.1	19	822060 	821985 	Arg	TCT	0	0	86.4	
NZ_OZ026539.1	20	331857 	331782 	Val	TAC	0	0	85.4	
NZ_OZ026539.1	21	331774 	331698 	Thr	TGT	0	0	82.5	
NZ_OZ026539.1	22	331686 	331602 	Tyr	GTA	0	0	67.9	
NZ_OZ026539.1	23	331591 	331517 	Gln	TTG	0	0	74.8	
NZ_OZ026539.1	24	331500 	331426 	Lys	TTT	0	0	75.6	
NZ_OZ026539.1	25	331419 	331332 	Leu	TAA	0	0	67.8	
NZ_OZ026539.1	26	331266 	331185 	Leu	CAA	0	0	70.6	
NZ_OZ026539.1	27	327289 	327216 	Gly	TCC	0	0	62.1	
NZ_OZ026543.1	1	369109 	369183 	Asn	GTT	0	0	77.0	
NZ_OZ026543.1	2	369208 	369282 	Glu	TTC	0	0	61.2	
NZ_OZ026543.1	3	369339 	369414 	Lys	CTT	0	0	70.6	
NZ_OZ026543.1	4	369419 	369503 	Leu	TAG	0	0	64.6	
NZ_OZ026543.1	5	707185 	707260 	Arg	TCT	0	0	86.4	
NZ_OZ026543.1	6	920415 	920490 	Phe	GAA	0	0	78.4	
NZ_OZ026543.1	7	971269 	971344 	Val	TAC	0	0	85.4	
NZ_OZ026543.1	8	971352 	971428 	Thr	TGT	0	0	82.5	
NZ_OZ026543.1	9	971440 	971524 	Tyr	GTA	0	0	67.9	
NZ_OZ026543.1	10	971535 	971609 	Gln	TTG	0	0	74.8	
NZ_OZ026543.1	11	971626 	971700 	Lys	TTT	0	0	75.6	
NZ_OZ026543.1	12	971707 	971794 	Leu	TAA	0	0	67.8	
NZ_OZ026543.1	13	971860 	971941 	Leu	CAA	0	0	70.6	
NZ_OZ026543.1	14	976742 	976815 	Gly	TCC	0	0	62.1	
NZ_OZ026543.1	15	1824002	1824077	Cys	GCA	0	0	75.6	
NZ_OZ026543.1	16	1824185	1824261	Arg	ACG	0	0	76.4	
NZ_OZ026543.1	17	1824263	1824339	Pro	TGG	0	0	78.8	
NZ_OZ026543.1	18	1824353	1824428	Ala	TGC	0	0	79.2	
NZ_OZ026543.1	19	1824463	1824539	Met	CAT	0	0	62.6	
NZ_OZ026543.1	20	1824547	1824623	Ile2	CAT	0	0	77.6	
NZ_OZ026543.1	21	1824637	1824726	Ser	TGA	0	0	77.6	
NZ_OZ026543.1	22	1824748	1824822	fMet	CAT	0	0	65.9	
NZ_OZ026543.1	23	1824824	1824899	Asp	GTC	0	0	74.1	
NZ_OZ026543.1	24	1858155	1858079	His	GTG	0	0	75.5	
NZ_OZ026543.1	25	1757169	1757093	Ile	GAT	0	0	84.5	
NZ_OZ026543.1	26	1188166	1188076	Ser	GCT	0	0	78.1	
NZ_OZ026543.1	27	1178062	1177988	Sup	TCA	0	0	69.9	
NZ_OZ026544.1	1	298803 	298879 	Ile	GAT	0	0	84.5	
NZ_OZ026544.1	2	1405597	1405672	Val	TAC	0	0	85.4	
NZ_OZ026544.1	3	1405680	1405756	Thr	TGT	0	0	82.5	
NZ_OZ026544.1	4	1405768	1405852	Tyr	GTA	0	0	67.9	
NZ_OZ026544.1	5	1405863	1405937	Gln	TTG	0	0	74.8	
NZ_OZ026544.1	6	1405954	1406028	Lys	TTT	0	0	75.6	
NZ_OZ026544.1	7	1406035	1406122	Leu	TAA	0	0	67.8	
NZ_OZ026544.1	8	1406188	1406269	Leu	CAA	0	0	70.6	
NZ_OZ026544.1	9	1410186	1410259	Gly	TCC	0	0	62.1	
NZ_OZ026544.1	10	1582857	1582781	His	GTG	0	0	75.5	
NZ_OZ026544.1	11	1553699	1553609	Ser	GCT	0	0	78.1	
NZ_OZ026544.1	12	1544803	1544729	Sup	TCA	0	0	69.9	
NZ_OZ026544.1	13	1533653	1533578	Cys	GCA	0	0	75.6	
NZ_OZ026544.1	14	1533470	1533394	Arg	ACG	0	0	76.4	
NZ_OZ026544.1	15	1533392	1533316	Pro	TGG	0	0	78.8	
NZ_OZ026544.1	16	1533304	1533229	Ala	TGC	0	0	79.2	
NZ_OZ026544.1	17	1533196	1533120	Met	CAT	0	0	62.6	
NZ_OZ026544.1	18	1533112	1533036	Ile2	CAT	0	0	77.6	
NZ_OZ026544.1	19	1533022	1532933	Ser	TGA	0	0	77.7	
NZ_OZ026544.1	20	1532911	1532837	fMet	CAT	0	0	65.9	
NZ_OZ026544.1	21	1532835	1532760	Asp	GTC	0	0	74.1	
NZ_OZ026544.1	22	1491612	1491537	Phe	GAA	0	0	78.4	
NZ_OZ026544.1	23	1036273	1036198	Arg	TCT	0	0	86.4	
NZ_OZ026544.1	24	647948 	647874 	Asn	GTT	0	0	77.0	
NZ_OZ026544.1	25	647849 	647775 	Glu	TTC	0	0	61.2	
NZ_OZ026544.1	26	647718 	647643 	Lys	CTT	0	0	70.6	
NZ_OZ026544.1	27	647638 	647554 	Leu	TAG	0	0	64.6	
NZ_OZ026545.1	1	1379557	1379632	Asn	GTT	0	0	80.6	
NZ_OZ026545.1	2	1379666	1379741	Glu	TTC	0	0	69.2	
NZ_OZ026545.1	3	1379746	1379821	Val	TAC	0	0	83.4	
NZ_OZ026545.1	4	1379838	1379913	Thr	TGT	0	0	77.8	
NZ_OZ026545.1	5	1379922	1379997	Lys	TTT	0	0	76.8	
NZ_OZ026545.1	6	1380015	1380099	Leu	TAG	0	0	71.3	
NZ_OZ026545.1	7	1468072	1468147	Cys	GCA	0	0	68.5	
NZ_OZ026545.1	8	1468189	1468265	Arg	ACG	0	0	79.0	
NZ_OZ026545.1	9	1468289	1468365	Pro	TGG	0	0	81.1	
NZ_OZ026545.1	10	1468382	1468457	Ala	TGC	0	0	83.8	
NZ_OZ026545.1	11	1468489	1468565	Met	CAT	0	0	76.2	
NZ_OZ026545.1	12	1468567	1468643	Ile2	CAT	0	0	87.9	
NZ_OZ026545.1	13	1468676	1468768	Ser	TGA	0	0	83.7	
NZ_OZ026545.1	14	1468819	1468893	fMet	CAT	0	0	78.6	
NZ_OZ026545.1	15	1468896	1468971	Asp	GTC	0	0	71.3	
NZ_OZ026545.1	16	1468977	1469052	Phe	GAA	0	0	75.1	
NZ_OZ026545.1	17	1648739	1648815	Ile	GAT	0	0	81.9	
NZ_OZ026545.1	18	1648834	1648909	Ala	TGC	0	0	77.7	
NZ_OZ026545.1	19	1901362	1901437	Val	TAC	0	0	83.4	
NZ_OZ026545.1	20	1901450	1901525	Thr	TGT	0	0	79.6	
NZ_OZ026545.1	21	1901532	1901615	Tyr	GTA	0	0	70.7	
NZ_OZ026545.1	22	1901631	1901705	Gln	TTG	0	0	74.2	
NZ_OZ026545.1	23	1901710	1901785	Lys	TTT	0	0	76.8	
NZ_OZ026545.1	24	1901802	1901888	Leu	TAA	0	0	71.0	
NZ_OZ026545.1	25	1901975	1902048	Gly	TCC	0	0	75.9	
NZ_OZ026545.1	26	2022504	2022580	Arg	TCT	0	0	77.0	
NZ_OZ026545.1	27	1464113	1464029	Leu	CAA	0	0	66.2	
NZ_OZ026545.1	28	1007894	1007819	Sup	TCA	0	0	78.3	
NZ_OZ026545.1	29	1007737	1007663	Trp	CCA	0	0	69.0	
NZ_OZ026545.1	30	1007651	1007559	Ser	CGA	0	0	65.0	
NZ_OZ026545.1	31	939405 	939315 	Ser	GCT	0	0	84.1	
NZ_OZ026545.1	32	851508 	851433 	His	GTG	0	0	64.6	
NZ_OZ026611.1	1	28683  	28758  	Sup	TCA	0	0	76.7	
NZ_OZ026611.1	2	28840  	28914  	Trp	CCA	0	0	71.0	
NZ_OZ026611.1	3	28926  	29018  	Ser	CGA	0	0	75.0	
NZ_OZ026611.1	4	126936 	127011 	Asn	GTT	0	0	79.0	
NZ_OZ026611.1	5	127045 	127120 	Glu	TTC	0	0	69.2	
NZ_OZ026611.1	6	127125 	127200 	Val	TAC	0	0	83.4	
NZ_OZ026611.1	7	127217 	127292 	Thr	TGT	0	0	68.0	
NZ_OZ026611.1	8	127301 	127375 	Lys	TTT	0	0	61.7	
NZ_OZ026611.1	9	127393 	127477 	Leu	TAG	0	0	72.0	
NZ_OZ026611.1	10	241198 	241273 	Cys	GCA	0	0	71.0	
NZ_OZ026611.1	11	241298 	241374 	Arg	ACG	0	0	74.9	
NZ_OZ026611.1	12	241398 	241474 	Pro	TGG	0	0	81.1	
NZ_OZ026611.1	13	241491 	241566 	Ala	TGC	0	0	85.0	
NZ_OZ026611.1	14	241598 	241674 	Met	CAT	0	0	73.2	
NZ_OZ026611.1	15	241676 	241752 	Ile2	CAT	0	0	87.9	
NZ_OZ026611.1	16	241785 	241877 	Ser	TGA	0	0	83.7	
NZ_OZ026611.1	17	241930 	242004 	fMet	CAT	0	0	78.6	
NZ_OZ026611.1	18	242007 	242082 	Asp	GTC	0	0	71.3	
NZ_OZ026611.1	19	242088 	242163 	Phe	GAA	0	0	73.9	
NZ_OZ026611.1	20	416966 	417042 	Ile	GAT	0	0	81.9	
NZ_OZ026611.1	21	417061 	417136 	Ala	TGC	0	0	81.9	
NZ_OZ026611.1	22	681103 	681179 	Arg	TCT	0	0	78.4	
NZ_OZ026611.1	23	725174 	725249 	Val	TAC	0	0	71.4	
NZ_OZ026611.1	24	725262 	725337 	Thr	TGT	0	0	79.6	
NZ_OZ026611.1	25	725344 	725427 	Tyr	GTA	0	0	70.7	
NZ_OZ026611.1	26	725443 	725517 	Gln	TTG	0	0	74.2	
NZ_OZ026611.1	27	725522 	725597 	Lys	TTT	0	0	76.8	
NZ_OZ026611.1	28	725614 	725700 	Leu	TAA	0	0	67.0	
NZ_OZ026611.1	29	725796 	725869 	Gly	TCC	0	0	75.9	
NZ_OZ026611.1	30	1583684	1583594	Ser	GCT	0	0	87.4	
NZ_OZ026611.1	31	1527389	1527314	His	GTG	0	0	64.6	
NZ_OZ026611.1	32	237250 	237166 	Leu	CAA	0	0	66.2	
NZ_CAXIPX010000003.1	1	380139 	380224 	Leu	CAA	0	0	60.8	
NZ_CAXIPX010000003.1	2	422033 	421957 	Ile	GAT	0	0	79.9	
NZ_CAXIPX010000003.1	3	421944 	421869 	Ala	TGC	0	0	81.6	
NZ_CAXIPX010000003.1	4	416545 	416456 	Ser	GCT	0	0	81.9	
NZ_CAXIPX010000003.1	5	410260 	410185 	Sup	TCA	0	0	83.4	
NZ_CAXIPX010000003.1	6	410133 	410058 	Trp	CCA	0	0	83.2	
NZ_CAXIPX010000003.1	7	346132 	346049 	Tyr	GTA	0	0	73.4	
NZ_CAXIPX010000003.1	8	346044 	345970 	Gln	TTG	0	0	74.0	
NZ_CAXIPX010000003.1	9	345967 	345892 	Lys	TTT	0	0	86.0	
NZ_CAXIPX010000003.1	10	345888 	345802 	Leu	TAA	0	0	72.1	
NZ_CAXIPX010000003.1	11	345763 	345690 	Gly	TCC	0	0	76.2	
NZ_CAXIPX010000003.1	12	332193 	332117 	Arg	TCT	0	0	69.2	
NZ_CAXIPX010000004.1	1	68230  	68155  	His	GTG	0	0	63.6	
NZ_CAXIPX010000004.1	2	37416  	37342  	Asn	GTT	0	0	83.5	
NZ_CAXIPX010000004.1	3	37335  	37260  	Glu	TTC	0	0	70.5	
NZ_CAXIPX010000004.1	4	37255  	37180  	Val	TAC	0	0	83.3	
NZ_CAXIPX010000004.1	5	37172  	37097  	Thr	TGT	0	0	87.6	
NZ_CAXIPX010000004.1	6	37074  	36990  	Leu	TAG	0	0	71.4	
NZ_CAXIPX010000004.1	7	30581  	30506  	Cys	GCA	0	0	74.5	
NZ_CAXIPX010000004.1	8	30439  	30363  	Arg	ACG	0	0	76.7	
NZ_CAXIPX010000004.1	9	30357  	30281  	Pro	TGG	0	0	84.7	
NZ_CAXIPX010000004.1	10	30278  	30203  	Ala	TGC	0	0	81.6	
NZ_CAXIPX010000004.1	11	30175  	30099  	Met	CAT	0	0	76.3	
NZ_CAXIPX010000004.1	12	30097  	30021  	Ile2	CAT	0	0	86.5	
NZ_CAXIPX010000004.1	13	30014  	29922  	Ser	TGA	0	0	84.0	
NZ_CAXIPX010000004.1	14	29916  	29841  	fMet	CAT	0	0	81.9	
NZ_CAXIPX010000004.1	15	29838  	29763  	Asp	GTC	0	0	72.3	
NZ_CAXIPX010000004.1	16	29760  	29685  	Phe	GAA	0	0	73.1	
NZ_OZ034915.1	1	61667  	61742  	Val	TAC	0	0	65.3	
NZ_OZ034915.1	2	61755  	61830  	Thr	TGT	0	0	79.6	
NZ_OZ034915.1	3	61837  	61920  	Tyr	GTA	0	0	70.7	
NZ_OZ034915.1	4	61936  	62010  	Gln	TTG	0	0	74.2	
NZ_OZ034915.1	5	62015  	62090  	Lys	TTT	0	0	75.8	
NZ_OZ034915.1	6	62107  	62193  	Leu	TAA	0	0	71.0	
NZ_OZ034915.1	7	62278  	62351  	Gly	TCC	0	0	71.0	
NZ_OZ034915.1	8	103085 	103160 	Cys	GCA	0	0	66.6	
NZ_OZ034915.1	9	103202 	103278 	Arg	ACG	0	0	79.0	
NZ_OZ034915.1	10	103301 	103377 	Pro	TGG	0	0	81.1	
NZ_OZ034915.1	11	103394 	103469 	Ala	TGC	0	0	83.8	
NZ_OZ034915.1	12	103501 	103577 	Met	CAT	0	0	73.2	
NZ_OZ034915.1	13	103579 	103655 	Ile2	CAT	0	0	87.9	
NZ_OZ034915.1	14	103687 	103779 	Ser	TGA	0	0	85.3	
NZ_OZ034915.1	15	103831 	103905 	fMet	CAT	0	0	78.6	
NZ_OZ034915.1	16	103908 	103983 	Asp	GTC	0	0	71.3	
NZ_OZ034915.1	17	103989 	104064 	Phe	GAA	0	0	75.1	
NZ_OZ034915.1	18	309301 	309391 	Ser	GCT	0	0	87.2	
NZ_OZ034915.1	19	404027 	404103 	Arg	TCT	0	0	75.3	
NZ_OZ034915.1	20	641087 	641163 	Ile	GAT	0	0	82.8	
NZ_OZ034915.1	21	641181 	641261 	Cys	GCA	641218	641220	55.5	
NZ_OZ034915.1	22	706865 	706790 	His	GTG	0	0	61.3	
NZ_OZ034915.1	23	326994 	326919 	Sup	TCA	0	0	75.2	
NZ_OZ034915.1	24	324395 	324321 	Trp	CCA	0	0	68.7	
NZ_OZ034915.1	25	324309 	324217 	Ser	CGA	0	0	74.6	
NZ_OZ034915.1	26	279972 	279897 	Asn	GTT	0	0	82.6	
NZ_OZ034915.1	27	279863 	279788 	Glu	TTC	0	0	69.2	
NZ_OZ034915.1	28	279783 	279708 	Val	TAC	0	0	83.4	
NZ_OZ034915.1	29	279691 	279616 	Thr	TGT	0	0	75.3	
NZ_OZ034915.1	30	279607 	279532 	Lys	TTT	0	0	64.9	
NZ_OZ034915.1	31	279514 	279430 	Leu	TAG	0	0	71.3	
NZ_OZ034915.1	32	96984  	96900  	Leu	CAA	0	0	66.0	
NZ_OZ034912.1	1	95855  	95931  	Arg	TCT	0	0	80.6	
NZ_OZ034912.1	2	231972 	232047 	His	GTG	0	0	69.0	
NZ_OZ034912.1	3	372719 	372794 	Thr	GGT	0	0	76.8	
NZ_OZ034912.1	4	372797 	372886 	Ser	GGA	0	0	72.2	
NZ_OZ034912.1	5	627066 	627139 	Gly	TCC	0	0	74.0	
NZ_OZ034912.1	6	883520 	883594 	Trp	CCA	0	0	77.2	
NZ_OZ034912.1	7	811429 	811353 	Ile	GAT	0	0	85.3	
NZ_OZ034912.1	8	811347 	811272 	Ala	TGC	0	0	80.7	
NZ_OZ034912.1	9	803505 	803416 	Ser	GCT	0	0	84.7	
NZ_OZ034912.1	10	798822 	798747 	Sup	TCA	0	0	69.0	
NZ_OZ034912.1	11	729213 	729137 	Cys	GCA	0	0	65.3	
NZ_OZ034912.1	12	728973 	728897 	Arg	ACG	0	0	77.6	
NZ_OZ034912.1	13	728883 	728807 	Pro	TGG	0	0	81.9	
NZ_OZ034912.1	14	728801 	728725 	Met	CAT	0	0	76.9	
NZ_OZ034912.1	15	682603 	682519 	Leu	TAG	0	0	72.3	
NZ_OZ034912.1	16	645411 	645336 	Val	TAC	0	0	79.8	
NZ_OZ034912.1	17	645332 	645257 	Thr	TGT	0	0	83.9	
NZ_OZ034912.1	18	645246 	645163 	Tyr	GTA	0	0	76.7	
NZ_OZ034912.1	19	645156 	645082 	Gln	TTG	0	0	69.2	
NZ_OZ034912.1	20	645071 	644996 	Lys	TTT	0	0	77.8	
NZ_OZ034912.1	21	644990 	644901 	Leu	TAA	0	0	59.1	
NZ_OZ034912.1	22	609881 	609806 	Asn	GTT	0	0	84.7	
NZ_OZ034912.1	23	609799 	609724 	Glu	TTC	0	0	73.8	
NZ_OZ034912.1	24	599090 	599008 	Leu	CAA	0	0	64.4	
NZ_OZ034912.1	25	466057 	465981 	Ile2	CAT	0	0	88.8	
NZ_OZ034912.1	26	465963 	465871 	Ser	TGA	0	0	74.1	
NZ_OZ034912.1	27	465846 	465770 	fMet	CAT	0	0	79.2	
NZ_OZ034912.1	28	465766 	465691 	Asp	GTC	0	0	73.4	
NZ_OZ034912.1	29	465681 	465606 	Phe	GAA	0	0	83.5	
NZ_OZ034912.1	30	112091 	112034 	Undet	NNN	0	0	22.9	pseudo
NZ_OZ034920.1	1	80026  	80112  	Leu	GAG	0	0	58.7	
NZ_OZ034920.1	2	819843 	819917 	Gly	GCC	0	0	74.7	
NZ_OZ034920.1	3	935425 	935499 	Thr	TGT	0	0	81.9	
NZ_OZ034920.1	4	988786 	988862 	Pro	TGG	0	0	77.1	
NZ_OZ034920.1	5	1217112	1217186	Thr	GGT	0	0	86.4	
NZ_OZ034920.1	6	1252742	1252833	Undet	NNN	0	0	23.2	pseudo
NZ_OZ034920.1	7	1280216	1280292	Arg	ACG	0	0	74.2	
NZ_OZ034920.1	8	1415785	1415860	Ala	GGC	0	0	74.5	
NZ_OZ034920.1	9	1478985	1479059	Asn	GTT	0	0	76.9	
NZ_OZ034920.1	10	1588805	1588890	Leu	TAA	0	0	72.8	
NZ_OZ034920.1	11	1597670	1597755	Tyr	GTA	0	0	78.5	
NZ_OZ034920.1	12	1597779	1597852	Gly	TCC	0	0	81.1	
NZ_OZ034920.1	13	1613924	1613999	Val	TAC	0	0	77.7	
NZ_OZ034920.1	14	1548138	1548062	His	GTG	0	0	81.8	
NZ_OZ034920.1	15	1505487	1505411	fMet	CAT	0	0	75.3	
NZ_OZ034920.1	16	1428763	1428687	Met	CAT	0	0	78.5	
NZ_OZ034920.1	17	1208373	1208297	Ile2	CAT	0	0	86.1	
NZ_OZ034920.1	18	1177093	1177009	Leu	TAG	0	0	59.4	
NZ_OZ034920.1	19	1135489	1135415	Glu	TTC	0	0	73.3	
NZ_OZ034920.1	20	1010644	1010569	Trp	CCA	0	0	76.3	
NZ_OZ034920.1	21	948489 	948408 	Leu	CAA	0	0	59.3	
NZ_OZ034920.1	22	819700 	819627 	Arg	CCT	0	0	71.5	
NZ_OZ034920.1	23	781200 	781125 	Phe	GAA	0	0	86.0	
NZ_OZ034920.1	24	699977 	699902 	Thr	CGT	0	0	79.3	
NZ_OZ034920.1	25	625235 	625161 	Gln	TTG	0	0	69.4	
NZ_OZ034920.1	26	590767 	590693 	Ala	TGC	0	0	82.6	
NZ_OZ034920.1	27	542806 	542732 	Cys	GCA	0	0	65.3	
NZ_OZ034920.1	28	411975 	411899 	Asp	GTC	0	0	90.1	
NZ_OZ034920.1	29	372546 	372466 	Asp	GTC	0	0	35.2	pseudo
NZ_OZ034920.1	30	163522 	163447 	Lys	TTT	0	0	81.2	
NZ_OZ034920.1	31	163303 	163227 	Ile	GAT	0	0	85.3	
NZ_OZ034920.1	32	114178 	114102 	Arg	CCG	0	0	82.8	
NZ_OZ034920.1	33	64813  	64727  	Ser	TGA	0	0	77.1	
NZ_OZ034920.1	34	58393  	58317  	Val	GAC	0	0	71.8	
NZ_OZ034962.1	1	247385 	247461 	His	GTG	0	0	75.5	
NZ_OZ034962.1	2	271453 	271543 	Ser	GCT	0	0	78.1	
NZ_OZ034962.1	3	280338 	280412 	Sup	TCA	0	0	69.9	
NZ_OZ034962.1	4	290911 	290986 	Cys	GCA	0	0	75.6	
NZ_OZ034962.1	5	291094 	291170 	Arg	ACG	0	0	76.4	
NZ_OZ034962.1	6	291172 	291248 	Pro	TGG	0	0	78.8	
NZ_OZ034962.1	7	291260 	291335 	Ala	TGC	0	0	79.2	
NZ_OZ034962.1	8	291368 	291444 	Met	CAT	0	0	62.6	
NZ_OZ034962.1	9	291452 	291528 	Ile2	CAT	0	0	77.6	
NZ_OZ034962.1	10	291542 	291631 	Ser	TGA	0	0	77.6	
NZ_OZ034962.1	11	291653 	291727 	fMet	CAT	0	0	65.9	
NZ_OZ034962.1	12	291729 	291804 	Asp	GTC	0	0	74.1	
NZ_OZ034962.1	13	299234 	299309 	Val	TAC	0	0	85.4	
NZ_OZ034962.1	14	299317 	299393 	Thr	TGT	0	0	82.5	
NZ_OZ034962.1	15	299405 	299489 	Tyr	GTA	0	0	67.9	
NZ_OZ034962.1	16	299499 	299573 	Gln	TTG	0	0	74.8	
NZ_OZ034962.1	17	299590 	299664 	Lys	TTT	0	0	75.6	
NZ_OZ034962.1	18	299671 	299758 	Leu	TAA	0	0	67.8	
NZ_OZ034962.1	19	299824 	299905 	Leu	CAA	0	0	70.6	
NZ_OZ034962.1	20	304777 	304850 	Gly	TCC	0	0	62.1	
NZ_OZ034962.1	21	1126233	1126307	Asn	GTT	0	0	77.0	
NZ_OZ034962.1	22	1126332	1126406	Glu	TTC	0	0	61.2	
NZ_OZ034962.1	23	1126463	1126538	Lys	CTT	0	0	70.6	
NZ_OZ034962.1	24	1126543	1126627	Leu	TAG	0	0	64.6	
NZ_OZ034962.1	25	1404207	1404132	Phe	GAA	0	0	78.4	
NZ_OZ034962.1	26	651397 	651322 	Arg	TCT	0	0	86.4	
NZ_OZ034962.1	27	372280 	372203 	Ile	GAT	0	0	77.6	
NZ_OZ034965.1	1	904362 	904437 	Arg	TCT	0	0	86.4	
NZ_OZ034965.1	2	970669 	970759 	Ser	GCT	0	0	78.1	
NZ_OZ034965.1	3	986475 	986549 	Sup	TCA	0	0	69.9	
NZ_OZ034965.1	4	1061328	1061402	Asn	GTT	0	0	77.0	
NZ_OZ034965.1	5	1061427	1061501	Glu	TTC	0	0	61.2	
NZ_OZ034965.1	6	1061558	1061633	Lys	CTT	0	0	58.9	
NZ_OZ034965.1	7	1061638	1061722	Leu	TAG	0	0	64.6	
NZ_OZ034965.1	8	1896263	1896338	Val	TAC	0	0	85.4	
NZ_OZ034965.1	9	1896346	1896422	Thr	TGT	0	0	82.5	
NZ_OZ034965.1	10	1896434	1896518	Tyr	GTA	0	0	67.9	
NZ_OZ034965.1	11	1896529	1896603	Gln	TTG	0	0	74.8	
NZ_OZ034965.1	12	1896620	1896694	Lys	TTT	0	0	75.6	
NZ_OZ034965.1	13	1896701	1896788	Leu	TAA	0	0	67.8	
NZ_OZ034965.1	14	1896854	1896935	Leu	CAA	0	0	68.4	
NZ_OZ034965.1	15	1902872	1902945	Gly	TCC	0	0	62.1	
NZ_OZ034965.1	16	2241953	2242029	His	GTG	0	0	75.5	
NZ_OZ034965.1	17	2091546	2091471	Cys	GCA	0	0	75.6	
NZ_OZ034965.1	18	2091363	2091287	Arg	ACG	0	0	76.4	
NZ_OZ034965.1	19	2091285	2091209	Pro	TGG	0	0	78.8	
NZ_OZ034965.1	20	2091197	2091122	Ala	TGC	0	0	79.2	
NZ_OZ034965.1	21	2091089	2091013	Met	CAT	0	0	62.6	
NZ_OZ034965.1	22	2091005	2090929	Ile2	CAT	0	0	77.6	
NZ_OZ034965.1	23	2090915	2090826	Ser	TGA	0	0	77.6	
NZ_OZ034965.1	24	2090804	2090730	fMet	CAT	0	0	65.9	
NZ_OZ034965.1	25	2090728	2090653	Asp	GTC	0	0	74.1	
NZ_OZ034965.1	26	2034636	2034561	Phe	GAA	0	0	78.4	
NZ_OZ034965.1	27	419952 	419876 	Ile	GAT	0	0	84.5	
NZ_OZ034964.1	1	198447 	198523 	Ile	GAT	0	0	79.8	
NZ_OZ034964.1	2	602498 	602573 	Arg	TCT	0	0	87.1	
NZ_OZ034964.1	3	1250193	1250117	His	GTG	0	0	72.2	
NZ_OZ034964.1	4	1226635	1226545	Ser	GCT	0	0	78.8	
NZ_OZ034964.1	5	1217624	1217550	Sup	TCA	0	0	69.7	
NZ_OZ034964.1	6	1201631	1201556	Cys	GCA	0	0	75.6	
NZ_OZ034964.1	7	1201455	1201379	Arg	ACG	0	0	73.8	
NZ_OZ034964.1	8	1201377	1201301	Pro	TGG	0	0	76.4	
NZ_OZ034964.1	9	1201286	1201211	Ala	TGC	0	0	79.2	
NZ_OZ034964.1	10	1201188	1201112	Met	CAT	0	0	62.6	
NZ_OZ034964.1	11	1201104	1201028	Ile2	CAT	0	0	77.6	
NZ_OZ034964.1	12	1201014	1200927	Ser	TGA	0	0	80.6	
NZ_OZ034964.1	13	1200907	1200833	fMet	CAT	0	0	65.9	
NZ_OZ034964.1	14	1200831	1200756	Asp	GTC	0	0	74.1	
NZ_OZ034964.1	15	1191098	1191023	Phe	GAA	0	0	78.4	
NZ_OZ034964.1	16	780196 	780122 	Asn	GTT	0	0	77.0	
NZ_OZ034964.1	17	780093 	780019 	Glu	TTC	0	0	61.2	
NZ_OZ034964.1	18	779964 	779889 	Lys	CTT	0	0	70.6	
NZ_OZ034964.1	19	779881 	779795 	Leu	TAG	0	0	58.2	
NZ_OZ034964.1	20	260862 	260787 	Val	TAC	0	0	85.4	
NZ_OZ034964.1	21	260779 	260703 	Thr	TGT	0	0	82.5	
NZ_OZ034964.1	22	260677 	260592 	Tyr	GTA	0	0	67.6	
NZ_OZ034964.1	23	260582 	260508 	Gln	TTG	0	0	74.8	
NZ_OZ034964.1	24	260490 	260416 	Lys	TTT	0	0	75.6	
NZ_OZ034964.1	25	260409 	260322 	Leu	TAA	0	0	69.1	
NZ_OZ034964.1	26	260259 	260178 	Leu	CAA	0	0	70.6	
NZ_OZ034964.1	27	256366 	256293 	Gly	TCC	0	0	62.1	
NZ_OZ034982.1	1	153995 	154070 	Val	TAC	0	0	79.8	
NZ_OZ034982.1	2	154074 	154149 	Thr	TGT	0	0	83.9	
NZ_OZ034982.1	3	154160 	154243 	Tyr	GTA	0	0	76.7	
NZ_OZ034982.1	4	154250 	154324 	Gln	TTG	0	0	69.2	
NZ_OZ034982.1	5	154335 	154410 	Lys	TTT	0	0	77.8	
NZ_OZ034982.1	6	154416 	154505 	Leu	TAA	0	0	59.1	
NZ_OZ034982.1	7	338229 	338305 	Arg	TCT	0	0	80.6	
NZ_OZ034982.1	8	566958 	567033 	Thr	GGT	0	0	66.4	
NZ_OZ034982.1	9	567036 	567125 	Ser	GGA	0	0	72.2	
NZ_OZ034982.1	10	934577 	934650 	Gly	TCC	0	0	74.0	
NZ_OZ034982.1	11	952577 	952659 	Leu	CAA	0	0	64.4	
NZ_OZ034982.1	12	996910 	996835 	Asn	GTT	0	0	84.7	
NZ_OZ034982.1	13	996828 	996753 	Glu	TTC	0	0	73.8	
NZ_OZ034982.1	14	855598 	855541 	Undet	NNN	0	0	22.9	pseudo
NZ_OZ034982.1	15	847216 	847141 	His	GTG	0	0	69.0	
NZ_OZ034982.1	16	710291 	710215 	Cys	GCA	0	0	65.3	
NZ_OZ034982.1	17	710051 	709975 	Arg	ACG	0	0	77.6	
NZ_OZ034982.1	18	709961 	709885 	Pro	TGG	0	0	81.9	
NZ_OZ034982.1	19	709879 	709803 	Met	CAT	0	0	76.9	
NZ_OZ034982.1	20	509601 	509526 	Sup	TCA	0	0	69.0	
NZ_OZ034982.1	21	410916 	410827 	Ser	GCT	0	0	84.7	
NZ_OZ034982.1	22	382994 	382918 	Ile2	CAT	0	0	88.8	
NZ_OZ034982.1	23	382900 	382808 	Ser	TGA	0	0	74.8	
NZ_OZ034982.1	24	382783 	382707 	fMet	CAT	0	0	79.3	
NZ_OZ034982.1	25	382703 	382628 	Asp	GTC	0	0	73.4	
NZ_OZ034982.1	26	382618 	382543 	Phe	GAA	0	0	83.5	
NZ_OZ034982.1	27	314262 	314186 	Ile	GAT	0	0	85.3	
NZ_OZ034982.1	28	314180 	314105 	Ala	TGC	0	0	80.7	
NZ_OZ034982.1	29	280553 	280479 	Trp	CCA	0	0	77.2	
NZ_OZ034982.1	30	34455  	34371  	Leu	TAG	0	0	72.3	
NZ_CAXIQF010000002.1	1	31407  	31334  	Gly	TCC	0	0	76.2	
NZ_CAXIQF010000008.1	1	121385 	121467 	Leu	CAA	0	0	68.3	
NZ_CAXIQF010000008.1	2	412318 	412419 	Undet	NNN	0	0	27.1	pseudo
NZ_CAXIQF010000008.1	3	490276 	490351 	Asn	GTT	0	0	89.6	
NZ_CAXIQF010000008.1	4	490359 	490434 	Glu	TTC	0	0	63.5	
NZ_CAXIQF010000008.1	5	490454 	490529 	Val	TAC	0	0	82.8	
NZ_CAXIQF010000008.1	6	490540 	490615 	Thr	TGT	0	0	84.5	
NZ_CAXIQF010000008.1	7	491133 	491208 	Lys	TTT	0	0	76.8	
NZ_CAXIQF010000008.1	8	491214 	491298 	Leu	TAG	0	0	73.7	
NZ_CAXIQF010000008.1	9	508127 	508201 	Cys	GCA	0	0	64.7	
NZ_CAXIQF010000008.1	10	508369 	508445 	Arg	ACG	0	0	77.4	
NZ_CAXIQF010000008.1	11	508487 	508563 	Pro	TGG	0	0	83.1	
NZ_CAXIQF010000008.1	12	508590 	508665 	Ala	TGC	0	0	83.8	
NZ_CAXIQF010000008.1	13	508671 	508747 	Met	CAT	0	0	79.8	
NZ_CAXIQF010000008.1	14	508773 	508849 	Ile2	CAT	0	0	87.8	
NZ_CAXIQF010000008.1	15	508895 	508987 	Ser	TGA	0	0	85.5	
NZ_CAXIQF010000008.1	16	508995 	509070 	fMet	CAT	0	0	84.8	
NZ_CAXIQF010000008.1	17	509076 	509152 	Asp	GTC	0	0	79.8	
NZ_CAXIQF010000008.1	18	509158 	509233 	Phe	GAA	0	0	74.3	
NZ_CAXIQF010000008.1	19	509347 	509423 	Ile	GAT	0	0	75.5	
NZ_CAXIQF010000008.1	20	557659 	557749 	Ser	GCT	0	0	85.1	
NZ_CAXIQF010000008.1	21	685399 	685475 	Arg	TCT	0	0	76.4	
NZ_CAXIQF010000008.1	22	174246 	174171 	His	GTG	0	0	63.8	
NZ_CAXIQF010000008.1	23	171694 	171619 	Sup	TCA	0	0	81.5	
NZ_CAXIQF010000008.1	24	171567 	171492 	Trp	CCA	0	0	78.3	
NZ_CAXIQF010000008.1	25	1587   	1512   	Thr	AGT	0	0	85.7	
NZ_CAXIQF010000008.1	26	1489   	1406   	Tyr	GTA	0	0	68.4	
NZ_CAXIQF010000008.1	27	1400   	1326   	Gln	TTG	0	0	68.2	
NZ_CAXIQF010000008.1	28	1307   	1232   	Lys	TTT	0	0	76.8	
NZ_CAXIQF010000008.1	29	1213   	1125   	Leu	TAA	0	0	74.2	
NZ_OZ034984.1	1	130465 	130540 	Thr	AGT	0	0	85.7	
NZ_OZ034984.1	2	130563 	130646 	Tyr	GTA	0	0	68.4	
NZ_OZ034984.1	3	130652 	130726 	Gln	TTG	0	0	68.2	
NZ_OZ034984.1	4	130745 	130820 	Lys	TTT	0	0	76.8	
NZ_OZ034984.1	5	130839 	130927 	Leu	TAA	0	0	74.2	
NZ_OZ034984.1	6	1202065	1202140	His	GTG	0	0	63.8	
NZ_OZ034984.1	7	1204615	1204690	Sup	TCA	0	0	81.5	
NZ_OZ034984.1	8	1204744	1204819	Trp	CCA	0	0	81.4	
NZ_OZ034984.1	9	974815 	974714 	Tyr	GTA	0	0	29.4	
NZ_OZ034984.1	10	904819 	904744 	Asn	GTT	0	0	89.6	
NZ_OZ034984.1	11	904736 	904661 	Glu	TTC	0	0	63.5	
NZ_OZ034984.1	12	904643 	904568 	Val	TAC	0	0	82.8	
NZ_OZ034984.1	13	904557 	904482 	Thr	TGT	0	0	84.5	
NZ_OZ034984.1	14	903964 	903889 	Lys	TTT	0	0	76.8	
NZ_OZ034984.1	15	903883 	903799 	Leu	TAG	0	0	73.7	
NZ_OZ034984.1	16	891813 	891739 	Cys	GCA	0	0	64.7	
NZ_OZ034984.1	17	891571 	891495 	Arg	ACG	0	0	77.4	
NZ_OZ034984.1	18	891453 	891377 	Pro	TGG	0	0	83.1	
NZ_OZ034984.1	19	891350 	891275 	Ala	TGC	0	0	85.0	
NZ_OZ034984.1	20	891269 	891193 	Met	CAT	0	0	79.8	
NZ_OZ034984.1	21	891167 	891091 	Ile2	CAT	0	0	87.8	
NZ_OZ034984.1	22	891045 	890953 	Ser	TGA	0	0	84.5	
NZ_OZ034984.1	23	890945 	890870 	fMet	CAT	0	0	84.8	
NZ_OZ034984.1	24	890865 	890789 	Asp	GTC	0	0	79.8	
NZ_OZ034984.1	25	890783 	890708 	Phe	GAA	0	0	74.3	
NZ_OZ034984.1	26	890594 	890518 	Ile	GAT	0	0	76.5	
NZ_OZ034984.1	27	853259 	853169 	Ser	GCT	0	0	85.1	
NZ_OZ034984.1	28	718081 	718005 	Arg	TCT	0	0	76.4	
NZ_OZ034984.1	29	627874 	627801 	Gly	TCC	0	0	76.2	
NZ_OZ034984.1	30	21483  	21401  	Leu	CAA	0	0	68.3	
NZ_OZ034986.1	1	107731 	107821 	Ser	GCT	0	0	78.8	
NZ_OZ034986.1	2	117021 	117095 	Sup	TCA	0	0	71.0	
NZ_OZ034986.1	3	124282 	124340 	Undet	NNN	0	0	22.5	pseudo
NZ_OZ034986.1	4	124484 	124559 	Cys	GCA	0	0	75.6	
NZ_OZ034986.1	5	124664 	124740 	Arg	ACG	0	0	76.4	
NZ_OZ034986.1	6	124742 	124818 	Pro	TGG	0	0	82.8	
NZ_OZ034986.1	7	124842 	124917 	Ala	TGC	0	0	78.0	
NZ_OZ034986.1	8	124941 	125017 	Met	CAT	0	0	63.9	
NZ_OZ034986.1	9	125028 	125104 	Ile2	CAT	0	0	78.2	
NZ_OZ034986.1	10	125127 	125216 	Ser	TGA	0	0	79.4	
NZ_OZ034986.1	11	125243 	125317 	fMet	CAT	0	0	73.3	
NZ_OZ034986.1	12	125322 	125397 	Asp	GTC	0	0	74.5	
NZ_OZ034986.1	13	133346 	133420 	Phe	GAA	0	0	68.6	
NZ_OZ034986.1	14	419360 	419435 	Val	TAC	0	0	84.7	
NZ_OZ034986.1	15	419443 	419519 	Thr	TGT	0	0	82.5	
NZ_OZ034986.1	16	419542 	419626 	Tyr	GTA	0	0	64.8	
NZ_OZ034986.1	17	419636 	419709 	Gln	TTG	0	0	72.6	
NZ_OZ034986.1	18	419726 	419800 	Lys	TTT	0	0	69.3	
NZ_OZ034986.1	19	419810 	419897 	Leu	TAA	0	0	63.4	
NZ_OZ034986.1	20	419960 	420041 	Leu	CAA	0	0	65.2	
NZ_OZ034986.1	21	424618 	424692 	Gly	TCC	0	0	60.9	
NZ_OZ034986.1	22	698645 	698719 	Asn	GTT	0	0	80.3	
NZ_OZ034986.1	23	698740 	698814 	Glu	TTC	0	0	61.2	
NZ_OZ034986.1	24	698872 	698947 	Lys	CTT	0	0	70.6	
NZ_OZ034986.1	25	698965 	699048 	Leu	TAG	0	0	62.2	
NZ_OZ034986.1	26	1330310	1330386	His	GTG	0	0	71.7	
NZ_OZ034986.1	27	1167770	1167694	Ile	GAT	0	0	87.3	
NZ_OZ034986.1	28	711123 	711048 	Arg	TCT	0	0	85.4	
NZ_OZ034992.1	1	355803 	355879 	Ile	GAT	0	0	84.5	
NZ_OZ034992.1	2	880267 	880342 	Arg	TCT	0	0	86.4	
NZ_OZ034992.1	3	1158046	1158120	Asn	GTT	0	0	77.0	
NZ_OZ034992.1	4	1158145	1158219	Glu	TTC	0	0	61.2	
NZ_OZ034992.1	5	1158276	1158351	Lys	CTT	0	0	68.8	
NZ_OZ034992.1	6	1158356	1158440	Leu	TAG	0	0	64.6	
NZ_OZ034992.1	7	1750195	1750119	His	GTG	0	0	75.5	
NZ_OZ034992.1	8	1690080	1689990	Ser	GCT	0	0	78.1	
NZ_OZ034992.1	9	1680012	1679938	Sup	TCA	0	0	69.9	
NZ_OZ034992.1	10	1666315	1666240	Cys	GCA	0	0	75.6	
NZ_OZ034992.1	11	1666132	1666056	Arg	ACG	0	0	76.4	
NZ_OZ034992.1	12	1666054	1665978	Pro	TGG	0	0	78.8	
NZ_OZ034992.1	13	1665966	1665891	Ala	TGC	0	0	79.2	
NZ_OZ034992.1	14	1665858	1665782	Met	CAT	0	0	62.6	
NZ_OZ034992.1	15	1665774	1665698	Ile2	CAT	0	0	77.6	
NZ_OZ034992.1	16	1665684	1665595	Ser	TGA	0	0	77.6	
NZ_OZ034992.1	17	1665573	1665499	fMet	CAT	0	0	65.9	
NZ_OZ034992.1	18	1665497	1665422	Asp	GTC	0	0	74.1	
NZ_OZ034992.1	19	1645810	1645735	Phe	GAA	0	0	78.4	
NZ_OZ034992.1	20	529668 	529593 	Val	TAC	0	0	85.4	
NZ_OZ034992.1	21	529585 	529509 	Thr	TGT	0	0	82.5	
NZ_OZ034992.1	22	529497 	529413 	Tyr	GTA	0	0	67.9	
NZ_OZ034992.1	23	529402 	529328 	Gln	TTG	0	0	74.8	
NZ_OZ034992.1	24	529311 	529237 	Lys	TTT	0	0	75.6	
NZ_OZ034992.1	25	529230 	529143 	Leu	TAA	0	0	67.8	
NZ_OZ034992.1	26	529077 	528996 	Leu	CAA	0	0	70.6	
NZ_OZ034992.1	27	524899 	524826 	Gly	TCC	0	0	62.1	
NZ_OZ034999.1	1	281372 	281448 	His	GTG	0	0	75.5	
NZ_OZ034999.1	2	344608 	344698 	Ser	GCT	0	0	78.1	
NZ_OZ034999.1	3	354730 	354804 	Sup	TCA	0	0	69.9	
NZ_OZ034999.1	4	374621 	374696 	Cys	GCA	0	0	75.6	
NZ_OZ034999.1	5	374804 	374880 	Arg	ACG	0	0	76.4	
NZ_OZ034999.1	6	374882 	374958 	Pro	TGG	0	0	78.8	
NZ_OZ034999.1	7	374970 	375045 	Ala	TGC	0	0	79.2	
NZ_OZ034999.1	8	375078 	375154 	Met	CAT	0	0	62.6	
NZ_OZ034999.1	9	375162 	375238 	Ile2	CAT	0	0	77.6	
NZ_OZ034999.1	10	375252 	375341 	Ser	TGA	0	0	78.5	
NZ_OZ034999.1	11	375363 	375437 	fMet	CAT	0	0	65.9	
NZ_OZ034999.1	12	375439 	375514 	Asp	GTC	0	0	74.1	
NZ_OZ034999.1	13	427927 	428003 	Ile	GAT	0	0	84.5	
NZ_OZ034999.1	14	450180 	450253 	Gly	TCC	0	0	62.1	
NZ_OZ034999.1	15	919156 	919231 	Val	TAC	0	0	85.4	
NZ_OZ034999.1	16	919239 	919315 	Thr	TGT	0	0	82.5	
NZ_OZ034999.1	17	919327 	919411 	Tyr	GTA	0	0	67.9	
NZ_OZ034999.1	18	919422 	919496 	Gln	TTG	0	0	74.8	
NZ_OZ034999.1	19	919513 	919587 	Lys	TTT	0	0	75.6	
NZ_OZ034999.1	20	919594 	919681 	Leu	TAA	0	0	67.8	
NZ_OZ034999.1	21	919747 	919828 	Leu	CAA	0	0	70.6	
NZ_OZ034999.1	22	1256026	1256101	Arg	TCT	0	0	86.4	
NZ_OZ034999.1	23	1803807	1803732	Phe	GAA	0	0	78.4	
NZ_OZ034999.1	24	1132282	1132208	Asn	GTT	0	0	77.0	
NZ_OZ034999.1	25	1132183	1132109	Glu	TTC	0	0	61.2	
NZ_OZ034999.1	26	1132052	1131977	Lys	CTT	0	0	70.6	
NZ_OZ034999.1	27	1131971	1131887	Leu	TAG	0	0	64.6	
NZ_OZ034993.1	1	286693 	286768 	Arg	TCT	0	0	86.4	
NZ_OZ034993.1	2	956954 	957030 	Ile	GAT	0	0	84.5	
NZ_OZ034993.1	3	1047967	1047892	Val	TAC	0	0	85.4	
NZ_OZ034993.1	4	1047884	1047808	Thr	TGT	0	0	82.5	
NZ_OZ034993.1	5	1047796	1047712	Tyr	GTA	0	0	67.9	
NZ_OZ034993.1	6	1047701	1047627	Gln	TTG	0	0	74.8	
NZ_OZ034993.1	7	1047608	1047534	Lys	TTT	0	0	75.6	
NZ_OZ034993.1	8	1047527	1047440	Leu	TAA	0	0	67.8	
NZ_OZ034993.1	9	1047374	1047293	Leu	CAA	0	0	62.1	
NZ_OZ034993.1	10	1040731	1040658	Gly	TCC	0	0	62.1	
NZ_OZ034993.1	11	638562 	638486 	His	GTG	0	0	75.5	
NZ_OZ034993.1	12	616645 	616555 	Ser	GCT	0	0	78.0	
NZ_OZ034993.1	13	605680 	605606 	Sup	TCA	0	0	69.9	
NZ_OZ034993.1	14	593258 	593183 	Cys	GCA	0	0	75.6	
NZ_OZ034993.1	15	593075 	592999 	Arg	ACG	0	0	76.4	
NZ_OZ034993.1	16	592997 	592921 	Pro	TGG	0	0	78.8	
NZ_OZ034993.1	17	592908 	592833 	Ala	TGC	0	0	75.9	
NZ_OZ034993.1	18	592799 	592723 	Met	CAT	0	0	62.6	
NZ_OZ034993.1	19	592715 	592639 	Ile2	CAT	0	0	77.6	
NZ_OZ034993.1	20	592625 	592536 	Ser	TGA	0	0	77.6	
NZ_OZ034993.1	21	592514 	592440 	fMet	CAT	0	0	65.9	
NZ_OZ034993.1	22	592438 	592363 	Asp	GTC	0	0	74.1	
NZ_OZ034993.1	23	573085 	573010 	Phe	GAA	0	0	78.4	
NZ_OZ034993.1	24	125989 	125915 	Asn	GTT	0	0	77.0	
NZ_OZ034993.1	25	125890 	125816 	Glu	TTC	0	0	61.2	
NZ_OZ034993.1	26	125759 	125684 	Lys	CTT	0	0	70.6	
NZ_OZ034993.1	27	125678 	125594 	Leu	TAG	0	0	64.6	
NZ_OZ034994.1	1	48019  	48182  	Leu	TAG	48131	48145	22.3	pseudo
NZ_OZ034994.1	2	55068  	55141  	Gly	TCC	0	0	76.2	
NZ_OZ034994.1	3	77710  	77785  	Asn	GTT	0	0	88.4	
NZ_OZ034994.1	4	77794  	77869  	Glu	TTC	0	0	67.8	
NZ_OZ034994.1	5	77877  	77952  	Val	TAC	0	0	78.0	
NZ_OZ034994.1	6	77960  	78035  	Thr	TGT	0	0	84.5	
NZ_OZ034994.1	7	78078  	78153  	Lys	TTT	0	0	78.7	
NZ_OZ034994.1	8	78157  	78241  	Leu	TAG	0	0	72.4	
NZ_OZ034994.1	9	87104  	87178  	Cys	GCA	0	0	64.6	
NZ_OZ034994.1	10	87326  	87402  	Arg	ACG	0	0	77.4	
NZ_OZ034994.1	11	87425  	87501  	Pro	TGG	0	0	83.1	
NZ_OZ034994.1	12	87513  	87588  	Ala	TGC	0	0	82.2	
NZ_OZ034994.1	13	87594  	87670  	Met	CAT	0	0	77.9	
NZ_OZ034994.1	14	87686  	87762  	Ile2	CAT	0	0	87.1	
NZ_OZ034994.1	15	87813  	87905  	Ser	TGA	0	0	85.5	
NZ_OZ034994.1	16	87913  	87989  	fMet	CAT	0	0	82.1	
NZ_OZ034994.1	17	87991  	88067  	Asp	GTC	0	0	79.8	
NZ_OZ034994.1	18	88072  	88147  	Phe	GAA	0	0	74.3	
NZ_OZ034994.1	19	88224  	88300  	Ile	GAT	0	0	77.0	
NZ_OZ034994.1	20	220849 	220939 	Ser	GCT	0	0	84.1	
NZ_OZ034994.1	21	404059 	404135 	Arg	TCT	0	0	84.0	
NZ_OZ034994.1	22	999060 	999144 	Leu	CAA	0	0	70.6	
NZ_OZ034994.1	23	806912 	806837 	Thr	AGT	0	0	83.5	
NZ_OZ034994.1	24	806831 	806748 	Tyr	GTA	0	0	68.7	
NZ_OZ034994.1	25	806740 	806666 	Gln	TTG	0	0	69.1	
NZ_OZ034994.1	26	806660 	806585 	Lys	TTT	0	0	78.7	
NZ_OZ034994.1	27	806572 	806484 	Leu	TAA	0	0	72.9	
NZ_OZ034994.1	28	113442 	113367 	His	GTG	0	0	69.6	
NZ_OZ034994.1	29	113051 	112976 	Sup	TCA	0	0	83.5	
NZ_OZ034994.1	30	112936 	112861 	Trp	CCA	0	0	83.3	
NZ_OZ035001.1	1	241965 	242041 	Ile	GAT	0	0	81.7	
NZ_OZ035001.1	2	242048 	242123 	Ala	TGC	0	0	80.7	
NZ_OZ035001.1	3	295562 	295637 	Val	TAC	0	0	79.8	
NZ_OZ035001.1	4	295642 	295717 	Thr	TGT	0	0	82.5	
NZ_OZ035001.1	5	295728 	295811 	Tyr	GTA	0	0	74.3	
NZ_OZ035001.1	6	295818 	295892 	Gln	TTG	0	0	69.2	
NZ_OZ035001.1	7	295903 	295978 	Lys	TTT	0	0	79.6	
NZ_OZ035001.1	8	295984 	296072 	Leu	TAA	0	0	65.5	
NZ_OZ035001.1	9	735444 	735520 	Ile2	CAT	0	0	88.8	
NZ_OZ035001.1	10	735538 	735630 	Ser	TGA	0	0	72.2	
NZ_OZ035001.1	11	735655 	735731 	fMet	CAT	0	0	78.1	
NZ_OZ035001.1	12	735735 	735810 	Asp	GTC	0	0	73.4	
NZ_OZ035001.1	13	735816 	735891 	Phe	GAA	0	0	78.0	
NZ_OZ035001.1	14	828574 	828649 	Asn	GTT	0	0	85.8	
NZ_OZ035001.1	15	828661 	828736 	Glu	TTC	0	0	73.8	
NZ_OZ035001.1	16	1249983	1249909	Trp	CCA	0	0	79.1	
NZ_OZ035001.1	17	1130760	1130687	Gly	TCC	0	0	75.3	
NZ_OZ035001.1	18	954727 	954645 	Leu	CAA	0	0	68.8	
NZ_OZ035001.1	19	931649 	931560 	Ser	GCT	0	0	84.7	
NZ_OZ035001.1	20	926971 	926896 	Sup	TCA	0	0	78.0	
NZ_OZ035001.1	21	894497 	894422 	Thr	GGT	0	0	69.7	
NZ_OZ035001.1	22	894418 	894330 	Ser	GGA	0	0	62.4	
NZ_OZ035001.1	23	836576 	836492 	Leu	TAG	0	0	70.4	
NZ_OZ035001.1	24	754378 	754321 	Undet	NNN	0	0	22.9	pseudo
NZ_OZ035001.1	25	684232 	684156 	Arg	TCT	0	0	80.6	
NZ_OZ035001.1	26	364127 	364051 	Cys	GCA	0	0	65.3	
NZ_OZ035001.1	27	362801 	362725 	Arg	ACG	0	0	77.6	
NZ_OZ035001.1	28	362711 	362635 	Pro	TGG	0	0	77.3	
NZ_OZ035001.1	29	362629 	362553 	Met	CAT	0	0	76.9	
NZ_OZ035001.1	30	314204 	314129 	His	GTG	0	0	69.0	
NZ_OZ035006.1	1	143912 	143987 	Sup	TCA	0	0	76.8	
NZ_OZ035006.1	2	551548 	551623 	Sup	TCA	0	0	76.8	
NZ_OZ035006.1	3	613077 	613152 	Sup	TCA	0	0	73.3	
NZ_OZ035006.1	4	731470 	731545 	Thr	GGT	0	0	74.1	
NZ_OZ035006.1	5	731548 	731638 	Ser	GGA	0	0	72.2	
NZ_OZ035006.1	6	792448 	792537 	Ser	GCT	0	0	84.7	
NZ_OZ035006.1	7	1081240	1081316	Cys	GCA	0	0	65.3	
NZ_OZ035006.1	8	1209704	1209761	Undet	NNN	0	0	22.9	pseudo
NZ_OZ035006.1	9	1395354	1395429	Val	TAC	0	0	79.8	
NZ_OZ035006.1	10	1395433	1395508	Thr	TGT	0	0	82.5	
NZ_OZ035006.1	11	1395519	1395601	Tyr	GTA	0	0	73.5	
NZ_OZ035006.1	12	1395608	1395682	Gln	TTG	0	0	69.2	
NZ_OZ035006.1	13	1395693	1395768	Lys	TTT	0	0	77.8	
NZ_OZ035006.1	14	1395774	1395862	Leu	TAA	0	0	65.5	
NZ_OZ035006.1	15	1496599	1496675	Arg	ACG	0	0	77.6	
NZ_OZ035006.1	16	1496689	1496765	Pro	TGG	0	0	80.7	
NZ_OZ035006.1	17	1496771	1496847	Met	CAT	0	0	71.9	
NZ_OZ035006.1	18	1585969	1586045	Ile2	CAT	0	0	88.8	
NZ_OZ035006.1	19	1586063	1586155	Ser	TGA	0	0	74.1	
NZ_OZ035006.1	20	1586180	1586256	fMet	CAT	0	0	79.2	
NZ_OZ035006.1	21	1586260	1586336	Asp	GTC	0	0	72.4	
NZ_OZ035006.1	22	1586341	1586416	Phe	GAA	0	0	78.0	
NZ_OZ035006.1	23	1595089	1595164	Asn	GTT	0	0	84.7	
NZ_OZ035006.1	24	1595172	1595247	Glu	TTC	0	0	73.8	
NZ_OZ035006.1	25	1841017	1841090	Gly	TCC	0	0	75.3	
NZ_OZ035006.1	26	1904666	1904750	Leu	TAG	0	0	72.3	
NZ_OZ035006.1	27	1487632	1487550	Leu	CAA	0	0	68.8	
NZ_OZ035006.1	28	1484450	1484368	Leu	CAA	0	0	68.8	
NZ_OZ035006.1	29	1231301	1231226	His	GTG	0	0	69.0	
NZ_OZ035006.1	30	1096177	1096102	Sup	TCA	0	0	76.8	
NZ_OZ035006.1	31	977629 	977553 	Arg	TCT	0	0	80.6	
NZ_OZ035006.1	32	140383 	140294 	Ser	GCT	0	0	84.7	
NZ_OZ035006.1	33	103238 	103164 	Trp	CCA	0	0	79.1	
NZ_OZ035006.1	34	43329  	43253  	Ile	GAT	0	0	85.3	
NZ_OZ035006.1	35	43247  	43172  	Ala	TGC	0	0	80.7	
NZ_OZ035008.1	1	137323 	137398 	Cys	GCA	0	0	75.6	
NZ_OZ035008.1	2	137506 	137582 	Arg	ACG	0	0	76.4	
NZ_OZ035008.1	3	137584 	137660 	Pro	TGG	0	0	76.9	
NZ_OZ035008.1	4	137672 	137747 	Ala	TGC	0	0	79.2	
NZ_OZ035008.1	5	137780 	137856 	Met	CAT	0	0	62.6	
NZ_OZ035008.1	6	137864 	137940 	Ile2	CAT	0	0	77.6	
NZ_OZ035008.1	7	137954 	138043 	Ser	TGA	0	0	77.6	
NZ_OZ035008.1	8	138065 	138139 	fMet	CAT	0	0	65.9	
NZ_OZ035008.1	9	138141 	138216 	Asp	GTC	0	0	74.1	
NZ_OZ035008.1	10	380898 	380974 	Ile	GAT	0	0	84.5	
NZ_OZ035008.1	11	888846 	888921 	Val	TAC	0	0	85.4	
NZ_OZ035008.1	12	888929 	889005 	Thr	TGT	0	0	82.5	
NZ_OZ035008.1	13	889017 	889101 	Tyr	GTA	0	0	67.9	
NZ_OZ035008.1	14	889112 	889186 	Gln	TTG	0	0	74.8	
NZ_OZ035008.1	15	889203 	889277 	Lys	TTT	0	0	75.6	
NZ_OZ035008.1	16	889284 	889371 	Leu	TAA	0	0	67.8	
NZ_OZ035008.1	17	889437 	889518 	Leu	CAA	0	0	70.6	
NZ_OZ035008.1	18	893517 	893590 	Gly	TCC	0	0	62.1	
NZ_OZ035008.1	19	1212737	1212812	Arg	TCT	0	0	86.4	
NZ_OZ035008.1	20	963144 	963054 	Ser	GCT	0	0	78.1	
NZ_OZ035008.1	21	954362 	954288 	Sup	TCA	0	0	69.9	
NZ_OZ035008.1	22	648552 	648478 	Asn	GTT	0	0	77.0	
NZ_OZ035008.1	23	648453 	648379 	Glu	TTC	0	0	61.2	
NZ_OZ035008.1	24	648322 	648247 	Lys	CTT	0	0	59.6	
NZ_OZ035008.1	25	648242 	648158 	Leu	TAG	0	0	64.6	
NZ_OZ035008.1	26	477683 	477608 	Phe	GAA	0	0	78.4	
NZ_OZ035008.1	27	110059 	109983 	His	GTG	0	0	75.5	
NZ_OZ035010.1	1	122535 	122611 	Ile	GAT	0	0	85.3	
NZ_OZ035010.1	2	122617 	122692 	Ala	TGC	0	0	80.7	
NZ_OZ035010.1	3	141821 	141910 	Ser	GCT	0	0	85.6	
NZ_OZ035010.1	4	146505 	146580 	Sup	TCA	0	0	76.8	
NZ_OZ035010.1	5	351788 	351863 	Asn	GTT	0	0	84.7	
NZ_OZ035010.1	6	351870 	351945 	Glu	TTC	0	0	73.8	
NZ_OZ035010.1	7	372728 	372812 	Leu	TAG	0	0	72.3	
NZ_OZ035010.1	8	429314 	429389 	Val	TAC	0	0	79.8	
NZ_OZ035010.1	9	429393 	429468 	Thr	TGT	0	0	82.5	
NZ_OZ035010.1	10	429479 	429562 	Tyr	GTA	0	0	76.7	
NZ_OZ035010.1	11	429569 	429643 	Gln	TTG	0	0	69.2	
NZ_OZ035010.1	12	429654 	429729 	Lys	TTT	0	0	79.6	
NZ_OZ035010.1	13	429735 	429823 	Leu	TAA	0	0	65.5	
NZ_OZ035010.1	14	441830 	441903 	Gly	TCC	0	0	75.3	
NZ_OZ035010.1	15	457207 	457289 	Leu	CAA	0	0	70.5	
NZ_OZ035010.1	16	1264847	1264921	Trp	CCA	0	0	79.1	
NZ_OZ035010.1	17	1161299	1161223	Cys	GCA	0	0	65.3	
NZ_OZ035010.1	18	1161059	1160983	Arg	ACG	0	0	77.6	
NZ_OZ035010.1	19	1160969	1160893	Pro	TGG	0	0	81.9	
NZ_OZ035010.1	20	1160887	1160811	Met	CAT	0	0	76.9	
NZ_OZ035010.1	21	1101824	1101748	Ile2	CAT	0	0	88.8	
NZ_OZ035010.1	22	1101730	1101638	Ser	TGA	0	0	74.1	
NZ_OZ035010.1	23	1101613	1101537	fMet	CAT	0	0	79.2	
NZ_OZ035010.1	24	1101533	1101458	Asp	GTC	0	0	73.4	
NZ_OZ035010.1	25	1101448	1101373	Phe	GAA	0	0	80.2	
NZ_OZ035010.1	26	1044674	1044598	Arg	TCT	0	0	80.6	
NZ_OZ035010.1	27	928173 	928098 	Thr	GGT	0	0	76.8	
NZ_OZ035010.1	28	928095 	928006 	Ser	GGA	0	0	74.6	
NZ_OZ035010.1	29	705280 	705223 	Undet	NNN	0	0	22.9	pseudo
NZ_OZ035010.1	30	687840 	687765 	His	GTG	0	0	69.0	
NZ_OZ035012.1	1	127483 	127559 	His	GTG	0	0	75.5	
NZ_OZ035012.1	2	1115267	1115342	Phe	GAA	0	0	78.4	
NZ_OZ035012.1	3	884740 	884665 	Val	TAC	0	0	85.4	
NZ_OZ035012.1	4	884657 	884581 	Thr	TGT	0	0	82.5	
NZ_OZ035012.1	5	884569 	884485 	Tyr	GTA	0	0	67.9	
NZ_OZ035012.1	6	884474 	884400 	Gln	TTG	0	0	74.8	
NZ_OZ035012.1	7	884383 	884309 	Lys	TTT	0	0	75.6	
NZ_OZ035012.1	8	884302 	884215 	Leu	TAA	0	0	67.8	
NZ_OZ035012.1	9	884149 	884068 	Leu	CAA	0	0	70.6	
NZ_OZ035012.1	10	776384 	776311 	Gly	TCC	0	0	62.1	
NZ_OZ035012.1	11	464426 	464351 	Arg	TCT	0	0	86.4	
NZ_OZ035012.1	12	440231 	440141 	Ser	GCT	0	0	78.1	
NZ_OZ035012.1	13	431342 	431268 	Sup	TCA	0	0	69.9	
NZ_OZ035012.1	14	409811 	409736 	Cys	GCA	0	0	75.6	
NZ_OZ035012.1	15	409628 	409552 	Arg	ACG	0	0	76.4	
NZ_OZ035012.1	16	409550 	409474 	Pro	TGG	0	0	78.8	
NZ_OZ035012.1	17	409460 	409385 	Ala	TGC	0	0	79.2	
NZ_OZ035012.1	18	409350 	409274 	Met	CAT	0	0	62.6	
NZ_OZ035012.1	19	409266 	409190 	Ile2	CAT	0	0	77.6	
NZ_OZ035012.1	20	409176 	409087 	Ser	TGA	0	0	77.6	
NZ_OZ035012.1	21	409065 	408991 	fMet	CAT	0	0	65.9	
NZ_OZ035012.1	22	408989 	408914 	Asp	GTC	0	0	74.1	
NZ_OZ035012.1	23	352907 	352831 	Ile	GAT	0	0	84.5	
NZ_OZ035012.1	24	270619 	270545 	Asn	GTT	0	0	77.0	
NZ_OZ035012.1	25	270520 	270446 	Glu	TTC	0	0	61.2	
NZ_OZ035012.1	26	270389 	270314 	Lys	CTT	0	0	71.7	
NZ_OZ035012.1	27	270308 	270224 	Leu	TAG	0	0	64.6	
NZ_CAXIQJ010000002.1	1	31239  	31314  	Val	TAC	0	0	85.4	
NZ_CAXIQJ010000002.1	2	31322  	31398  	Thr	TGT	0	0	82.5	
NZ_CAXIQJ010000002.1	3	31410  	31494  	Tyr	GTA	0	0	67.9	
NZ_CAXIQJ010000002.1	4	31505  	31579  	Gln	TTG	0	0	74.8	
NZ_CAXIQJ010000002.1	5	31596  	31670  	Lys	TTT	0	0	75.6	
NZ_CAXIQJ010000002.1	6	31677  	31764  	Leu	TAA	0	0	67.8	
NZ_CAXIQJ010000002.1	7	31830  	31911  	Leu	CAA	0	0	60.8	
NZ_CAXIQJ010000002.1	8	35830  	35903  	Gly	TCC	0	0	62.1	
NZ_CAXIQJ010000002.1	9	199238 	199314 	Ile	GAT	0	0	84.5	
NZ_CAXIQJ010000004.1	1	308585 	308661 	His	GTG	0	0	75.5	
NZ_CAXIQJ010000004.1	2	436784 	436859 	Phe	GAA	0	0	78.4	
NZ_CAXIQJ010000004.1	3	657655 	657580 	Cys	GCA	0	0	75.6	
NZ_CAXIQJ010000004.1	4	657472 	657396 	Arg	ACG	0	0	76.4	
NZ_CAXIQJ010000004.1	5	657394 	657318 	Pro	TGG	0	0	78.8	
NZ_CAXIQJ010000004.1	6	657304 	657229 	Ala	TGC	0	0	79.2	
NZ_CAXIQJ010000004.1	7	657194 	657118 	Met	CAT	0	0	62.6	
NZ_CAXIQJ010000004.1	8	657110 	657034 	Ile2	CAT	0	0	77.6	
NZ_CAXIQJ010000004.1	9	657020 	656931 	Ser	TGA	0	0	77.6	
NZ_CAXIQJ010000004.1	10	656909 	656835 	fMet	CAT	0	0	65.9	
NZ_CAXIQJ010000004.1	11	656833 	656758 	Asp	GTC	0	0	74.1	
NZ_CAXIQJ010000004.1	12	580959 	580885 	Asn	GTT	0	0	77.0	
NZ_CAXIQJ010000004.1	13	580860 	580786 	Glu	TTC	0	0	61.2	
NZ_CAXIQJ010000004.1	14	580729 	580654 	Lys	CTT	0	0	70.6	
NZ_CAXIQJ010000004.1	15	580649 	580565 	Leu	TAG	0	0	64.6	
NZ_CAXIQJ010000005.1	1	299629 	299539 	Ser	GCT	0	0	78.1	
NZ_CAXIQJ010000006.1	1	48840  	48765  	Arg	TCT	0	0	86.4	
NZ_CAXIQJ010000006.1	2	20443  	20369  	Sup	TCA	0	0	69.9	
NZ_OZ035018.1	1	136218 	136293 	His	GTG	0	0	61.0	
NZ_OZ035018.1	2	279830 	279906 	Ile	GAT	0	0	82.8	
NZ_OZ035018.1	3	279921 	279996 	Ala	TGC	0	0	83.8	
NZ_OZ035018.1	4	508915 	508991 	Arg	TCT	0	0	74.7	
NZ_OZ035018.1	5	576056 	576131 	Val	TAC	0	0	78.7	
NZ_OZ035018.1	6	576145 	576220 	Thr	TGT	0	0	80.7	
NZ_OZ035018.1	7	576226 	576309 	Tyr	GTA	0	0	70.7	
NZ_OZ035018.1	8	576324 	576398 	Gln	TTG	0	0	74.2	
NZ_OZ035018.1	9	576407 	576482 	Lys	TTT	0	0	71.6	
NZ_OZ035018.1	10	576501 	576587 	Leu	TAA	0	0	71.0	
NZ_OZ035018.1	11	576665 	576738 	Gly	TCC	0	0	76.2	
NZ_OZ035018.1	12	1135254	1135338	Leu	CAA	0	0	66.2	
NZ_OZ035018.1	13	1265851	1265761	Ser	GCT	0	0	85.0	
NZ_OZ035018.1	14	1259269	1259194	Sup	TCA	0	0	78.0	
NZ_OZ035018.1	15	1259103	1259029	Trp	CCA	0	0	76.7	
NZ_OZ035018.1	16	1259015	1258923	Ser	CGA	0	0	75.4	
NZ_OZ035018.1	17	1172562	1172487	Asn	GTT	0	0	82.6	
NZ_OZ035018.1	18	1172452	1172377	Glu	TTC	0	0	70.1	
NZ_OZ035018.1	19	1172372	1172297	Val	TAC	0	0	78.7	
NZ_OZ035018.1	20	1172282	1172207	Thr	TGT	0	0	80.7	
NZ_OZ035018.1	21	1172198	1172123	Lys	TTT	0	0	71.6	
NZ_OZ035018.1	22	1172103	1172019	Leu	TAG	0	0	70.4	
NZ_OZ035018.1	23	1131453	1131378	Cys	GCA	0	0	67.4	
NZ_OZ035018.1	24	1131339	1131263	Arg	ACG	0	0	79.0	
NZ_OZ035018.1	25	1131239	1131163	Pro	TGG	0	0	81.1	
NZ_OZ035018.1	26	1131147	1131072	Ala	TGC	0	0	83.8	
NZ_OZ035018.1	27	1131034	1130958	Met	CAT	0	0	73.2	
NZ_OZ035018.1	28	1130956	1130880	Ile2	CAT	0	0	87.9	
NZ_OZ035018.1	29	1130848	1130756	Ser	TGA	0	0	83.7	
NZ_OZ035018.1	30	1130699	1130625	fMet	CAT	0	0	75.2	
NZ_OZ035018.1	31	1130622	1130547	Asp	GTC	0	0	73.1	
NZ_OZ035018.1	32	1130541	1130466	Phe	GAA	0	0	77.3	
NZ_OZ035019.1	1	1054478	1054553	Cys	GCA	0	0	75.6	
NZ_OZ035019.1	2	1054661	1054737	Arg	ACG	0	0	76.4	
NZ_OZ035019.1	3	1054739	1054815	Pro	TGG	0	0	78.8	
NZ_OZ035019.1	4	1054829	1054904	Ala	TGC	0	0	79.2	
NZ_OZ035019.1	5	1054939	1055015	Met	CAT	0	0	62.6	
NZ_OZ035019.1	6	1055023	1055099	Ile2	CAT	0	0	77.6	
NZ_OZ035019.1	7	1055113	1055202	Ser	TGA	0	0	77.6	
NZ_OZ035019.1	8	1055224	1055298	fMet	CAT	0	0	65.9	
NZ_OZ035019.1	9	1055300	1055375	Asp	GTC	0	0	74.1	
NZ_OZ035019.1	10	1256856	1256780	His	GTG	0	0	75.5	
NZ_OZ035019.1	11	1214944	1214854	Ser	GCT	0	0	78.1	
NZ_OZ035019.1	12	1205991	1205917	Sup	TCA	0	0	69.9	
NZ_OZ035019.1	13	1126284	1126209	Phe	GAA	0	0	78.4	
NZ_OZ035019.1	14	867342 	867267 	Arg	TCT	0	0	82.2	
NZ_OZ035019.1	15	362308 	362233 	Val	TAC	0	0	85.4	
NZ_OZ035019.1	16	362225 	362149 	Thr	TGT	0	0	82.5	
NZ_OZ035019.1	17	362137 	362053 	Tyr	GTA	0	0	67.9	
NZ_OZ035019.1	18	362042 	361968 	Gln	TTG	0	0	74.8	
NZ_OZ035019.1	19	361951 	361877 	Lys	TTT	0	0	75.6	
NZ_OZ035019.1	20	361870 	361783 	Leu	TAA	0	0	67.8	
NZ_OZ035019.1	21	361717 	361636 	Leu	CAA	0	0	70.6	
NZ_OZ035019.1	22	357722 	357649 	Gly	TCC	0	0	62.1	
NZ_OZ035019.1	23	224312 	224238 	Asn	GTT	0	0	77.0	
NZ_OZ035019.1	24	224213 	224139 	Glu	TTC	0	0	61.2	
NZ_OZ035019.1	25	224082 	224007 	Lys	CTT	0	0	70.6	
NZ_OZ035019.1	26	224002 	223918 	Leu	TAG	0	0	64.6	
NZ_OZ035019.1	27	93667  	93591  	Ile	GAT	0	0	84.5	
NZ_CAXIVO010000001.1	1	184997 	185072 	Thr	GGT	0	0	76.8	
NZ_CAXIVO010000001.1	2	185075 	185164 	Ser	GGA	0	0	74.6	
NZ_CAXIVO010000001.1	3	436377 	436434 	Undet	NNN	0	0	22.9	pseudo
NZ_CAXIVO010000001.1	4	463968 	464043 	His	GTG	0	0	69.0	
NZ_CAXIVO010000001.1	5	1114230	1114304	Trp	CCA	0	0	79.1	
NZ_CAXIVO010000001.1	6	998197 	998121 	Cys	GCA	0	0	65.3	
NZ_CAXIVO010000001.1	7	997957 	997881 	Arg	ACG	0	0	77.6	
NZ_CAXIVO010000001.1	8	997867 	997791 	Pro	TGG	0	0	81.9	
NZ_CAXIVO010000001.1	9	997785 	997709 	Met	CAT	0	0	76.9	
NZ_CAXIVO010000001.1	10	938728 	938652 	Ile2	CAT	0	0	88.8	
NZ_CAXIVO010000001.1	11	938634 	938542 	Ser	TGA	0	0	74.1	
NZ_CAXIVO010000001.1	12	938517 	938441 	fMet	CAT	0	0	79.2	
NZ_CAXIVO010000001.1	13	938437 	938362 	Asp	GTC	0	0	73.4	
NZ_CAXIVO010000001.1	14	938352 	938277 	Phe	GAA	0	0	80.2	
NZ_CAXIVO010000001.1	15	881579 	881503 	Arg	TCT	0	0	80.6	
NZ_CAXIVO010000001.1	16	826266 	826191 	Asn	GTT	0	0	84.7	
NZ_CAXIVO010000001.1	17	826184 	826109 	Glu	TTC	0	0	73.8	
NZ_CAXIVO010000001.1	18	805322 	805238 	Leu	TAG	0	0	72.3	
NZ_CAXIVO010000001.1	19	748737 	748662 	Val	TAC	0	0	79.8	
NZ_CAXIVO010000001.1	20	748658 	748583 	Thr	TGT	0	0	82.5	
NZ_CAXIVO010000001.1	21	748572 	748489 	Tyr	GTA	0	0	76.7	
NZ_CAXIVO010000001.1	22	748482 	748408 	Gln	TTG	0	0	69.2	
NZ_CAXIVO010000001.1	23	748397 	748322 	Lys	TTT	0	0	79.6	
NZ_CAXIVO010000001.1	24	748316 	748228 	Leu	TAA	0	0	65.5	
NZ_CAXIVO010000001.1	25	736220 	736147 	Gly	TCC	0	0	75.3	
NZ_CAXIVO010000001.1	26	707583 	707501 	Leu	CAA	0	0	70.5	
NZ_CAXIVO010000002.1	1	146292 	146368 	Ile	GAT	0	0	85.3	
NZ_CAXIVO010000002.1	2	146374 	146449 	Ala	TGC	0	0	80.7	
NZ_CAXIVO010000002.1	3	165578 	165667 	Ser	GCT	0	0	85.6	
NZ_CAXIVO010000002.1	4	170262 	170337 	Sup	TCA	0	0	76.8	
NZ_OZ181656.1	1	119180 	119255 	Sup	TCA	0	0	72.1	
NZ_OZ181656.1	2	119352 	119427 	Sup	TCA	0	0	75.0	
NZ_OZ181656.1	3	119525 	119599 	Trp	CCA	0	0	71.0	
NZ_OZ181656.1	4	119610 	119702 	Ser	CGA	0	0	74.6	
NZ_OZ181656.1	5	271509 	271584 	His	GTG	0	0	61.3	
NZ_OZ181656.1	6	751626 	751701 	Cys	GCA	0	0	70.2	
NZ_OZ181656.1	7	751742 	751818 	Arg	ACG	0	0	73.0	
NZ_OZ181656.1	8	751841 	751917 	Pro	TGG	0	0	81.1	
NZ_OZ181656.1	9	752108 	752185 	Met	CAT	0	0	67.1	
NZ_OZ181656.1	10	752187 	752263 	Ile2	CAT	0	0	82.4	
NZ_OZ181656.1	11	752295 	752387 	Ser	TGA	0	0	85.8	
NZ_OZ181656.1	12	752438 	752512 	fMet	CAT	0	0	77.6	
NZ_OZ181656.1	13	752516 	752591 	Asp	GTC	0	0	71.3	
NZ_OZ181656.1	14	752597 	752672 	Phe	GAA	0	0	75.1	
NZ_OZ181656.1	15	1115123	1115198	Thr	TGT	0	0	77.8	
NZ_OZ181656.1	16	1115206	1115289	Tyr	GTA	0	0	72.0	
NZ_OZ181656.1	17	1115306	1115380	Gln	TTG	0	0	74.2	
NZ_OZ181656.1	18	1115385	1115460	Lys	TTT	0	0	71.6	
NZ_OZ181656.1	19	1115479	1115566	Leu	TAA	0	0	67.5	
NZ_OZ181656.1	20	1115659	1115732	Gly	TCC	0	0	76.2	
NZ_OZ181656.1	21	1223265	1223341	Arg	TCT	0	0	74.7	
NZ_OZ181656.1	22	1301554	1301630	Ile	GAT	0	0	82.8	
NZ_OZ181656.1	23	1301648	1301723	Ala	TGC	0	0	84.3	
NZ_OZ181656.1	24	845832 	845742 	Ser	GCT	0	0	83.1	
NZ_OZ181656.1	25	777556 	777472 	Leu	CAA	0	0	58.9	
NZ_OZ181656.1	26	558027 	557952 	Asn	GTT	0	0	82.6	
NZ_OZ181656.1	27	557921 	557846 	Glu	TTC	0	0	72.7	
NZ_OZ181656.1	28	557841 	557766 	Val	TAC	0	0	74.8	
NZ_OZ181656.1	29	557748 	557669 	Thr	TGT	0	0	31.8	pseudo
NZ_OZ181656.1	30	557550 	557466 	Leu	TAG	0	0	68.2	
NZ_OZ181656.1	31	327049 	326983 	Undet	NNN	0	0	23.9	pseudo
NZ_OZ183478.1	1	239188 	239262 	Gly	TCC	0	0	60.9	
NZ_OZ183478.1	2	341425 	341500 	Val	TAC	0	0	88.3	
NZ_OZ183478.1	3	341508 	341584 	Thr	TGT	0	0	82.5	
NZ_OZ183478.1	4	341608 	341692 	Tyr	GTA	0	0	64.8	
NZ_OZ183478.1	5	341702 	341775 	Gln	TTG	0	0	69.4	
NZ_OZ183478.1	6	341792 	341866 	Lys	TTT	0	0	78.4	
NZ_OZ183478.1	7	341878 	341965 	Leu	TAA	0	0	63.4	
NZ_OZ183478.1	8	342028 	342109 	Leu	CAA	0	0	65.2	
NZ_OZ183478.1	9	444444 	444518 	Asn	GTT	0	0	83.5	
NZ_OZ183478.1	10	444542 	444616 	Glu	TTC	0	0	61.2	
NZ_OZ183478.1	11	444675 	444750 	Lys	CTT	0	0	70.6	
NZ_OZ183478.1	12	444772 	444856 	Leu	TAG	0	0	62.3	
NZ_OZ183478.1	13	554699 	554774 	Arg	TCT	0	0	85.4	
NZ_OZ183478.1	14	1385999	1385923	His	GTG	0	0	73.8	
NZ_OZ183478.1	15	1330293	1330203	Ser	GCT	0	0	78.8	
NZ_OZ183478.1	16	1318984	1318910	Sup	TCA	0	0	70.0	
NZ_OZ183478.1	17	1299264	1299206	Undet	NNN	0	0	22.5	pseudo
NZ_OZ183478.1	18	1299064	1298989	Cys	GCA	0	0	75.6	
NZ_OZ183478.1	19	1298884	1298809	Arg	ACG	0	0	75.0	
NZ_OZ183478.1	20	1298807	1298731	Pro	TGG	0	0	82.8	
NZ_OZ183478.1	21	1298704	1298629	Ala	TGC	0	0	76.2	
NZ_OZ183478.1	22	1298605	1298529	Met	CAT	0	0	63.9	
NZ_OZ183478.1	23	1298518	1298442	Ile2	CAT	0	0	77.3	
NZ_OZ183478.1	24	1298419	1298330	Ser	TGA	0	0	78.5	
NZ_OZ183478.1	25	1298303	1298229	fMet	CAT	0	0	71.4	
NZ_OZ183478.1	26	1298224	1298149	Asp	GTC	0	0	74.5	
NZ_OZ183478.1	27	1288816	1288742	Phe	GAA	0	0	72.8	
NZ_OZ183478.1	28	590930 	590854 	Ile	GAT	0	0	82.4	
NZ_OZ183484.1	1	156282 	156339 	Undet	NNN	0	0	22.9	pseudo
NZ_OZ183484.1	2	174701 	174777 	Arg	TCT	0	0	80.6	
NZ_OZ183484.1	3	551766 	551842 	Cys	GCA	0	0	65.3	
NZ_OZ183484.1	4	552006 	552082 	Arg	ACG	0	0	77.6	
NZ_OZ183484.1	5	552096 	552172 	Pro	TGG	0	0	81.9	
NZ_OZ183484.1	6	552178 	552254 	Met	CAT	0	0	76.9	
NZ_OZ183484.1	7	861987 	862062 	Asn	GTT	0	0	84.7	
NZ_OZ183484.1	8	862069 	862144 	Glu	TTC	0	0	73.8	
NZ_OZ183484.1	9	937097 	937173 	Ile	GAT	0	0	85.3	
NZ_OZ183484.1	10	937179 	937254 	Ala	TGC	0	0	80.7	
NZ_OZ183484.1	11	954008 	954097 	Ser	GCT	0	0	84.7	
NZ_OZ183484.1	12	958691 	958766 	Sup	TCA	0	0	69.0	
NZ_OZ183484.1	13	970709 	970784 	Thr	GGT	0	0	76.8	
NZ_OZ183484.1	14	970787 	970876 	Ser	GGA	0	0	72.2	
NZ_OZ183484.1	15	1029889	1029973	Leu	TAG	0	0	72.3	
NZ_OZ183484.1	16	1109538	1109613	His	GTG	0	0	69.0	
NZ_OZ183484.1	17	994285 	994210 	Val	TAC	0	0	79.8	
NZ_OZ183484.1	18	994206 	994131 	Thr	TGT	0	0	83.9	
NZ_OZ183484.1	19	994120 	994037 	Tyr	GTA	0	0	76.7	
NZ_OZ183484.1	20	994030 	993956 	Gln	TTG	0	0	69.2	
NZ_OZ183484.1	21	993945 	993870 	Lys	TTT	0	0	77.8	
NZ_OZ183484.1	22	993864 	993775 	Leu	TAA	0	0	59.1	
NZ_OZ183484.1	23	615147 	615065 	Leu	CAA	0	0	64.4	
NZ_OZ183484.1	24	587522 	587446 	Ile2	CAT	0	0	88.8	
NZ_OZ183484.1	25	587428 	587336 	Ser	TGA	0	0	74.1	
NZ_OZ183484.1	26	587311 	587235 	fMet	CAT	0	0	77.3	
NZ_OZ183484.1	27	587231 	587156 	Asp	GTC	0	0	73.4	
NZ_OZ183484.1	28	587146 	587071 	Phe	GAA	0	0	74.2	
NZ_OZ183484.1	29	306625 	306552 	Gly	TCC	0	0	75.3	
NZ_OZ183484.1	30	46947  	46873  	Trp	CCA	0	0	77.2	
NZ_CAXWWA010000001.1	1	62813  	62889  	Ile	GAT	0	0	84.5	
NZ_CAXWWA010000002.1	1	8974   	9048   	Sup	TCA	0	0	69.9	
NZ_CAXWWA010000002.1	2	16036  	16110  	Asn	GTT	0	0	77.0	
NZ_CAXWWA010000002.1	3	16135  	16209  	Glu	TTC	0	0	61.2	
NZ_CAXWWA010000002.1	4	16266  	16341  	Lys	CTT	0	0	71.7	
NZ_CAXWWA010000002.1	5	16346  	16430  	Leu	TAG	0	0	64.6	
NZ_CAXWWA010000002.1	6	605934 	606009 	Cys	GCA	0	0	75.6	
NZ_CAXWWA010000002.1	7	606117 	606193 	Arg	ACG	0	0	76.4	
NZ_CAXWWA010000002.1	8	606195 	606271 	Pro	TGG	0	0	78.8	
NZ_CAXWWA010000002.1	9	606283 	606358 	Ala	TGC	0	0	79.2	
NZ_CAXWWA010000002.1	10	606391 	606467 	Met	CAT	0	0	62.6	
NZ_CAXWWA010000002.1	11	606477 	606553 	Ile2	CAT	0	0	77.6	
NZ_CAXWWA010000002.1	12	606567 	606656 	Ser	TGA	0	0	77.6	
NZ_CAXWWA010000002.1	13	606678 	606752 	fMet	CAT	0	0	65.9	
NZ_CAXWWA010000002.1	14	606754 	606829 	Asp	GTC	0	0	74.1	
NZ_CAXWWA010000002.1	15	623208 	623283 	Phe	GAA	0	0	78.4	
NZ_CAXWWA010000002.1	16	898487 	898412 	Arg	TCT	0	0	86.4	
NZ_CAXWWA010000002.1	17	507380 	507304 	His	GTG	0	0	75.5	
NZ_CAXWWA010000003.1	1	156826 	156901 	Val	TAC	0	0	85.4	
NZ_CAXWWA010000003.1	2	156909 	156985 	Thr	TGT	0	0	82.5	
NZ_CAXWWA010000003.1	3	156997 	157081 	Tyr	GTA	0	0	67.9	
NZ_CAXWWA010000003.1	4	157092 	157166 	Gln	TTG	0	0	74.8	
NZ_CAXWWA010000003.1	5	157183 	157257 	Lys	TTT	0	0	75.6	
NZ_CAXWWA010000003.1	6	157267 	157354 	Leu	TAA	0	0	67.8	
NZ_CAXWWA010000003.1	7	157419 	157500 	Leu	CAA	0	0	70.6	
NZ_CAXWWA010000003.1	8	162085 	162158 	Gly	TCC	0	0	62.1	
NZ_CAXWWA010000003.1	9	219197 	219107 	Ser	GCT	0	0	78.1	
NZ_OZ195517.1	1	397841 	397917 	His	GTG	0	0	69.4	
NZ_OZ195517.1	2	420133 	420223 	Ser	GCT	0	0	78.1	
NZ_OZ195517.1	3	428344 	428418 	Sup	TCA	0	0	69.9	
NZ_OZ195517.1	4	442748 	442823 	Cys	GCA	0	0	75.6	
NZ_OZ195517.1	5	442931 	443007 	Arg	ACG	0	0	76.4	
NZ_OZ195517.1	6	443009 	443085 	Pro	TGG	0	0	78.8	
NZ_OZ195517.1	7	443097 	443172 	Ala	TGC	0	0	77.4	
NZ_OZ195517.1	8	443205 	443281 	Met	CAT	0	0	62.6	
NZ_OZ195517.1	9	443289 	443365 	Ile2	CAT	0	0	77.6	
NZ_OZ195517.1	10	443379 	443468 	Ser	TGA	0	0	77.6	
NZ_OZ195517.1	11	443490 	443564 	fMet	CAT	0	0	65.9	
NZ_OZ195517.1	12	443566 	443641 	Asp	GTC	0	0	72.9	
NZ_OZ195517.1	13	471793 	471868 	Phe	GAA	0	0	78.4	
NZ_OZ195517.1	14	639257 	639331 	Asn	GTT	0	0	77.0	
NZ_OZ195517.1	15	639356 	639430 	Glu	TTC	0	0	61.2	
NZ_OZ195517.1	16	639487 	639562 	Lys	CTT	0	0	68.6	
NZ_OZ195517.1	17	639567 	639651 	Leu	TAG	0	0	64.6	
NZ_OZ195517.1	18	839779 	839704 	Val	TAC	0	0	85.4	
NZ_OZ195517.1	19	839696 	839620 	Thr	TGT	0	0	82.5	
NZ_OZ195517.1	20	839608 	839524 	Tyr	GTA	0	0	67.9	
NZ_OZ195517.1	21	839513 	839439 	Gln	TTG	0	0	74.8	
NZ_OZ195517.1	22	839422 	839348 	Lys	TTT	0	0	75.6	
NZ_OZ195517.1	23	839341 	839254 	Leu	TAA	0	0	67.8	
NZ_OZ195517.1	24	839188 	839107 	Leu	CAA	0	0	70.6	
NZ_OZ195517.1	25	834230 	834157 	Gly	TCC	0	0	62.1	
NZ_OZ195517.1	26	504703 	504628 	Arg	TCT	0	0	86.4	
NZ_OZ195517.1	27	101746 	101670 	Ile	GAT	0	0	84.5	
NZ_CBCXVU010000002.1	1	413309 	413393 	Leu	CAA	0	0	66.2	
NZ_CBCXVU010000002.1	2	857796 	857871 	His	GTG	0	0	62.6	
NZ_CBCXVU010000002.1	3	1041604	1041680	Ile	GAT	0	0	82.8	
NZ_CBCXVU010000002.1	4	1041697	1041772	Ala	TGC	0	0	83.8	
NZ_CBCXVU010000002.1	5	1292932	1293008	Arg	TCT	0	0	74.7	
NZ_CBCXVU010000002.1	6	1319178	1319253	Thr	TGT	0	0	82.5	
NZ_CBCXVU010000002.1	7	1319259	1319342	Tyr	GTA	0	0	70.7	
NZ_CBCXVU010000002.1	8	1319358	1319432	Gln	TTG	0	0	71.5	
NZ_CBCXVU010000002.1	9	1319440	1319515	Lys	TTT	0	0	71.6	
NZ_CBCXVU010000002.1	10	1319532	1319618	Leu	TAA	0	0	71.0	
NZ_CBCXVU010000002.1	11	1319696	1319769	Gly	TCC	0	0	76.2	
NZ_CBCXVU010000002.1	12	611769 	611679 	Ser	GCT	0	0	87.4	
NZ_CBCXVU010000002.1	13	562733 	562658 	Sup	TCA	0	0	75.0	
NZ_CBCXVU010000002.1	14	562563 	562489 	Trp	CCA	0	0	73.5	
NZ_CBCXVU010000002.1	15	562475 	562383 	Ser	CGA	0	0	75.0	
NZ_CBCXVU010000002.1	16	486891 	486816 	Asn	GTT	0	0	82.6	
NZ_CBCXVU010000002.1	17	486781 	486706 	Glu	TTC	0	0	69.2	
NZ_CBCXVU010000002.1	18	486701 	486626 	Val	TAC	0	0	82.9	
NZ_CBCXVU010000002.1	19	486610 	486535 	Thr	TGT	0	0	80.7	
NZ_CBCXVU010000002.1	20	486526 	486451 	Lys	TTT	0	0	71.6	
NZ_CBCXVU010000002.1	21	486432 	486348 	Leu	TAG	0	0	70.4	
NZ_CBCXVU010000002.1	22	398271 	398196 	Cys	GCA	0	0	67.4	
NZ_CBCXVU010000002.1	23	398157 	398081 	Arg	ACG	0	0	79.0	
NZ_CBCXVU010000002.1	24	398057 	397981 	Pro	TGG	0	0	79.2	
NZ_CBCXVU010000002.1	25	397965 	397890 	Ala	TGC	0	0	83.8	
NZ_CBCXVU010000002.1	26	397855 	397779 	Met	CAT	0	0	73.2	
NZ_CBCXVU010000002.1	27	397777 	397701 	Ile2	CAT	0	0	87.9	
NZ_CBCXVU010000002.1	28	397669 	397577 	Ser	TGA	0	0	83.8	
NZ_CBCXVU010000002.1	29	396369 	396294 	fMet	CAT	0	0	75.5	
NZ_CBCXVU010000002.1	30	396291 	396216 	Asp	GTC	0	0	72.3	
NZ_CBCXVU010000002.1	31	396210 	396135 	Phe	GAA	0	0	75.4	
NZ_OZ373019.1	1	615333 	615407 	Asn	GTT	0	0	77.0	
NZ_OZ373019.1	2	615432 	615506 	Glu	TTC	0	0	61.2	
NZ_OZ373019.1	3	615563 	615638 	Lys	CTT	0	0	70.6	
NZ_OZ373019.1	4	615644 	615728 	Leu	TAG	0	0	64.6	
NZ_OZ373019.1	5	1094309	1094384	Phe	GAA	0	0	78.4	
NZ_OZ373019.1	6	1123168	1123243	Val	TAC	0	0	85.4	
NZ_OZ373019.1	7	1123251	1123327	Thr	TGT	0	0	82.5	
NZ_OZ373019.1	8	1123339	1123423	Tyr	GTA	0	0	67.9	
NZ_OZ373019.1	9	1123434	1123508	Gln	TTG	0	0	72.2	
NZ_OZ373019.1	10	1123525	1123599	Lys	TTT	0	0	75.6	
NZ_OZ373019.1	11	1123606	1123693	Leu	TAA	0	0	67.8	
NZ_OZ373019.1	12	1123759	1123840	Leu	CAA	0	0	67.3	
NZ_OZ373019.1	13	1127975	1128048	Gly	TCC	0	0	62.1	
NZ_OZ373019.1	14	1584393	1584317	Ile	GAT	0	0	84.5	
NZ_OZ373019.1	15	1488401	1488325	His	GTG	0	0	73.1	
NZ_OZ373019.1	16	1454938	1454848	Ser	GCT	0	0	78.1	
NZ_OZ373019.1	17	1446067	1445993	Sup	TCA	0	0	69.9	
NZ_OZ373019.1	18	1432749	1432674	Cys	GCA	0	0	75.6	
NZ_OZ373019.1	19	1432566	1432490	Arg	ACG	0	0	76.4	
NZ_OZ373019.1	20	1432488	1432412	Pro	TGG	0	0	78.8	
NZ_OZ373019.1	21	1432400	1432325	Ala	TGC	0	0	79.2	
NZ_OZ373019.1	22	1432292	1432216	Met	CAT	0	0	62.6	
NZ_OZ373019.1	23	1432208	1432132	Ile2	CAT	0	0	77.6	
NZ_OZ373019.1	24	1432118	1432029	Ser	TGA	0	0	77.6	
NZ_OZ373019.1	25	1432007	1431933	fMet	CAT	0	0	65.9	
NZ_OZ373019.1	26	1431931	1431856	Asp	GTC	0	0	74.1	
NZ_OZ373019.1	27	907468 	907393 	Arg	TCT	0	0	86.4	
NZ_OZ389573.1	1	659831 	659906 	Val	TAC	0	0	76.2	
NZ_OZ389573.1	2	659919 	659994 	Thr	TGT	0	0	79.6	
NZ_OZ389573.1	3	660001 	660084 	Tyr	GTA	0	0	70.7	
NZ_OZ389573.1	4	660100 	660174 	Gln	TTG	0	0	71.1	
NZ_OZ389573.1	5	660179 	660254 	Lys	TTT	0	0	76.8	
NZ_OZ389573.1	6	660271 	660357 	Leu	TAA	0	0	71.0	
NZ_OZ389573.1	7	660444 	660517 	Gly	TCC	0	0	75.9	
NZ_OZ389573.1	8	990615 	990691 	Arg	TCT	0	0	77.0	
NZ_OZ389573.1	9	1804529	1804613	Leu	CAA	0	0	66.2	
NZ_OZ389573.1	10	2326939	2327014	Sup	TCA	0	0	78.3	
NZ_OZ389573.1	11	2327096	2327170	Trp	CCA	0	0	69.0	
NZ_OZ389573.1	12	2327182	2327274	Ser	CGA	0	0	75.0	
NZ_OZ389573.1	13	2102698	2102608	Ser	GCT	0	0	82.2	
NZ_OZ389573.1	14	2028649	2028574	His	GTG	0	0	64.6	
NZ_OZ389573.1	15	2001923	2001848	Asn	GTT	0	0	80.6	
NZ_OZ389573.1	16	2001814	2001739	Glu	TTC	0	0	69.2	
NZ_OZ389573.1	17	2001734	2001659	Val	TAC	0	0	83.4	
NZ_OZ389573.1	18	2001642	2001567	Thr	TGT	0	0	74.8	
NZ_OZ389573.1	19	2001558	2001483	Lys	TTT	0	0	74.8	
NZ_OZ389573.1	20	2001465	2001381	Leu	TAG	0	0	71.3	
NZ_OZ389573.1	21	1800813	1800738	Cys	GCA	0	0	68.5	
NZ_OZ389573.1	22	1800696	1800620	Arg	ACG	0	0	77.2	
NZ_OZ389573.1	23	1800597	1800521	Pro	TGG	0	0	81.1	
NZ_OZ389573.1	24	1800504	1800429	Ala	TGC	0	0	82.9	
NZ_OZ389573.1	25	1800397	1800321	Met	CAT	0	0	74.5	
NZ_OZ389573.1	26	1800319	1800243	Ile2	CAT	0	0	87.9	
NZ_OZ389573.1	27	1800210	1800118	Ser	TGA	0	0	83.4	
NZ_OZ389573.1	28	1800067	1799993	fMet	CAT	0	0	78.6	
NZ_OZ389573.1	29	1799990	1799915	Asp	GTC	0	0	71.3	
NZ_OZ389573.1	30	1799909	1799834	Phe	GAA	0	0	75.1	
NZ_OZ389573.1	31	1617391	1617315	Ile	GAT	0	0	81.9	
NZ_OZ389573.1	32	1617296	1617221	Ala	TGC	0	0	83.8	
